:020000040800F2
:1000000000000220E5A901084BA8010859A8010831
:100010005FA8010865A801086BA80108000000009E
:100020000000000000000000000000005161000816
:1000300071A801080000000091630008B98101085F
:10004000A981010835AA010835AA010835AA0108C5
:1000500035AA010835AA01083B7C0008657C000828
:100060008F7C0008B97C0008E37C000835AA0108F1
:1000700035AA010835AA010835AA010835AA0108E0
:1000800035AA010835AA010835AA010835AA0108D0
:1000900035AA010835AA010835AA01080D7D000816
:1000A00059900008D98B00088D90000835AA0108E6
:1000B000358C0008198D0008ED8D000835AA01085F
:1000C00035AA010835AA010835AA010835AA010890
:1000D00035AA0108959E0008E19E00082D9F0008A2
:1000E000C77D000835AA010835AA0108C19000089B
:1000F000FD8F0008F590000835AA010835AA01080F
:1001000035AA010835AA0108C18E000835AA0108E0
:10011000799F0008C59F0008958F0008C98F0008C7
:1001200035AA010835AA010835AA010835AA01082F
:1001300035AA0108D174000835AA010835AA0108BA
:1001400035AA010835AA010835AA0108598601080F
:1001500035AA010835AA010835AA010811A000082E
:1001600035AA010835AA010835AA010835AA0108EF
:1001700035AA010835AA010835AA010800000000C7
:0801800035AA010835AA0108A7
:1001900081F0004102E000BF83F0004330B54FEA38
:1001A00041044FEA430594EA050F08BF90EA020FA5
:1001B0001FBF54EA000C55EA020C7FEA645C7FEA38
:1001C000655C00F0E2804FEA5454D4EB5555B8BF5B
:1001D0006D420CDD2C4480EA020281EA030382EACC
:1001E000000083EA010180EA020281EA0303362D5E
:1001F00088BF30BD11F0004F4FEA01314FF4801C31
:100200004CEA113102D0404261EB410113F0004F42
:100210004FEA03334CEA133302D0524263EB4303F9
:1002200094EA050F00F0A780A4F10104D5F1200E97
:100230000DDB02FA0EFC22FA05F2801841F10001F2
:1002400003FA0EF2801843FA05F359410EE0A5F1C6
:1002500020050EF1200E012A03FA0EFC28BF4CF0F7
:10026000020C43FA05F3C01851EBE37101F00045AD
:1002700007D54FF0000EDCF1000C7EEB00006EEBBA
:100280000101B1F5801F1BD3B1F5001F0CD3490844
:100290005FEA30004FEA3C0C04F101044FEA44529B
:1002A00012F5800F80F09A80BCF1004F08BF5FEA22
:1002B000500C50F1000041EB045141EA050130BD02
:1002C0005FEA4C0C404141EB0101013C28BFB1F514
:1002D000801FE9D291F0000F04BF01460020B1FA5F
:1002E00081F308BF2033A3F10B03B3F120020CDA32
:1002F0000C3208DD02F1140CC2F10C0201FA0CF010
:1003000021FA02F10CE002F11402D8BFC2F1200C74
:1003100001FA02F120FA0CFCDCBF41EA0C0190402A
:10032000E41AA2BF01EB0451294330BD6FEA040473
:100330001F3C1CDA0C340EDC04F11404C4F120025E
:1003400020FA04F001FA02F340EA030021FA04F370
:1003500045EA030130BDC4F10C04C4F1200220FAC7
:1003600002F001FA04F340EA0300294630BD21FA05
:1003700004F0294630BD94F0000F83F4801306BFCB
:1003800081F480110134013D4EE77FEA645C18BFBF
:100390007FEA655C29D094EA050F08BF90EA020F56
:1003A00005D054EA000C04BF1946104630BD91EA4E
:1003B000030F1EBF0021002030BD5FEA545C05D151
:1003C0004000494128BF41F0004130BD14F5800490
:1003D0003CBF01F5801130BD01F0004545F0FE4104
:1003E00041F470014FF0000030BD7FEA645C1ABF39
:1003F000194610467FEA655C1CBF0B46024650EA70
:10040000013406BF52EA033591EA030F41F400219B
:1004100030BD00BF90F0000F04BF0021704730B521
:100420004FF4806404F132044FF000054FF00001F6
:1004300050E700BF90F0000F04BF0021704730B5B7
:100440004FF4806404F1320410F0004548BF40428C
:100450004FF000013EE700BF42004FEAE2014FEAE1
:1004600031014FEA02701FBF12F07F4393F07F4FBC
:1004700081F06051704732F07F4208BF704793F0BF
:100480007F4F04BF41F40021704730B54FF46074D2
:1004900001F0004521F000411CE700BF50EA0102D5
:1004A00008BF704730B54FF000050AE050EA01027E
:1004B00008BF704730B511F0004502D5404261EBEE
:1004C00041014FF4806404F132045FEA915C3FF42F
:1004D000D8AE4FF003025FEADC0C18BF03325FEACC
:1004E000DC0C18BF033202EBDC02C2F1200300FA7D
:1004F00003FC20FA02F001FA03FE40EA0E0021FAA2
:1005000002F11444BDE600BF70B54FF0FF0C4CF48F
:10051000E06C1CEA11541DBF1CEA135594EA0C0F41
:1005200095EA0C0F00F0DEF82C4481EA030621EA7C
:100530004C5123EA4C5350EA013518BF52EA0335B7
:1005400041F4801143F4801338D0A0FB02CE4FF069
:100550000005E1FB02E506F00042E0FB03E54FF099
:100560000006E1FB03569CF0000F18BF4EF0010E91
:10057000A4F1FF04B6F5007F64F5407404D25FEA8D
:100580004E0E6D4146EB060642EAC62141EA555140
:100590004FEAC52040EA5E504FEACE2EB4F1FD0C82
:1005A00088BFBCF5E06F1ED8BEF1004F08BF5FEA00
:1005B000500E50F1000041EB045170BD06F00046B2
:1005C00046EA010140EA020081EA0301B4EB5C045F
:1005D000C2BFD4EB0C0541EA045170BD41F4801157
:1005E0004FF0000E013C00F3AB8014F1360FDEBF7C
:1005F000002001F0004170BDC4F10004203C35DA58
:100600000C341BDC04F11404C4F1200500FA05F3DA
:1006100020FA04F001FA05F240EA020001F000427B
:1006200021F0004110EBD37021FA04F642EB0601F1
:100630005EEA430E08BF20EAD37070BDC4F10C041B
:10064000C4F1200500FA04F320FA05F001FA04F2DF
:1006500040EA020001F0004110EBD37041F10001CB
:100660005EEA430E08BF20EAD37070BDC4F12005D6
:1006700000FA05F24EEA020E20FA04F301FA05F23E
:1006800043EA020321FA04F001F0004121FA04F2E6
:1006900020EA020000EBD3705EEA430E08BF20EAB6
:1006A000D37070BD94F0000F0FD101F000464000F0
:1006B00041EB010111F4801F08BF013CF7D041EA72
:1006C000060195F0000F18BF704703F00046520076
:1006D00043EB030313F4801F08BF013DF7D043EA47
:1006E0000603704794EA0C0F0CEA135518BF95EAFD
:1006F0000C0F0CD050EA410618BF52EA4306D1D184
:1007000081EA030101F000414FF0000070BD50EAA2
:10071000410606BF1046194652EA430619D094EA2C
:100720000C0F02D150EA013613D195EA0C0F05D116
:1007300052EA03361CBF104619460AD181EA03016A
:1007400001F0004141F0FE4141F470014FF0000022
:1007500070BD41F0FE4141F4780170BD70B54FF0BD
:10076000FF0C4CF4E06C1CEA11541DBF1CEA13553D
:1007700094EA0C0F95EA0C0F00F0A7F8A4EB05041F
:1007800081EA030E52EA03354FEA013100F0888016
:100790004FEA03334FF0805545EA131343EA1263DF
:1007A0004FEA022245EA111545EA10654FEA002694
:1007B0000EF000419D4208BF964244F1FD0404F54D
:1007C000407402D25B084FEA3202B61A65EB0305A9
:1007D0005B084FEA32024FF480104FF4002CB6EB66
:1007E000020E75EB030E22BFB61A754640EA0C00E6
:1007F0005B084FEA3202B6EB020E75EB030E22BF26
:10080000B61A754640EA5C005B084FEA3202B6EB66
:10081000020E75EB030E22BFB61A754640EA9C0025
:100820005B084FEA3202B6EB020E75EB030E22BFF5
:10083000B61A754640EADC0055EA060E18D04FEAB3
:10084000051545EA16754FEA06164FEAC30343EA53
:1008500052734FEAC2025FEA1C1CC0D111F4801F20
:100860000BD141EA00014FF000004FF0004CB6E719
:1008700011F4801F04BF01430020B4F1FD0C88BFB8
:10088000BCF5E06F3FF6AFAEB5EB030C04BFB6EBC3
:10089000020C5FEA500C50F1000041EB045170BDB6
:1008A0000EF0004E4EEA113114EB5C04C2BFD4EBE3
:1008B0000C0541EA045170BD41F480114FF0000E67
:1008C000013C90E645EA060E8DE60CEA135594EAE3
:1008D0000C0F08BF95EA0C0F3FF43BAF94EA0C0FE6
:1008E0000AD150EA01347FF434AF95EA0C0F7FF45B
:1008F00025AF104619462CE795EA0C0F06D152EAAF
:1009000003353FF4FDAE1046194622E750EA410692
:1009100018BF52EA43067FF4C5AE50EA41047FF4A3
:100920000DAF52EA43057FF4EBAE12E74FF0FF3C08
:1009300006E000BF4FF0010C02E000BF4FF0010CD9
:100940004DF804CD4FEA410C7FEA6C5C4FEA430C52
:1009500018BF7FEA6C5C1BD001B050EA410C0CBFA1
:1009600052EA430C91EA030F02BF90EA020F002003
:10097000704710F1000F91EA030F58BF994208BF6A
:1009800090422CBFD8176FEAE37040F00100704727
:100990004FEA410C7FEA6C5C02D150EA013C07D17E
:1009A0004FEA430C7FEA6C5CD6D152EA033CD3D0C9
:1009B0005DF8040B704700BF8446104662468C46C3
:1009C0001946634600E000BF01B5FFF7B7FF0028F6
:1009D00048BF10F1000F01BD4DF808EDFFF7F4FF1F
:1009E0000CBF012000205DF808FB00BF4DF808EDAA
:1009F000FFF7EAFF34BF012000205DF808FB00BFCD
:100A00004DF808EDFFF7E0FF94BF012000205DF8EE
:100A100008FB00BF4DF808EDFFF7CEFF94BF0120A3
:100A200000205DF808FB00BF4DF808EDFFF7C4FF9C
:100A300034BF012000205DF808FB00BF4FEA410CE5
:100A40007FEA6C5C02D150EA013C0AD14FEA430CC8
:100A50007FEA6C5C02D152EA033C02D14FF0000005
:100A600070474FF0010070474FEA410212F5001243
:100A700015D211D56FF47873B3EB625212D94FEAE5
:100A8000C12343F0004343EA505311F0004F23FACF
:100A900002F018BF404270474FF00000704750EA24
:100AA000013005D111F0004008BF6FF000407047E1
:100AB0004FF00000704700BF00F1340191E83800AA
:100AC0009C46A6464CF8045D90E8FF0FE54600BD45
:100AD00090EC210B704700BF80EC210B704700BFEA
:100AE00090EC200B704700BF80EC200B704700BFDC
:100AF000D0EC200B704700BFC0EC200B704700BF4C
:100B0000F0EC0201F0EC0211F0EC0221F0EC023109
:100B1000F0EC0241F0EC0251F0EC0261F0EC0271F9
:100B2000F0EC0281F0EC0291F0EC02A1F0EC02B1E9
:100B3000F0EC02C1F0EC02D1F0EC02E1F0EC02F1D9
:100B4000704700BFE0EC0201E0EC0211E0EC022192
:100B5000E0EC0231E0EC0241E0EC0251E0EC026139
:100B6000E0EC0271E0EC0281E0EC0291E0EC02A129
:100B7000E0EC02B1E0EC02C1E0EC02D1E0EC02E119
:100B8000E0EC02F1704700BFB0FC0181B0FC0191C4
:100B9000B0FC01A1B0FC01B1704700BFA0FC018115
:100BA000A0FC0191A0FC01A1A0FC01B1704700BF15
:100BB000EC4600B52DE900502DE9FF1F4FF0000372
:100BC0002DE90C0001A91BF0A1FEDDF840E012B0F8
:100BD000704700BFEC4600B52DE900502DE9FF1F1E
:100BE0004FF000032DE90C0001A91BF0CDFEDDF84C
:100BF00040E012B0704700BFEC4600B52DE9005050
:100C00002DE9FF1F4FF000032DE90C0001A91BF097
:100C1000DDFEDDF840E012B0704700BFEC4600B5E5
:100C20002DE900502DE9FF1F4FF000032DE90C00C6
:100C300001AB1BF0A1FEDDF840E012B0704700BF31
:100C4000EC4600B52DE900502DE9FF1F4FF00003E1
:100C50002DE90C0001AA1BF017FFDDF840E012B0EF
:100C6000704700BF10F8012B11F8013B012A28BF83
:100C70009A42F7D0D01A7047000000000000000030
:100C800001F0FF01102A2BDB10F0070F08D010F83D
:100C9000013B013A8B422DD010F0070F42B3F6D141
:100CA000F0B441EA012141EA014122F007047FF05A
:100CB00000070023F0E80256083C85EA010586EAB1
:100CC000010685FA47F5A3FA87F586FA47F6A5FAED
:100CD00087F68EB9EED1F0BC01F0FF0102F00702F9
:100CE00032B110F8013B013A83EA010313B1F8D1A4
:100CF0000020704701387047002D06BF3546033885
:100D0000073815F0010F07D1013015F4807F02BFBD
:100D1000013015F4C03F0130F0BC0138704700BF0E
:100D2000034613F8012B002AFBD1181A013870472B
:100D30000348044B834202D0034B03B1184770476A
:100D40002802002028020020000000000548064B71
:100D50001B1AD90F01EBA301491002D0034B03B1B9
:100D600018477047280200202802002000000000D9
:100D700010B5064C237843B9FFF7DAFF044B13B1E3
:100D80000448AFF300800123237010BD400200200F
:100D900000000000C408020808B5054B1BB1054956
:100DA0000548AFF30080BDE80840FFF7CFBF00BFA4
:100DB0000000000044020020C408020880B582B090
:100DC00000AF786039607B6818461AF0F9FF7B68DD
:100DD00000221A767B6800225A76104B1B7819463F
:100DE0000F4A3B6842F821300C4B1A787B681A7620
:100DF0007B6800225A76094B1B780133DAB2074B25
:100E00001A70064B1B78022B02D9044B00221A7071
:100E10007B6818460837BD4680BD00BF5C020020D5
:100E20006C02002090B583B000AF78607B681B7EB9
:100E30001A462F4B53F82230002B53D07B681B7E71
:100E40007A68127E11463033D8B22A4A0B465B00CC
:100E50000B44134402461A707B681B7E1946254AD0
:100E60000B465B000B44134401333A221A707B6833
:100E70001B7E19461F4A0B465B000B44134402338A
:100E800000221A701C4B1B781C464FF40D71002079
:100E900017F0AEFB0346194A42F824307B681B7EEC
:100EA0001A46164B53F822007B681B7E1A461346DF
:100EB0005B0013440F4A13440122194600F002FD5F
:100EC0000346002B14BF01230023DBB2002B03D009
:100ED0007B6800225A7602E07B6801225A767B68A2
:100EE0005B7E00E0002318460C37BD4690BD00BF76
:100EF0006C020020600200205C02002078020020CA
:100F000080B584B000AF0346FB710023FB730EE095
:100F1000FA7B124913465B0013440B441B78A3F180
:100F20003002FB799A4206D0FB7B0133FB73FB7BDB
:100F3000022BEDD900E000BFFB7B032B01D1002386
:100F400008E0FB7B064A52F82330184614F0B3F849
:100F5000034600BF18461037BD4680BD6002002022
:100F60006C02002090B587B000AFB9607A603B603A
:100F70000346FB730023FB750EE0FA7D1A49134606
:100F80005B0013440B441B78A3F13002FB7B9A42B5
:100F900006D0FB7D0133FB75FB7D022BEDD900E014
:100FA00000BFFB7D032B01D1002319E0FB7D0F4A1D
:100FB00052F82300FB7D0D4A52F823301B68203382
:100FC0001C683B68BA687968A0470346002BCCBF11
:100FD00001230023DBB2002B01D0012300E000231A
:100FE00018461C37BD4690BD600200206C020020F0
:100FF00090B587B000AFB9607A603B600346FB7381
:101000000023FB750EE0FA7D154913465B0013447F
:101010000B441B78A3F13002FB7B9A4206D0FB7D88
:101020000133FB75FB7D022BEDD900E000BFFB7D9A
:10103000032B01D100230FE0FB7D0A4A52F8230065
:10104000FB7D084A52F823301B6824331C683B6838
:10105000BA687968A047012318461C37BD4690BD81
:10106000600200206C02002080B582B000AF034611
:10107000FB71FB791846FFF743FF0346002B01D0B5
:10108000002300E0012318460837BD4680BD80B428
:1010900083B000AF0346FB71002318460C37BD46F2
:1010A0005DF8047B704780B584B000AFB9607A60AA
:1010B0003B600346FB733B68002B01D104230BE02C
:1010C000F87B3B687A68B968FFF792FF0346002B0C
:1010D00001D0002300E0012318461037BD4680BD33
:1010E00080B586B000AFB9607A603B600346FB73A1
:1010F0000023FB753B68002B01D104230BE0F87B38
:101100003B687A68B968FFF72DFF0346002B01D0D2
:10111000002300E0012318461837BD4680BD80B586
:1011200084B000AF78607B681B79002B33D07B687C
:101130001B6BFB607B6858787B6803F134010123EB
:10114000FA68FFF7CDFF0346002B01D0012323E00F
:101150007B6800221A717B685B6AFA68D21A7B6826
:10116000DB699A4217D27B68DB78BB6010E07B6852
:10117000DB69FA681344FB607B6858787B6803F18D
:1011800034010123FA68FFF7ABFFBB68013BBB608A
:10119000BB68012BEBD8002318461037BD4680BD35
:1011A00080B582B000AF786039607B681B6B3A68AD
:1011B0009A4218D07868FFF7B2FF0346002B01D09F
:1011C000012311E07B6858787B6803F13401012327
:1011D0003A68FFF768FF0346002B01D0012303E0C4
:1011E0007B683A681A63002318460837BD4680BDFD
:1011F00080B487B000AF78604FF0FF333B617B680D
:101200001B68002B32D07B681B687B6102E07B6926
:1012100001337B617B691B781F2B03D97B691B78AA
:101220003A2BF4D17B691B783A2B1CD17B681B6865
:10123000FB60FB685A1CFA601B78303BBB60BB68E4
:10124000092B0ED8FA687B699A420AD1BB68022B37
:1012500007D8BB683B617B6901337B617B687A6936
:101260001A603B6903E0054B1B783B613B691846FC
:101270001C37BD465DF8047B704700BF920200201A
:1012800080B582B000AF786039607B6800221A7147
:101290007B684FF0FF321A6339687868FFF780FF88
:1012A0000346002B01D003234BE07B6803F232237B
:1012B00001331B781BB21B021AB27B6893F83232DF
:1012C0001BB213431BB2214A934201D0022338E0E0
:1012D0007B686A3303331B781A067B686A330233F0
:1012E0001B781B041A437B686A3301331B781B028B
:1012F00013437A6892F86A20134323F07F43144A19
:10130000934201D100231CE07B68863303331B78B2
:101310001A067B68863302331B781B041A437B68EA
:10132000863301331B781B0213437A6892F88620B8
:10133000134323F07F43064A934201D1002300E088
:10134000012318460837BD4680BD00BF55AAFFFFE0
:101350004641540080B596B000AFF860B9601346BE
:10136000FB71FB6800221A60B868FFF741FFF86361
:10137000FB6B002B01DA0B2397E29B4AFB6B52F8C5
:101380002330BB63BB6B002B01D10C238DE2FB68C8
:10139000BA6B1A60BB6B1B78002B1AD0BB6B5B78E7
:1013A0001846FFF774FE034687F8373097F8373052
:1013B00003F00103002B0CD1FB79002B07D097F829
:1013C000373003F00403002B01D00A236DE2002321
:1013D0006BE2BB6B00221A70FB6BDAB2BB6B5A700C
:1013E000BB6B5B781846FFF73FFE034687F8373044
:1013F00097F8373003F00103002B01D0032354E2A8
:10140000FB79002B07D097F8373003F00403002B4B
:1014100001D00A2349E200233B65396DB86BFFF721
:101420002FFF034687F8573097F85730012B55D1D7
:1014300000233B642AE0BB6B03F134023B6C1B01CD
:1014400003F5DF7313443B633B6B04331B78002BC2
:1014500012D03B6B0B331B781A063B6B0A331B789D
:101460001B041A433B6B09331B781B0213433A6B73
:10147000083212781A4300E000223B6C9B0058337C
:101480003B4443F8442C3B6C01333B643B6C032BE3
:10149000D1D900233B643B6C002B02D03B6C013B59
:1014A0003B643B6C9B0058333B4453F8443C3B65E6
:1014B0003B6D002B05D0396DB86BFFF7E1FE03469D
:1014C00000E0022387F8573097F85730002B05D0FB
:1014D0003B6C01333B643B6C032BE2D997F85730EC
:1014E000032B01D10123E0E197F85730002B01D005
:1014F0000D23DAE1BB6B93F840301BB21B021AB22A
:10150000BB6B93F83F301BB213431BB2B3F5007FA4
:1015100001D00D23C9E1BB6B93F84B301BB21B020A
:101520001AB2BB6B93F84A301BB213431BB29BB287
:10153000FB64FB6C002B12D1BB6B93F85B301A067B
:10154000BB6B93F85A301B041A43BB6B93F85930AA
:101550001B021343BA6B92F858201343FB64BB6B16
:10156000FA6CDA61BB6B93F84420BB6BDA70BB6B2F
:10157000DB78012B05D0BB6BDB78022B01D00D2370
:1015800093E1BB6BDB781A46FB6C02FB03F3FB6455
:10159000BB6B93F84120BB6B9A70BB6B9B78002BA5
:1015A00008D0BB6B9B781A46BB6B9B78013B134002
:1015B000002B01D00D2378E1BB6B93F846301BB2B2
:1015C0001B021AB2BB6B93F845301BB213431BB21C
:1015D0009AB2BB6B1A81BB6B1B8903F00F039BB2E2
:1015E000002B03D00D2360E184020020BB6B93F835
:1015F00048301BB21B021AB2BB6B93F847301BB2C8
:1016000013431BB29BB2BB64BB6C002B12D1BB6BF0
:1016100093F857301A06BB6B93F856301B041A43E5
:10162000BB6B93F855301B021343BA6B92F85420EE
:101630001343BB64BB6B93F843301BB21B021AB25B
:10164000BB6B93F842301BB213431BB2FB85FB8D7F
:10165000002B01D10D2328E1FA8DFB6C1344BA6BEA
:101660001289120992B21344BB62BA6CBB6A9A42E5
:1016700001D20D2319E1BA6CBB6AD31ABA6B927806
:10168000B3FBF2F37B627B6A002B01D10D230CE1EB
:10169000012387F857307B6A40F6F572934202D9EE
:1016A000022387F857307B6A4FF6F572934202D9CE
:1016B000032387F857307B6A9A1CBB6B9A61BB6B1C
:1016C0003A6D1A62FA8D3B6D1A44BB6B5A623A6DE1
:1016D000BB6A1A44BB6BDA6297F85730032B1ED1F2
:1016E000BB6B1B89002B01D00D23DEE0BB6B93F895
:1016F00063301A06BB6B93F862301B041A43BB6B52
:1017000093F861301B021343BA6B92F860201A43BE
:10171000BB6B9A62BB6B9B699B007B641FE0BB6BDE
:101720001B89002B01D10D23BFE0BB6B5A6AFB6CF8
:101730001A44BB6B9A6297F85730022B03D1BB6BEC
:101740009B695B000AE0BB6B9A6913465B0013441C
:101750005A08BB6B9B6903F0010313447B64BB6BAA
:10176000DA697B6C03F2FF135B0A9A4201D20D2304
:101770009BE0BB6B4FF0FF321A61BB6B1A69BB6B0E
:10178000DA60BB6B80225A7197F85730032B7AD1FD
:10179000BB6B93F865301BB21B021AB2BB6B93F89C
:1017A00064301BB213431BB2012B6CD13B6D013370
:1017B0001946B86BFFF7F4FC0346002B63D1BB6BF3
:1017C00000225A71BB6B93F833321BB21B021AB260
:1017D000BB6B93F832321BB213431BB2354A9342B0
:1017E00051D1BB6B93F837301A06BB6B93F8363088
:1017F0001B041A43BB6B93F835301B021343BA6BBF
:1018000092F8342013432C4A93423CD1BB6B93F89B
:101810001B321A06BB6B93F81A321B041A43BB6BBC
:1018200093F819321B021343BA6B92F81822134330
:10183000224A934227D1BB6B93F81F321A06BB6B27
:1018400093F81E321B041A43BB6B93F81D321B0224
:101850001343BA6B92F81C221A43BB6B1A61BB6B21
:1018600093F823321A06BB6B93F822321B041A43F7
:10187000BB6B93F821321B021343BA6B92F8202200
:101880001A43BB6BDA60BB6B97F857201A700C4B8E
:101890001B8801339AB20A4B1A80094B1A88BB6B1A
:1018A000DA80BB6B00225A61002318465837BD46C8
:1018B00080BD00BF55AAFFFF525261417272416163
:1018C0009002002080B588B000AFF860B960134680
:1018D000FB71BB683B6107F110031846FFF788FCFA
:1018E000F861FB69002B01DA0B2328E0164AFB693B
:1018F00052F82330BB61BB69002B02D0BB690022C8
:101900001A70FB68002B02D0FB6800221A70FA687C
:101910000D49FB6941F82320FB68002B02D0FB79BD
:10192000012B01D000230AE007F1080107F10C03A5
:1019300000221846FFF70EFD0346FB75FB7D184697
:101940002037BD4680BD00BF8402002080B483B034
:1019500000AF7860064A7B6843F0BF6343F400330E
:10196000D36000BF0C37BD465DF8047B704700BFF5
:1019700000ED00E080B485B000AF78600023FB7319
:101980000023BB730F237B737B68DB78002B39D07C
:10199000274BDB68DB431B0ADBB203F00703FB7357
:1019A000FB7BC3F10403BB737A7BFB7B42FA03F33B
:1019B0007B737B685B781A46BB7B02FA03F3FB738D
:1019C0007B689A787B7B1340DAB2FB7B1343FB7313
:1019D000FB7B1B01FB73174A7B681B781344FA7B64
:1019E00083F800237B681B7803F01F0311497A6892
:1019F00012785209D2B21046012202FA03F341F8DA
:101A000020300FE07B681B7803F01F0309497A68D8
:101A100012785209D2B2104601229A4000F12003F6
:101A200041F8232000BF1437BD465DF8047B7047A2
:101A300000ED00E000E100E080B483B000AF78602A
:101A40007B68042B06D1094B1B68084A43F004034A
:101A5000136005E0054B1B68044A23F00403136080
:101A600000BF0C37BD465DF8047B704710E000E016
:101A700080B485B000AF78600023FB607B68FB60BA
:101A800002E0FB68013BFB60FB68002BF9D100BF63
:101A900000BF1437BD465DF8047B704780B500AFCA
:101AA00001214FF0007001F099FA00214FF0007011
:101AB00001F094FA00BF80BD80B483B000AF7860BD
:101AC0007B6801221A607B6800225A607B680022D2
:101AD0009A607B680022DA607B6800221A617B686A
:101AE0004FF480425A617B6800229A617B68002231
:101AF000DA617B684FF400621A627B6800225A62E6
:101B00007B6800229A627B680022DA627B6800228E
:101B10001A637B6800225A637B6800229A637B68A1
:101B20000022DA637B6840221A647B6820225A64B0
:101B30007B6800229A647B680022DA647B6800225A
:101B40001A657B6800225A657B6800229A657B686B
:101B50000022DA657B6800221A667B6880225A665A
:101B60007B6800229A667B680022DA667B68002226
:101B70001A677B6800225A677B6800229A677B6835
:101B80000022DA677B684FF08062C3F880207B68B0
:101B90004FF00072C3F884207B680022C3F88820CD
:101BA0007B684FF40012C3F88C207B680022C3F8D6
:101BB00090207B680022C3F894207B680022C3F841
:101BC00098207B680022C3F89C207B680022C3F821
:101BD000A0207B684FF00072C3F8A4207B684FF40C
:101BE0008032C3F8A8207B684FF48002C3F8AC2091
:101BF0007B684FF40052C3F8B0207B680022C3F822
:101C0000B4207B680022C3F8B82000BF0C37BD4663
:101C10005DF8047B7047000080B58CB000AF786041
:101C20000B467B800023BB620023FB6200233B62E8
:101C3000684B7B620023FB60674B1B69FB62FB6A9E
:101C400023F01C03FB6207F11003184601F0B8F8FB
:101C50007B697B627B6A614A934208D97B6A604AEE
:101C6000934204D8FB6A43F00803FB6227E07B6AD7
:101C70005B4A934208D97B6A564A934204D2FB6A74
:101C800043F00C03FB621AE07B6A524A934203D38F
:101C90007B6A544A934211D97B6A524A934208D9CB
:101CA0007B6A514A934204D8FB6A43F00403FB6207
:101CB00005E0FB6A43F01003FB6200E000BF464A08
:101CC000FB6A13617B884FF400420021184600F044
:101CD000F5FB0346002B01D100236AE14348FFF7DF
:101CE000C7FE7B681B68002B5FD0FB680133FB607D
:101CF0007B880121184600F091FB034603F00403A2
:101D0000002B03D1FB683A4A9342EED9FB68394A6B
:101D1000934201D100234CE10023FB607B884FF408
:101D200080520021184600F0C9FB0346002B01D168
:101D300000233EE1FB680133FB607B8801211846EC
:101D400000F06CFB034603F02003002B03D1FB687B
:101D5000274A9342EED9FB68264A934201D10023D9
:101D600027E10023FB607B881021184600F056FB1A
:101D70000346BB62BB6A03F00403002B04D07B68FC
:101D80004FF400621A6202E07B6800221A62BB6AAA
:101D900003F00203002B03D07B6800225A612FE07E
:101DA0007B684FF480425A612AE07B681B6ADB083B
:101DB0009AB27B685B695B089BB213439AB27B88DB
:101DC0000021184600F07AFB0346002B14D10023B3
:101DD000EFE000BF0087930300800240FF2C310139
:101DE000BF0E1602FFE0F5057FD1F008FFFF0F00E0
:101DF000FEFF0400FFFF04006FF07F40FFF738FE96
:101E00006E4B1B68FB62FA6A6D4B1340FB627B688A
:101E10005A687B689B681A437B68DB681A437B6857
:101E20001B691A437B685B691A437B689B691A4389
:101E30007B68DB691A437B681B6A1A437B685B6AB1
:101E40001A437B689B6A1A437B68DB6A1A437B6888
:101E50001B6B1A437B685B6B1343FA6A1343FB6289
:101E6000564AFB6A13607B689A6B7B68DB6B1A438C
:101E70007B681B6C1A437B685B6C1A437B689B6CAA
:101E80001A437B68DB6C1A437B681B6D1A437B68C3
:101E90005B6D4A4913434B60484A7B689B6D936076
:101EA000464A7B68DB6DD360444B9B69FB62FA6AF0
:101EB0004FF641731340FB627B681B6E1A047B680C
:101EC0005B6E1A437B689B6E1A437B68DB6E1A431A
:101ED0007B681B6F1A437B685B6F1343FA6A13437B
:101EE000FB62364AFB6A93617B689A6F7B68DB6FA3
:101EF00032491343CB61314B03F580539B69FB623D
:101F0000FA6A304B1340FB627B68D3F880207B6811
:101F1000D3F884301A437B68D3F888301A437B683F
:101F2000D3F88C301A437B68D3F890301A437B681F
:101F3000D3F894301A437B68D3F898301A437B68FF
:101F4000D3F89C301A437B68D3F8A0301343FA6A65
:101F50001343FB62194B03F580531A46FB6A9361E6
:101F60007B68D3F8A4207B68D3F8A8301A437B6839
:101F7000D3F8AC301A437B68D3F8B0301A437B688F
:101F8000D3F8B4309B001A437B68D3F8B8301343BE
:101F90000A4A43F4000302F580521360074B03F52D
:101FA00080531B68054A43F0800302F5805213609A
:101FB000012318463037BD4680BD00BF0080024077
:101FC0000F8120FF233FDEF880B500AF012000F035
:101FD0000DF800F0C3F9012000F026F8012000F010
:101FE000D1F9012000F0F4F900BF80BD80B483B0C6
:101FF00000AF0346FB71FB79002B06D0094B1B6831
:10200000084A43F00803136005E0064B1B68054AC5
:1020100023F00803136000BF0C37BD465DF8047B56
:10202000704700BF0080024080B483B000AF034619
:10203000FB71FB79002B06D0094B1B68084A43F063
:102040000403136005E0064B1B68054A23F00403F4
:10205000136000BF0C37BD465DF8047B704700BFBE
:102060000080024080B485B000AF786039603B6882
:1020700005331B781B023A68043212781343FB6065
:102080007A68114B13441A46FB6813603B680333AC
:102090001B781A063B6802331B781B041A433B6803
:1020A00001331B781B0213433A6812781343FB6019
:1020B0007A68064B13441A46FB68136000BF143756
:1020C000BD465DF8047B704740800240448002407A
:1020D00080B487B000AFF860B9607A6000237B619C
:1020E000214AFB68136000237B612AE07B695B0166
:1020F000FA6813443B613B694FF000421A603B6948
:1021000044F2F4525A607B6940F2F45202FB03F34A
:10211000BA6813441A463B699A607B68013B7A6946
:102120009A4208D27B6901335B01FA6813441A466C
:102130003B69DA6002E0FA683B69DA607B69013387
:102140007B617A697B689A42D0D3084AFB6802F5C2
:102150008052D360064B074A1A6000BF1C37BD4649
:102160005DF8047B704700BF9802002000800240A9
:10217000A80200209C02002080B487B000AFF86065
:10218000B9607A6000237B611D4AFB6813600023FD
:102190007B6126E07B695B01FA6813443B613B6924
:1021A0004FF480121A607B6940F2F45202FB03F391
:1021B000BA6813441A463B699A607B68013B7A69A6
:1021C0009A4208D27B6901335B01FA6813441A46CC
:1021D0003B69DA6002E0FA683B69DA607B690133E7
:1021E0007B617A697B689A42D4D3064AFB6802F520
:1021F0008052136100BF1C37BD465DF8047B7047F9
:10220000940200200080024080B483B000AF786068
:1022100039607B681A683B681A437B681A6000BFA4
:102220000C37BD465DF8047B704780B483B000AFC7
:1022300078607B681B681B0CC3F30D0318460C37D2
:10224000BD465DF8047B704780B584B000AF786010
:102250000023FB607B681B68002B0FDB7B681B681F
:1022600003F40043002B09D17B681B6803F48073DF
:10227000002B03D07868FFF7D8FFF860FB6818469A
:102280001037BD4680BD000080B400AF074B03F59A
:1022900080531B68054A43F0010302F58052136026
:1022A00000BFBD465DF8047B704700BF0080024060
:1022B00080B483B000AF0023FB710A4B03F5805359
:1022C0001B6803F00103002B02D00123FB7101E026
:1022D0000023FB71FB7918460C37BD465DF8047B83
:1022E000704700BF0080024080B483B000AF7860C8
:1022F0000B46FB70FB78002B0AD00E4B03F5805386
:10230000DA690C497B68134301F58052D3610AE016
:10231000084B03F58053DA697B68DB4305491340BA
:1023200001F58052D36100BF0C37BD465DF8047BD8
:10233000704700BF0080024080B483B000AF786077
:10234000054B03F580531A467B68536100BF0C3779
:10235000BD465DF8047B70470080024080B400AF4A
:10236000074B03F580539B69054A43F4801302F53C
:102370008052936100BFBD465DF8047B704700BF8B
:102380000080024080B483B000AF0346FB71FB794C
:10239000002B0AD00D4B03F580539B690B4A43F485
:1023A000005302F58052936109E0084B03F5805316
:1023B0009B69064A23F4005302F58052936100BFE3
:1023C0000C37BD465DF8047B704700BF00800240BB
:1023D00080B483B000AF0346FB71FB79002B0AD0B9
:1023E0000D4B03F580539B690B4A43F0020302F542
:1023F0008052936109E0084B03F580539B69064ABC
:1024000023F0020302F58052936100BF0C37BD46F2
:102410005DF8047B704700BF0080024080B485B047
:1024200000AF03460A46FB801346BB800023FB60D7
:102430000023BB601E4B1B69FB60FB6803F01C03A1
:10244000FB60FB88DB029BB2FA681343FB60BB882E
:102450009B0103F4F863FA681343FB60FB6823F005
:102460000203FB60FB6843F00103FB60104AFB685A
:102470001361BB680133BB600D4B1B69FB60FB68DC
:1024800003F00103002B03D0BB680A4A9342F0D942
:10249000BB68094A934201D1002302E0044B5B6907
:1024A0009BB218461437BD465DF8047B704700BFE9
:1024B00000800240FEFF0400FFFF040080B485B0EE
:1024C00000AF0346FB800B46BB8013467B80002396
:1024D000FB600023BB601F4B1B69FB60FB6803F0C4
:1024E0001C03FB60FB88DB029BB2FA681343FB60B2
:1024F000BB889B0103F4F863FA681343FB60FB6835
:1025000043F00203FB60FB6843F00103FB60114AE8
:102510007B8853610F4AFB681361BB680133BB6062
:102520000C4B1B69FB60FB6803F00103002B03D01D
:10253000BB68094A9342F0D9BB68084A934201D16B
:10254000002300E0012318461437BD465DF8047BE4
:10255000704700BF00800240FEFF0400FFFF040040
:1025600080B485B000AF786039600023FB60002341
:10257000FB727B685B68FB60FB6823F0407323F4AD
:102580008073FB603B681B791A023B681B6813432E
:10259000FA681343FB607B68FA685A607B689B6843
:1025A000FB60FA68184B1340FB603B681A693B6894
:1025B000DB681A433B689B681A433B685B795B00A6
:1025C0001343FA681343FB607B68FA689A607B6880
:1025D000DB6AFB60FB6823F47003FB603B681B7DD8
:1025E000013BDAB2FB7A1343FB72FB7A1B05FA68F4
:1025F0001343FB607B68FA68DA6200BF1437BD469C
:102600005DF8047B704700BFFDF7FFC080B485B064
:1026100000AF78600023FB600E4B5B68FB60FA68DC
:102620000D4B1340FB607B681A687B685B681A433C
:102630007B689B681A437B68DB681343FA68134323
:10264000FB60044AFB68536000BF1437BD465DF869
:10265000047B704700230140E030FCFF80B483B06E
:1026600000AF78600B46FB70FB78002B06D07B68D0
:102670009B6843F001027B689A6005E07B689B6879
:1026800023F001027B689A6000BF0C37BD465DF8FD
:10269000047B704780B483B000AF78607B681B68B0
:1026A00023F001027B681A607B6800221A607B6855
:1026B00000225A607B6800229A607B680022DA6000
:1026C0007B6800221A617B6821225A617B68464A36
:1026D000934203D1454B3D229A607EE07B68444A99
:1026E000934204D1414B4FF474629A6075E07B6869
:1026F000404A934204D13D4B4FF474129A606CE00F
:102700007B683D4A934204D1384B4FF074629A6023
:1027100063E07B68394A934203D1344B384ADA602C
:102720005BE07B68374A934203D1304B364ADA602C
:1027300053E07B68354A934203D12C4B344ADA602C
:102740004BE07B68334A934204D1284B4FF03D5213
:10275000DA6042E07B68304A934203D12F4B3D223E
:102760009A603AE07B682E4A934204D12B4B4FF497
:1027700074629A6031E07B682A4A934204D1274B05
:102780004FF474129A6028E07B68274A934204D180
:10279000224B4FF074629A601FE07B68234A934299
:1027A00003D11E4B164ADA6017E07B68204A934239
:1027B00003D11A4B144ADA600FE07B681D4A93423A
:1027C00003D1164B124ADA6007E07B681A4A93423B
:1027D00003D1124B4FF03D52DA6000BF0C37BD46BB
:1027E0005DF8047B704700BF10600240006002404B
:1027F0002860024040600240586002407060024021
:102800003D00002088600240400F0020A060024090
:1028100000003D20B86002401064024000640240A5
:1028200028640240406402405864024070640240E0
:1028300088640240A0640240B864024080B485B05D
:1028400000AF786039600023FB607B681B68FB6029
:10285000FA68254B1340FB603B681A683B68DB68ED
:102860001A433B685B691A433B689B691A433B68A0
:10287000DB691A433B681B6A1A433B685B6A1A436D
:102880003B689B6A1A433B685B6B1A433B689B6BD4
:102890001343FA681343FB607B68FA681A607B682D
:1028A0005B69FB60FB6823F00703FB603B68DA6A47
:1028B0003B681B6B1343FA681343FB607B68FA6841
:1028C0005A613B681A697B685A603B685A687B6842
:1028D0009A603B689A687B68DA6000BF1437BD462F
:1028E0005DF8047B704700BF3F801CF080B483B06C
:1028F00000AF78600B46FB70FB78002B06D07B683E
:102900001B6843F001027B681A6005E07B681B6866
:1029100023F001027B681A6000BF0C37BD465DF8EA
:10292000047B704780B485B000AF78600023FB73F0
:102930007B681B6803F00103002B02D00123FB73AB
:1029400001E00023FB73FB7B18461437BD465DF89E
:10295000047B704780B487B000AF78603960002393
:10296000FB750023FB607B68154A934202D8154B28
:102970003B6101E0144B3B613B6803F00053002BCB
:1029800003D03B695B68FB6002E03B691B68FB604E
:10299000FB6823F0F02323F08213FB60FA683B68A6
:1029A0001340002B02D00123FB7501E00023FB75CF
:1029B000FB7D18461C37BD465DF8047B704700BFA1
:1029C0000F640240006002400064024080B485B0A1
:1029D00000AF786039607B68104A934202D8104B90
:1029E000FB6001E00F4BFB603B6803F00053002BE2
:1029F00007D03B6823F0F02323F08213FA68D360FA
:102A000006E03B6823F0F02323F08213FA6893601A
:102A100000BF1437BD465DF8047B70470F64024069
:102A2000006002400064024080B485B000AF78606E
:102A30000023FB60344BFB607B689B68002B4FD00E
:102A4000314B1A687B681B68DB432F4913400B60CE
:102A50002D4B5A687B681B68DB432B4913404B6046
:102A60007B681B791A46FB681344FB60FB68196896
:102A70007B681A68FB680A431A60234B9A687B6874
:102A80001B68DB43204913408B601F4BDA687B686F
:102A90001B68DB431C491340CB607B685B79102BC0
:102AA0000ED1194B9A687B681B68174913438B60DA
:102AB000154BDA687B681B6813491343CB601DE034
:102AC000114BFB607B685B791A46FB681344FB6023
:102AD000FB6819687B681A68FB680A431A600DE096
:102AE0007B681B791A46FB681344FB60FB68196816
:102AF0007B681B68DA43FB680A401A6000BF143722
:102B0000BD465DF8047B7047003C014080B485B051
:102B100000AF78600023FB73084B5A697B68134051
:102B2000002B02D00123FB7301E00023FB73FB7B2E
:102B300018461437BD465DF8047B7047003C0140E1
:102B400080B483B000AF7860044A7B68536100BFF3
:102B50000C37BD465DF8047B704700BF003C014068
:102B600080B487B000AF7860396000237B610023B8
:102B70003B610023FB6000237B6176E001227B69DF
:102B800002FA03F33B613B681B683A691340FB6040
:102B9000FA683B699A4265D17B681A687B695B0079
:102BA000032101FA03F3DB431A407B681A607B6858
:102BB0001A683B681B7919467B695B0001FA03F3CD
:102BC0001A437B681A603B681B79012B03D03B6872
:102BD0001B79022B2ED17B689A687B695B000321ED
:102BE00001FA03F3DB431A407B689A607B689A68BA
:102BF0003B685B7919467B695B0001FA03F31A4372
:102C00007B689A607B685A687B699BB2194601238E
:102C10008B40DB431A407B685A607B685B683A688C
:102C2000927911467A6992B201FA02F292B21A438B
:102C30007B685A607B68DA687B699BB25B00032122
:102C400001FA03F3DB431A407B68DA607B68DA68D9
:102C50003B68DB7919467B695B0001FA03F31A4391
:102C60007B68DA607B6901337B617B690F2B85D9D7
:102C700000BF00BF1C37BD465DF8047B704780B4C1
:102C800085B000AF78600B467B800023FB737B68C8
:102C90001A697B881340002B02D00123FB7301E0EB
:102CA0000023FB73FB7B18461437BD465DF8047B9D
:102CB000704780B483B000AF78600B467B807B6840
:102CC0007A881A8300BF0C37BD465DF8047B7047D5
:102CD00080B483B000AF78600B467B807B687A88D5
:102CE0005A8300BF0C37BD465DF8047B704780B443
:102CF00083B000AF78600B467B807B685A697B8825
:102D00005A407B685A6100BF0C37BD465DF8047BB2
:102D1000704780B485B000AF78600B467B80134667
:102D20007B700023FB600023BB607A787B8803F014
:102D300007039B0002FA03F3FB607B88DB089BB26E
:102D40001A467B68083253F822207B8803F0070379
:102D50009B000F2101FA03F3DB437988C90889B28C
:102D6000084602EA03017B6800F1080243F82210DA
:102D70007B88DB089BB21A467B68083253F8223006
:102D8000FA681343BB607B88DB089BB21A467B68FA
:102D90000832B96843F8221000BF1437BD465DF809
:102DA000047B704780B400AF044B4AF6AA221A6035
:102DB00000BFBD465DF8047B704700BF0030004097
:102DC00080B489B000AF78600023BB6100237B61D1
:102DD0000023FB6102233B610023FB600223BB60F5
:102DE0004A4B9B6803F00C03BB61BB69082B11D0F5
:102DF000BB69082B44D8BB69002B03D0BB69042BEB
:102E000004D03DE07B68424A1A603DE07B68414A5D
:102E10001A6039E03D4B5B689B0D03F00103FB60DA
:102E20003A4B5B6803F03F03BB60FB68002B0CD0A0
:102E3000384ABB68B2FBF3F3344A52689209C2F3D2
:102E4000080202FB03F3FB610BE0314ABB68B2FBF3
:102E5000F3F32E4A52689209C2F3080202FB03F30D
:102E6000FB612A4B5B681B0C03F0030301335B001F
:102E70003B61FA693B69B2FBF3F27B681A6003E0DD
:102E80007B68234A1A6000BF204B9B6803F0F00365
:102E9000BB61BB691B09BB611F4ABB6913441B783B
:102EA000DBB27B617B681A687B69DA407B685A60B9
:102EB000164B9B6803F4E053BB61BB699B0ABB6183
:102EC000154ABB6913441B78DBB27B617B685A6887
:102ED0007B69DA407B689A600C4B9B6803F4604323
:102EE000BB61BB695B0BBB610B4ABB6913441B78BD
:102EF000DBB27B617B685A687B69DA407B68DA60A9
:102F000000BF2437BD465DF8047B7047003802409F
:102F10000024F40000127A001014020880B483B078
:102F200000AF78600B46FB70FB78002B06D00A4B95
:102F30001A6B09497B6813430B6306E0064B1A6B57
:102F40007B68DB43044913400B6300BF0C37BD466D
:102F50005DF8047B704700BF0038024080B483B046
:102F600000AF78600B46FB70FB78002B06D00A4B55
:102F70001A6C09497B6813430B6406E0064B1A6C14
:102F80007B68DB43044913400B6400BF0C37BD462C
:102F90005DF8047B704700BF0038024080B483B006
:102FA00000AF78600B46FB70FB78002B06D00A4B15
:102FB0005A6C09497B6813434B6406E0064B5A6C14
:102FC0007B68DB43044913404B6400BF0C37BD46AC
:102FD0005DF8047B704700BF0038024080B483B0C6
:102FE00000AF78600B46FB70FB78002B06D00A4BD5
:102FF0001A6909497B6813430B6106E0064B1A699D
:103000007B68DB43044913400B6100BF0C37BD46AE
:103010005DF8047B704700BF0038024080B483B085
:1030200000AF78600B46FB70FB78002B06D00A4B94
:103030001A6A09497B6813430B6206E0064B1A6A59
:103040007B68DB43044913400B6200BF0C37BD466D
:103050005DF8047B704700BF0038024080B483B045
:1030600000AF78600B46FB70FB78002B06D00A4B54
:103070005A6A09497B6813434B6206E0064B5A6A59
:103080007B68DB43044913404B6200BF0C37BD46ED
:103090005DF8047B704700BF0038024080B582B005
:1030A00000AF78607B682E4A93420AD101214FF429
:1030B0008050FFF7D3FF00214FF48050FFF7CEFF81
:1030C00049E07B68274A93420AD101214FF48040AE
:1030D000FFF7A4FF00214FF48040FFF79FFF3AE085
:1030E0007B68214A93420AD101214FF40040FFF747
:1030F00095FF00214FF40040FFF790FF2BE07B6825
:103100001A4A93420AD101214FF40050FFF7A6FF5B
:1031100000214FF40050FFF7A1FF1CE07B68144A28
:1031200093420AD101214FF48010FFF797FF00214D
:103130004FF48010FFF792FF0DE07B680D4A934239
:1031400009D101214FF40010FFF788FF00214FF44F
:103150000010FFF783FF00BF0837BD4680BD00BFEA
:103160000030014000380040003C00400034014085
:10317000005001400054014080B485B000AF786039
:1031800039600023FB817B681B88FB81FB8903F48A
:103190004153FB813B681A883B685B8813439AB2B2
:1031A0003B689B8813439AB23B68DB8813439AB20F
:1031B0003B681B8913439AB23B685B8913439AB2FD
:1031C0003B689B8913439AB23B68DB8913439AB2ED
:1031D000FB891343FB817B68FA891A807B689B8B90
:1031E0009BB223F400639AB27B689A833B681A8A85
:1031F0007B681A8200BF1437BD465DF8047B7047B8
:1032000080B483B000AF78600B46FB70FB78002B76
:1032100008D07B681B889BB243F040039AB27B685E
:103220001A8007E07B681B889BB223F040039AB2A8
:103230007B681A8000BF0C37BD465DF8047B704781
:1032400080B483B000AF78607B689B899BB21846DE
:103250000C37BD465DF8047B704780B483B000AF87
:1032600078600B467B807B687A889A8100BF0C3738
:10327000BD465DF8047B704780B485B000AF7860D0
:103280000B467B800023FB737B681B899AB27B888B
:1032900013409BB2002B02D00123FB7301E00023FB
:1032A000FB73FB7B18461437BD465DF8047B704703
:1032B00080B485B000AF03460A46FB711346BB716C
:1032C0000023FB60BB7903F003039B000F2202FA8B
:1032D00003F3FB60164ABB799B08DBB2023352F85A
:1032E0002320FB68DB431248B9798908C9B21A4028
:1032F0008B1C40F823200E4ABB799B08DBB20233BB
:1033000052F82320F979BB7903F003039B0001FAFB
:1033100003F30748B9798908C9B21A438B1C40F8EE
:10332000232000BF1437BD465DF8047B704700BF03
:103330000038014080B483B000AF7860044A7B68F5
:10334000136000BF0C37BD465DF8047B704700BFBB
:10335000DC00274280B485B000AF7860396000237C
:10336000FB817B681B88FB817B68294A934213D0D1
:103370007B68284A93420FD07B68B3F1804F0BD013
:103380007B68254A934207D07B68244A934203D046
:103390007B68234A934208D1FB8923F07003FB81A9
:1033A0003B685A88FB891343FB817B681D4A934223
:1033B0000CD07B681C4A934208D0FB8923F44073ED
:1033C000FB813B681A89FB891343FB817B68FA897F
:1033D0001A803B685A687B68DA623B681A887B68A7
:1033E0001A857B680A4A934203D07B68094A934254
:1033F00004D13B689B7A1A467B681A867B68012257
:103400009A8200BF1437BD465DF8047B704700BF49
:10341000000001400004014000040040000800409A
:10342000000C0040001000400014004080B483B045
:1034300000AF78600B46FB70FB78002B08D07B68F0
:103440001B889BB243F001039AB27B681A8007E0A5
:103450007B681B889BB223F001039AB27B681A80B9
:1034600000BF0C37BD465DF8047B704780B483B065
:1034700000AF78600B467B8013467B707B78002B17
:1034800008D07B689B899AB27B8813439AB27B6889
:103490009A8109E07B689B899AB27B88DB439BB267
:1034A00013409AB27B689A8100BF0C37BD465DF825
:1034B000047B704780B485B000AF78600B467B809A
:1034C0000023FB730023BB8100237B817B681B8A65
:1034D0009AB27B881340BB817B689B899AB27B88B8
:1034E00013407B81BB89002B05D07B89002B02D048
:1034F0000123FB7301E00023FB73FB7B18461437A9
:10350000BD465DF8047B704780B483B000AF78603F
:103510000B467B807B88DB439AB27B681A8200BFB4
:103520000C37BD465DF8047B7047000080B58AB05B
:1035300000AF7860396000237B6200233B62002388
:10354000FB610023BB617B681B8A9BB27B627B6A49
:1035500023F440537B623B68DB881A467B6A134343
:103560007B627B6A9AB27B681A827B689B899BB27A
:103570007B627B6A23F4B05323F00C037B623B68CD
:103580009A883B681B8913439AB23B685B89134353
:103590009BB21A467B6A13437B627B6A9AB27B6852
:1035A0009A817B689B8A9BB27B627B6A23F440731F
:1035B0007B623B689B891A467B6A13437B627B6A0A
:1035C0009AB27B689A8207F108031846FFF7F8FB66
:1035D0007B68304A934203D07B682F4A934202D1E2
:1035E0007B693B6201E03B693B627B689B899BB2E4
:1035F0001BB2002B0CDA3A6A13469B0013449A0064
:103600001A443B681B685B00B2FBF3F3FB610BE001
:103610003A6A13469B0013449A001A443B681B689D
:103620009B00B2FBF3F3FB61FB691C4AA2FB032383
:103630005B091B017B627B6A1B09642202FB03F3AB
:10364000FA69D31ABB617B689B899BB21BB2002BC2
:103650000CDABB69DB003233104AA2FB03235B099F
:1036600003F007037A6A13437B620BE0BB691B011B
:1036700032330A4AA2FB03235B0903F00F037A6A81
:1036800013437B627B6A9AB27B681A8100BF28373A
:10369000BD4680BD00100140001401401F85EB5164
:1036A00080B483B000AF78600B46FB70FB78002BD2
:1036B00008D07B689B899BB243F400539AB27B6825
:1036C0009A8107E07B689B899BB223F400539AB2EE
:1036D0007B689A8100BF0C37BD465DF8047B70475C
:1036E00080B483B000AF78607B689B889BB2C3F3E3
:1036F00008039BB218460C37BD465DF8047B704743
:1037000080B487B000AF78600B467B8013467B7037
:1037100000233B610023FB600023BB6000237B612F
:103720007B687B617B88DBB25B09DBB23B617B88BA
:1037300003F01F03FB600122FB6802FA03F3BB6086
:103740003B69012B03D17B690C337B6109E03B6949
:10375000022B03D17B6910337B6102E07B69143358
:103760007B617B78002B06D07B6919687B69BA681E
:103770000A431A6006E07B691968BB68DA437B6913
:103780000A401A6000BF1C37BD465DF8047B7047D5
:1037900080B483B000AF78600B467B807B88DB43CE
:1037A0009AB27B681A8000BF0C37BD465DF8047B77
:1037B000704780B487B000AF78600B467B800023F1
:1037C000FB6000237B610023BB600023FB747B88CC
:1037D000DBB25B09DBB2BB607B8803F01F037B615C
:1037E00001227B6902FA03F37B61BB68012B07D1DD
:1037F0007B689B899BB21A467B6913407B6111E011
:10380000BB68022B07D17B681B8A9BB21A467B6977
:1038100013407B6106E07B689B8A9BB21A467B69FA
:1038200013407B617B881B0A9BB2FB600122FB6813
:1038300002FA03F3FB607B681B889BB21A46FB68A5
:103840001340FB607B69002B05D0FB68002B02D086
:103850000123FB7401E00023FB74FB7C18461C373A
:10386000BD465DF8047B704780B485B000AF7860DA
:103870000B467B800023FB810023BB817B881B0AD6
:10388000FB81FB89012202FA03F3BB81BB89DB4385
:103890009AB27B681A8000BF1437BD465DF8047B7E
:1038A0007047000080B400AF034B00229A6000BF55
:1038B000BD465DF8047B7047002C004080B483B0A7
:1038C00000AF78607B6803F108027B685A607B6810
:1038D0004FF0FF329A607B6803F108027B68DA6080
:1038E0007B6803F108027B681A617B6800221A601A
:1038F00000BF0C37BD465DF8047B704780B483B0D1
:1039000000AF78607B6800221A6100BF0C37BD46AB
:103910005DF8047B704780B485B000AF7860396093
:103920007B685B68FB603B68FA685A60FB689A6872
:103930003B689A60FB689B683A685A60FB683A6823
:103940009A603B687A681A617B681B685A1C7B68BE
:103950001A6000BF1437BD465DF8047B704780B421
:1039600085B000AF786039603B681B68BB60BB689E
:10397000B3F1FF3F03D17B681B69FB600CE07B6800
:103980000833FB6002E0FB685B68FB60FB685B6818
:103990001B68BA689A42F6D2FB685A683B685A605C
:1039A0003B685B683A689A603B68FA689A60FB68B3
:1039B0003A685A603B687A681A617B681B685A1CCF
:1039C0007B681A6000BF1437BD465DF8047B704702
:1039D00080B485B000AF78607B681B69FB607B6852
:1039E0005B687A6892689A607B689B687A685268BC
:1039F0005A60FB685B687A689A4203D17B689A6870
:103A0000FB685A607B6800221A61FB681B685A1EBB
:103A1000FB681A60FB681B6818461437BD465DF8E2
:103A2000047B704780B584B000AF786039607B68F4
:103A3000FB60FB68002B05D140F203122A492B489A
:103A40001AF05AFC02F04EFCFB681A68FB68DB6B4C
:103A5000F968096C01FB03F31A44FB689A60FB6880
:103A600000229A63FB681A68FB685A60FB681A6850
:103A7000FB68DB6B013BF968096C01FB03F31A443B
:103A8000FB68DA60FB68FF2283F84420FB68FF22B2
:103A900083F845203B68002B14D1FB681B69002B81
:103AA0001AD0FB681033184601F04EFA0346002B7B
:103AB00012D00F4B4FF080521A60BFF34F8FBFF3FD
:103AC0006F8F09E0FB6810331846FFF7F7FEFB68BD
:103AD00024331846FFF7F2FE02F032FC01231846A9
:103AE0001037BD4680BD00BFE00802083809020853
:103AF00004ED00E080B58AB002AFF860B96013460B
:103B0000FB71FB68002B05D14FF4BB7212491348BF
:103B10001AF0F2FBFB68BA6802FB03F3FB61FB6976
:103B20005433184602F0E0F8B861BB69002B0DD0A1
:103B3000BB697B617B6954337B61FA79BB69009314
:103B400013467A69B968F86800F00AF8BB69184644
:103B50002037BD4680BD00BFE008020838090208D2
:103B600080B584B000AFF860B9607A60FB70BB6864
:103B7000002B03D1BB69BA691A6002E0BB697A689D
:103B80001A60BB69FA68DA63BB69BA681A64012112
:103B9000B869FFF747FFBB69FA7883F85020BB6923
:103BA00000229A6400BF1037BD4680BD80B58AB040
:103BB00000AFF860B9607A603B6000237B62FB680D
:103BC0003B623B6A002B05D140F2EA2279497A48F0
:103BD0001AF092FBBB68002B03D13B6A1B6C002BD5
:103BE00001D1012300E00023002B05D140F2EB229C
:103BF000704971481AF080FB3B68022B03D13B6A85
:103C0000DB6B012B01D1012300E00023002B05D148
:103C10004FF43B72674968481AF06EFB01F02AFBCB
:103C20000346002B02D17B68002B01D1012300E069
:103C30000023002B05D140F2EF225E495E481AF0C6
:103C40005BFB02F04FFB3B6A9A6B3B6ADB6B9A4271
:103C500002D33B68022B45D13B6A9B6BFB613A6800
:103C6000B968386A00F03CFBB8613B6A9B6C002B7A
:103C700014D03B68022B02D1FB69002B2ED1386A8D
:103C800000F0AAFC0346002B28D04C4B4FF080528A
:103C90001A60BFF34F8FBFF36F8F1FE03B6A5B6A01
:103CA000002B10D03B6A2433184601F04DF903462F
:103CB000002B13D0414B4FF080521A60BFF34F8F4F
:103CC000BFF36F8F0AE0BB69002B07D03B4B4FF06F
:103CD00080521A60BFF34F8FBFF36F8F02F030FB3B
:103CE000012363E07B68002B03D102F029FB002352
:103CF0005CE07B6A002B06D107F11003184601F047
:103D000085F901237B6202F01BFB00F005FF02F046
:103D1000E9FA3B6A93F844305BB2B3F1FF3F03D159
:103D20003B6A002283F844203B6A93F845305BB23B
:103D3000B3F1FF3F03D13B6A002283F8452002F034
:103D4000FFFA3A1D07F110031146184601F074F905
:103D50000346002B24D1386A00F0C7FB0346002B32
:103D600018D03B6A10337A681146184601F09EF865
:103D7000386A00F045FB00F0DDFE0346002B7FF4BF
:103D800060AF0E4B4FF080521A60BFF34F8FBFF3FE
:103D90006F8F56E7386A00F033FB00F0CBFE50E738
:103DA000386A00F02DFB00F0C5FE002318462837C6
:103DB000BD4680BDE00802083809020804ED00E0B5
:103DC00080B58CB000AFF860B9607A603B60FB688A
:103DD000BB62BB6A002B05D14FF46F724A494B4856
:103DE0001AF08AFABB68002B03D1BB6A1B6C002B4C
:103DF00001D1012300E00023002B05D140F2BD32A8
:103E0000414942481AF078FA3B68022B03D1BB6A59
:103E1000DB6B012B01D1012300E00023002B05D136
:103E200040F2BE32384939481AF066FA02F034FBE3
:103E3000EFF311824FF0500383F31188BFF36F8FBC
:103E4000BFF34F8FBA617B61BB697B62BB6A9A6BC0
:103E5000BB6ADB6B9A4202D33B68022B46D1BB6A3A
:103E600093F8453087F82330BB6A9B6BFB613A6857
:103E7000B968B86A00F034FA97F92330B3F1FF3F1C
:103E800029D1BB6A9B6C002B12D03B68022B02D15C
:103E9000FB69002B27D1B86A00F09EFB0346002B7C
:103EA00021D07B68002B1ED07B6801221A601AE0AB
:103EB000BB6A5B6A002B16D0BB6A2433184601F03C
:103EC00043F80346002B0ED07B68002B0BD07B6899
:103ED00001221A6007E097F823300133DBB25AB2AF
:103EE000BB6A83F845200123FB6201E00023FB62EB
:103EF0007B6A3B613B6983F3118800BFFB6A18460C
:103F00003037BD4680BD00BFE0080208380902080E
:103F100080B58AB000AFF860B9607A6000237B6238
:103F2000FB683B623B6A002B05D140F204525F49BB
:103F30005F481AF0E1F9BB68002B03D13B6A1B6CA8
:103F4000002B01D1012300E00023002B05D14FF409
:103F5000A162564956481AF0CFF901F08BF9034691
:103F6000002B02D17B68002B01D1012300E000234C
:103F7000002B05D140F20D524C494D481AF0BCF9C6
:103F800002F0B0F93B6A9B6BFB61FB69002B1FD011
:103F9000B968386A00F00EFAFB695A1E3B6A9A63E8
:103FA0003B6A1B69002B0FD03B6A1033184600F0A8
:103FB000CBFF0346002B07D03E4B4FF080521A60D8
:103FC000BFF34F8FBFF36F8F02F0BAF9012369E09F
:103FD0007B68002B03D102F0B3F9002362E07B6A17
:103FE000002B06D107F11403184601F00FF8012346
:103FF0007B6202F0A5F900F08FFD02F073F93B6AD5
:1040000093F844305BB2B3F1FF3F03D13B6A002227
:1040100083F844203B6A93F845305BB2B3F1FF3F2D
:1040200003D13B6A002283F8452002F089F93A1D4A
:1040300007F114031146184600F0FEFF0346002B5B
:1040400023D1386A00F03BFA0346002B17D03B6AB5
:1040500024337A681146184600F028FF386A00F0C9
:10406000CFF900F067FD0346002B89D1114B4FF0CB
:1040700080521A60BFF34F8FBFF36F8F80E7386AAB
:1040800000F0BEF900F056FD7AE7386A00F0B8F9A2
:1040900000F050FD386A00F012FA0346002B3FF49E
:1040A0006FAF002318462837BD4680BDE0080208E0
:1040B0003809020804ED00E080B58AB000AF7860EE
:1040C000396000237B627B68FB6100233B62FB69F4
:1040D000002B05D140F29552724973481AF00CF941
:1040E000FB691B6C002B05D040F299526D496E485C
:1040F0001AF002F901F0BEF80346002B02D13B682A
:10410000002B01D1012300E00023002B05D140F258
:104110009E52644964481AF0EFF802F0E3F8FB6934
:104120009B6BBB61BB69002B24D0BB695A1EFB692A
:104130009A63FB691B68002B04D101F037FA024631
:10414000FB699A60FB691B69002B0FD0FB69103378
:10415000184600F0F9FE0346002B07D0534B4FF0F2
:1041600080521A60BFF34F8FBFF36F8F02F0E8F8F1
:10417000012392E03B68002B0CD13B6A002B05D059
:1041800040F2E552474948481AF0B6F802F0D8F82C
:10419000002382E07B6A002B06D107F10C0318464E
:1041A00000F034FF01237B6202F0CAF800F0B4FC97
:1041B00002F098F8FB6993F844305BB2B3F1FF3F2B
:1041C00003D1FB69002283F84420FB6993F8453052
:1041D0005BB2B3F1FF3F03D1FB69002283F84520B6
:1041E00002F0AEF83A4607F10C031146184600F00B
:1041F00023FF0346002B32D1F86900F060F9034633
:10420000002B26D0FB691B68002B09D102F06AF84D
:10421000FB699B68184601F04BF8386202F090F891
:10422000FB6924333A681146184600F03FFEF869EE
:1042300000F0E6F800F07EFC0346002B7FF46DAF43
:104240001A4B4FF080521A60BFF34F8FBFF36F8F3E
:1042500063E7F86900F0D4F800F06CFC5DE7F869FA
:1042600000F0CEF800F066FCF86900F028F903468B
:10427000002B3FF452AF3B6A002B0DD002F032F816
:10428000F86900F015F87861FB699B687969184650
:1042900001F004F902F054F8002318462837BD460F
:1042A00080BD00BFE00802083809020804ED00E004
:1042B00080B485B000AF78607B685B6A002B06D065
:1042C0007B681B6B1B68C3F12003FB6001E00023CC
:1042D000FB60FB6818461437BD465DF8047B7047E9
:1042E00080B586B000AFF860B9607A6000237B616A
:1042F000FB689B6B3B61FB681B6C002B0DD1FB6863
:104300001B68002B4DD1FB689B68184601F046F8EE
:104310007861FB6800229A6043E07B68002B19D12A
:10432000FB685868FB681B6C1A46B9681AF04CF9B0
:10433000FB685A68FB681B6C1A44FB685A60FB6890
:104340005A68FB689B689A422BD3FB681A68FB6823
:104350005A6026E0FB68D868FB681B6C1A46B9688F
:104360001AF032F9FB68DA68FB681B6C5B421A448E
:10437000FB68DA60FB68DA68FB681B689A4207D260
:10438000FB689A68FB681B6C5B421A44FB68DA6046
:104390007B68022B05D13B69002B02D03B69013BB6
:1043A0003B613B695A1CFB689A637B691846183766
:1043B000BD4680BD80B582B000AF786039607B6853
:1043C0001B6C002B18D07B68DA687B681B6C1A4466
:1043D0007B68DA607B68DA687B689B689A4203D303
:1043E0007B681A687B68DA607B68D9687B681B6CBD
:1043F0001A4638681AF0E8F800BF0837BD4680BD95
:1044000080B584B000AF786001F06CFF7B6893F8F2
:104410004530FB731EE07B689B6C002B08D07868EE
:1044200000F0DAF80346002B10D000F061FE0DE03A
:104430007B685B6A002B12D07B682433184600F03F
:1044400083FD0346002B01D000F052FEFB7B013BB5
:10445000DBB2FB7397F90F30002BDCDC00E000BF10
:104460007B68FF2283F8452001F06AFF01F03AFFE4
:104470007B6893F84430BB7311E07B681B69002BA9
:1044800012D07B681033184600F05EFD0346002B07
:1044900001D000F02DFEBB7B013BDBB2BB7397F973
:1044A0000E30002BE9DC00E000BF7B68FF2283F8C0
:1044B000442001F045FF00BF1037BD4680BD80B5E8
:1044C00084B000AF786001F00DFF7B689B6B002B20
:1044D00002D10123FB6001E00023FB6001F030FF0B
:1044E000FB6818461037BD4680BD80B584B000AF6C
:1044F000786001F0F7FE7B689A6B7B68DB6B9A4211
:1045000002D10123FB6001E00023FB6001F018FFF2
:10451000FB6818461037BD4680BD000080B485B0EA
:1045200000AF786039600023FB6014E00F4AFB683D
:1045300052F83330002B0BD10C49FB683A6841F834
:1045400033200A4AFB68DB0013447A685A6006E0AD
:10455000FB680133FB60FB68072BE7D900BF00BF96
:104560001437BD465DF8047B704700BFAC020020E5
:1045700080B586B000AFF860B9607A60FB687B6197
:1045800001F0B0FE7B6993F844305BB2B3F1FF3FBA
:1045900003D17B69002283F844207B6993F845307E
:1045A0005BB2B3F1FF3F03D17B69002283F8452062
:1045B00001F0C6FE7B699B6B002B06D17B6924331F
:1045C0007A68B968184600F095FC7869FFF718FF1B
:1045D00000BF1837BD4680BD80B586B000AF78609B
:1045E0007B689B6C3B6100237B613B69002B05D1A1
:1045F00040F649322049214819F07EFE3B699A6B0A
:104600003B69DB6B9A4205D340F64A321A491B4894
:1046100019F072FE3B699A6B3B69DB6B9A4225D2BB
:104620003B6993F84530FB733B1D002219463869FE
:10463000FFF756FE786197F90F30B3F1FF3F0ED1C7
:104640003B695B6A002B11D03B692433184600F0AC
:104650007BFC0346002B09D001237B6106E0FB7B3A
:104660000133DBB25AB23B6983F845207B691846B7
:104670001837BD4680BD00BFE008020838090208AF
:1046800080B58CB004AFF860B9603B601346FB8026
:10469000FB889B00184601F027FB78617B69002BA3
:1046A0000ED05C2001F020FBF861FB69002B03D0E9
:1046B000FB697A691A6305E0786901F0D3FB01E0D0
:1046C0000023FB61FB69002B13D0FA8800230393BE
:1046D000FB690293FB6A0193BB6A00933B68B9686C
:1046E000F86800F00FF8F86900F09AF80123BB6150
:1046F00002E04FF0FF33BB61BB6918462037BD466F
:1047000080BD000080B586B000AFF860B9607A6007
:104710003B60BB6A186B7B689B001A46A52119F0A9
:1047200026FEBB6A1A6B7B6803F18043013B9B004A
:1047300013443B613B6923F007033B613B6903F092
:104740000703002B05D04FF459723349334819F051
:10475000D3FDBB68002B1FD000237B6112E0BA6839
:104760007B6913441978BA6A7B69134434330A4667
:104770001A70BA687B6913441B78002B06D07B69DA
:1047800001337B617B690F2BE9D900E000BFBB6A75
:10479000002283F8432003E0BB6A002283F8342020
:1047A0003B6A1F2B01D91F233B62BB6A3A6ADA625C
:1047B000BB6A3A6ADA64BB6A00221A65BB6A0433D0
:1047C0001846FFF79BF8BB6A18331846FFF796F8B0
:1047D000BB6ABA6A1A613B6AC3F12002BB6A9A617A
:1047E000BB6ABA6A5A62BB6A00225A65BB6A002277
:1047F00083F858203A68F968386901F04BFC0246A2
:10480000BB6A1A607B6A002B02D07B6ABA6A1A60A4
:1048100000BF1837BD4680BD48090208A00902083C
:1048200080B582B000AF786001F05CFD2C4B1B6856
:1048300001332B4A13602B4B1B68002B09D1294AEB
:104840007B681360264B1B68012B10D100F074FCB1
:104850000DE0254B1B68002B09D1224B1B68DA6A3F
:104860007B68DB6A9A4202D81E4A7B6813601F4B42
:104870001B6801331D4A13601C4B1A687B685A641D
:104880007B68DB6A01229A40194B1B681343184A64
:1048900013607B68DA6A13469B0013449B00154A39
:1048A0001A447B68043319461046FFF734F801F0C8
:1048B00047FD0D4B1B68002B0ED00A4B1B68DA6AB4
:1048C0007B68DB6A9A4207D20B4B4FF080521A602A
:1048D000BFF34F8FBFF36F8F00BF0837BD4680BD5A
:1048E000E0050020EC020020EC050020FC05002083
:1048F000E8050020F002002004ED00E080B584B05F
:1049000000AF786001F0EEFC7B68002B02D1364BE3
:104910001B6800E07B68FB60FB6804331846FFF708
:1049200057F80346002B15D1FB68DA6A2F49134666
:104930009B0013449B000B441B68002B0AD1FB68AF
:10494000DB6A012202FA03F3DA43294B1B681340A6
:10495000274A1360FB689B6A002B04D0FB6818335E
:104960001846FFF735F8234B1B680133214A1360C3
:104970001D4B1B68FA689A420BD1FB680433194639
:104980001D48FEF7C8FF1D4B1B6801331B4A13600F
:1049900009E01B4B1B68013B194A1360F86800F0E3
:1049A00039FC00F047FC01F0CBFC164B1B68002BD8
:1049B00016D00D4B1B68FA689A4211D1124B1B6836
:1049C000002B05D040F2DA421049114819F094FC4E
:1049D000104B4FF080521A60BFF34F8FBFF36F8FB1
:1049E00000BF1037BD4680BDEC020020F002002061
:1049F000E8050020FC050020B4050020C8050020C3
:104A0000E0050020EC050020080600204809020807
:104A1000A009020804ED00E080B584B000AF786022
:104A20000023FB607B68002B12D0114B1B68002B0E
:104A300005D040F244520F490F4819F05DFC00F0D8
:104A40006BF80021786800F0C5FD00F073F8F8609D
:104A5000FB68002B07D1094B4FF080521A60BFF35F
:104A60004F8FBFF36F8F00BF1037BD4680BD00BFB3
:104A70000806002048090208A009020804ED00E029
:104A800080B584B002AF1C4B019300230093002338
:104A900082221A491A48FFF7F3FD78607B68012BE0
:104AA00002D100F0FDFD78607B68012B16D14FF03C
:104AB000500383F31188BFF36F8FBFF34F8F3B60B9
:104AC00000BF104B4FF0FF321A600F4B01221A60EB
:104AD0000E4B00221A6001F063FB09E07B68B3F122
:104AE000FF3F05D140F62A0209490A4819F004FCA3
:104AF00000BF0837BD4680BD04060020B00902088B
:104B00000951000800060020EC050020E405002003
:104B100048090208A009020880B400AF044B1B68D2
:104B20000133034A136000BFBD465DF8047B704744
:104B30000806002080B584B000AF0023FB6000238E
:104B4000BB603F4B1B68002B05D140F699023D49E5
:104B50003D4819F0D1FB01F0C5FB394B1B68013B07
:104B6000374A1360364B1B68002B61D1374B1B68EB
:104B7000002B5DD02EE0364BDB68DB68FB60FB680A
:104B800018331846FEF724FFFB6804331846FEF777
:104B90001FFFFB68DB6A01229A402E4B1B68134300
:104BA0002C4A1360FB68DA6A13469B0013449B008F
:104BB000294A1A44FB68043319461046FEF7ABFE37
:104BC000FB68DA6A254B1B68DB6A9A4202D3244BE6
:104BD00001221A601E4B1B68002BCCD1FB68002BF6
:104BE00001D000F027FB1F4B1B687B607B68002B0C
:104BF00010D000F04BF80346002B02D0184B0122D6
:104C00001A607B68013B7B607B68002BF1D1154B00
:104C100000221A60124B1B68002B09D00123BB60D5
:104C2000114B4FF080521A60BFF34F8FBFF36F8F5D
:104C300001F086FBBB6818461037BD4680BD00BF3B
:104C40000806002048090208A0090208E005002023
:104C5000A0050020E8050020F0020020EC02002062
:104C6000F4050020F005002004ED00E080B483B0DE
:104C700000AF054B1B687B607B6818460C37BD4650
:104C80005DF8047B704700BFE405002080B586B066
:104C900000AF00237B614C4B1B68002B40F08980E8
:104CA0004A4B1B6801333B61484A3B6913603B69CF
:104CB000002B1BD1464B1B681B68002B05D040F610
:104CC000A9224449444819F017FB414B1B68FB607B
:104CD000424B1B683E4A1360404AFB681360404BDE
:104CE0001B6801333E4A136000F0A4FA3D4B1B6879
:104CF0003A699A4248D3364B1B681B68002B04D193
:104D0000384B4FF0FF321A603EE0314B1B68DB68D6
:104D1000DB68BB60BB685B687B603A697B689A4212
:104D200003D2304A7B6813602EE0BB680433184618
:104D3000FEF74EFEBB689B6A002B04D0BB6818339D
:104D40001846FEF745FEBB68DB6A01229A40264BF7
:104D50001B681343244A1360BB68DA6A13469B003E
:104D600013449B00214A1A44BB6804331946104679
:104D7000FEF7D1FDBB68DA6A1D4B1B68DB6A9A42FD
:104D8000B9D301237B61B6E7194B1B68DA6A17496F
:104D900013469B0013449B000B441B68012B01D955
:104DA00001237B61134B1B68002B07D001237B6120
:104DB00004E0114B1B6801330F4A13607B691846EE
:104DC0001837BD4680BD00BF08060020E40500205E
:104DD0009805002048090208A00902089C05002047
:104DE000F805002000060020E8050020F002002061
:104DF000EC020020F4050020F005002080B584B00E
:104E000000AF234B1B68002B03D0224B01221A60FA
:104E10003AE0204B00221A601F4B1B687B607B68C6
:104E2000B3FA83F3FB70FB78C3F11F03FB601B49EC
:104E3000FA6813469B0013449B000B441B68002B2D
:104E400005D140F6E1321649164819F055FAFA68CC
:104E500013469B0013449B00104A1344BB60BB687D
:104E60005B685A68BB685A60BB685A68BB6808339D
:104E70009A4204D1BB685B685A68BB685A60BB68D9
:104E80005B68DB68084A136000BF1037BD4680BD11
:104E900008060020F4050020E8050020F0020020AC
:104EA00048090208A0090208EC02002080B582B07F
:104EB00000AF786039607B68002B05D140F6FA328C
:104EC00009490A4819F018FA094B1B6818331946A2
:104ED0007868FEF744FD0121386800F07BFB00BFD5
:104EE0000837BD4680BD00BF48090208A009020876
:104EF000EC02002080B584B000AFF860B9607A6041
:104F0000FB68002B05D140F625420C490C4819F0EE
:104F1000F3F90C4B1B6818331946F868FEF7FBFCD5
:104F20007B68002B02D04FF0FF33BB607968B86814
:104F300000F050FB00BF1037BD4680BD4809020895
:104F4000A0090208EC02002080B584B000AF7860B0
:104F50007B68DB68DB68BB60BB68002B05D140F673
:104F600055422249224819F0C7F9BB681833184640
:104F7000FEF72EFD1F4B1B68002B1CD1BB680433B2
:104F80001846FEF725FDBB68DB6A01229A401A4BE2
:104F90001B681343184A1360BB68DA6A13469B0008
:104FA00013449B00154A1A44BB6804331946104643
:104FB000FEF7B1FC05E0BB68183319461048FEF750
:104FC000AAFCBB68DA6A0F4B1B68DB6A9A4205D9F8
:104FD0000123FB600C4B01221A6001E00023FB60FF
:104FE000FB6818461037BD4680BD00BF480902085F
:104FF000A009020808060020E8050020F0020020B1
:10500000A0050020EC020020F405002080B483B04D
:1050100000AF7860064B1A687B681A60054B1A6807
:105020007B685A6000BF0C37BD465DF8047B704753
:10503000F8050020E405002080B586B000AF786058
:1050400039607B68002B05D140F6CE4224492548C3
:1050500019F052F93B68002B05D140F6CF422049A8
:10506000204819F049F901F03DF91F4B1B683B61DD
:105070007B685B683A69D31AFB603B681B68B3F1D5
:10508000FF3F02D100237B6123E07B681A68174B46
:105090001B689A4207D07B685B683A699A4202D3E0
:1050A00001237B6115E03B681B68FA689A420BD2CA
:1050B0003B681A68FB68D21A3B681A607868FFF789
:1050C000A5FF00237B6104E03B6800221A600123F6
:1050D0007B6101F035F97B6918461837BD4680BD04
:1050E00048090208A0090208E4050020F80500208C
:1050F00080B400AF034B01221A6000BFBD465DF8CB
:10510000047B7047F405002080B582B000AF786062
:1051100000F052F8064B1B68012BF9D9054B4FF0F4
:1051200080521A60BFF34F8FBFF36F8FF0E700BF5D
:10513000F002002004ED00E080B582B000AF002353
:105140007B600CE07A6813469B0013449B00124A74
:1051500013441846FEF7B2FB7B6801337B607B6823
:105160001F2BEFD90D48FEF7A9FB0D48FEF7A6FB54
:105170000C48FEF7A3FB0C48FEF7A0FB0B48FEF71C
:105180009DFB0B4B054A1A600A4B054A1A6000BF8B
:105190000837BD4680BD00BFF0020020700500202A
:1051A00084050020A0050020B4050020CC050020C7
:1051B000980500209C05002080B582B000AF19E062
:1051C00001F090F8104BDB68DB687B607B68043390
:1051D0001846FEF7FDFB0D4B1B68013B0B4A1360A5
:1051E0000B4B1B68013B0A4A136001F0A9F8786871
:1051F00000F010F8064B1B68002BE1D100BF00BF88
:105200000837BD4680BD00BFB4050020E005002082
:10521000C805002080B582B000AF78607B681B6B4A
:10522000184600F01FFE786800F01CFE00BF08372B
:10523000BD4680BD80B483B000AF0C4B1B681B68BB
:10524000002B04D10A4B4FF0FF321A6008E0074BE5
:105250001B68DB68DB687B607B685B68044A136003
:1052600000BF0C37BD465DF8047B704798050020F1
:105270000006002080B483B000AF0B4B1B68002BEE
:1052800002D101237B6008E0084B1B68002B02D190
:1052900002237B6001E000237B607B6818460C37AB
:1052A000BD465DF8047B7047EC0500200806002031
:1052B00080B584B000AF78607B68BB600023FB6082
:1052C0007B68002B5ED0BB68DA6A314B1B68DB6AF7
:1052D0009A424ED2BB689B69002B06DB2C4B1B68A5
:1052E000DB6AC3F12002BB689A61BB685969BB687D
:1052F000DA6A13469B0013449B00264A13449942E2
:105300002FD1BB6804331846FEF762FB0346002B1F
:105310000AD1BB68DB6A012202FA03F3DA431E4BAF
:105320001B6813401C4A1360194B1B68DA6ABB6880
:10533000DA62BB68DB6A01229A40174B1B68134391
:10534000154A1360BB68DA6A13469B0013449B003E
:10535000104A1A44BB68043319461046FEF7DBFABC
:1053600004E00B4B1B68DA6ABB68DA620123FB605E
:1053700008E0BB68DA6C064B1B68DB6A9A4201D214
:105380000123FB60FB6818461037BD4680BD00BF97
:10539000EC020020F0020020E805002080B584B077
:1053A00000AF78607B68BB600023FB607B68002BEC
:1053B00064D0354B1B68BA689A4205D041F213029B
:1053C0003249334818F098FFBB681B6D002B05D19C
:1053D00041F214022D492E4818F08EFFBB681B6D58
:1053E0005A1EBB681A65BB68DA6ABB68DB6C9A42F6
:1053F00044D0BB681B6D002B40D1BB6804331846FA
:10540000FEF7E6FA0346002B15D1BB68DA6A21499C
:1054100013469B0013449B000B441B68002B0AD1CE
:10542000BB68DB6A012202FA03F3DA431A4B1B68FA
:105430001340194A1360BB68DA6CBB68DA62BB6858
:10544000DB6AC3F12002BB689A61BB68DB6A012298
:105450009A40114B1B6813430F4A1360BB68DA6A0A
:1054600013469B0013449B000A4A1A44BB6804334A
:1054700019461046FEF74FFA0123FB60FB681846F9
:105480001037BD4680BD00BFEC020020480902086D
:10549000A0090208F0020020E805002080B586B0CF
:1054A00000AF786039607B683B610123FB607B68FB
:1054B000002B6DD03B691B6D002B05D141F26202C0
:1054C0003549364818F018FF3B69DB6C3A689A4258
:1054D00002D93B687B6102E03B69DB6C7B613B6925
:1054E000DB6A7A699A4253D03B691B6DFA689A422B
:1054F0004ED12B4B1B683A699A4205D141F27D028D
:105500002549264818F0F8FE3B69DB6ABB603B6919
:105510007A69DA623B699B69002B04DB7B69C3F122
:1055200020023B699A613B695969BA6813469B003E
:1055300013449B001B4A1344994229D13B6904330D
:105540001846FEF745FA0346002B0AD13B69DB6A91
:10555000012202FA03F3DA43134B1B681340124A89
:1055600013603B69DB6A01229A400F4B1B681343AF
:105570000D4A13603B69DA6A13469B0013449B0093
:10558000084A1A443B69043319461046FEF7C3F92A
:1055900000BF1837BD4680BD48090208A0090208AF
:1055A000EC020020F0020020E805002080B400AFEB
:1055B000074B1B68002B04D0054B1B681A6D01328A
:1055C0001A65034B1B681846BD465DF8047B70479F
:1055D000EC02002080B584B000AF78603960294BC0
:1055E0001B68FB60284B1B6804331846FEF7F0F974
:1055F0000346002B0BD1244B1B68DB6A012202FA05
:1056000003F3DA43214B1B681340204A13607B6885
:10561000B3F1FF3F0AD13B68002B07D01A4B1B6840
:10562000043319461A48FEF776F926E0FA687B68D3
:105630001344BB60144B1B68BA685A60BA68FB68B5
:105640009A4209D2134B1A680F4B1B680433194650
:105650001046FEF784F910E00F4B1A680A4B1B68DE
:10566000043319461046FEF77AF90C4B1B68BA68EA
:105670009A4202D2094ABB68136000BF1037BD4688
:1056800080BD00BFE4050020EC020020E8050020FA
:10569000CC0500209C050020980500200006002075
:1056A00080B584B002AF00237B6000F0E7FA0F4BB7
:1056B0001B68002B0BD00E4B01931F23009300237C
:1056C0004FF482720B490C48FEF7DAFF78607B6872
:1056D000002B05D140F213120849094818F00CFEBE
:1056E0007B6818460837BD4680BD00BF3C060020D9
:1056F00040060020C809020835580008D0090208F1
:10570000280A020880B58AB000AFF860B9607A60F4
:105710003B6000237B62FB68002B05D14FF4C17214
:105720001B491C4818F0E8FD1B4B1B68002B2AD0B6
:10573000BB687B617B68BB61FB68FB61BB68052B59
:1057400018DCFFF797FD0346022B09D1124B1868AE
:1057500007F1140100233A6BFEF728FA786212E091
:105760000D4B186807F1140100230022FEF71EFA02
:10577000786208E0084B186807F1140100233A68C2
:10578000FEF71EFB78627B6A18462837BD4680BD4F
:10579000D0090208280A02083C06002080B586B01D
:1057A00002AF78603960204B1B68DB68DB68FB6008
:1057B000FB6804331846FEF70BF9FB6893F82830B2
:1057C00003F00403002B1ED0FB689A697B68D11894
:1057D0007B683A68F86800F0D1F80346002B1BD0CC
:1057E0000023009300237A680021F868FFF78AFFFE
:1057F000B860BB68002B0FD140F211220B490C4856
:1058000018F07AFD08E0FB6893F8283023F00103D4
:10581000DAB2FB6883F82820FB681B6AF8689847AF
:1058200000BF1037BD4680BD34060020D0090208F5
:10583000280A020880B584B000AF786007F1080339
:10584000184600F057F8F860BB681946F86800F091
:1058500003F800F0D5F8F1E780B584B000AF7860C8
:105860003960FFF759F907F10803184600F066F8A8
:10587000F860BB68002B30D13B68002B0AD17A68F6
:10588000FB689A4206D8FFF755F9F9687868FFF780
:1058900085FF24E03B68002B08D0134B1B681B6876
:1058A000002B01D1012300E000233B600F4B18685F
:1058B0007A68FB68D31A3A681946FEF759FEFFF773
:1058C00039F90346002B0AD1094B4FF080521A6078
:1058D000BFF34F8FBFF36F8F01E0FFF72BF900BFCE
:1058E0001037BD4680BD00BF380600203C060020B2
:1058F00004ED00E080B485B000AF78600E4B1B680B
:105900001B68002B01D1012200E000227B681A6095
:105910007B681B68002B05D1074B1B68DB681B6885
:10592000FB6001E00023FB60FB6818461437BD46AE
:105930005DF8047B704700BF3406002080B584B05A
:1059400000AF7860FFF792F9F8600B4B1B68FA68BC
:105950009A4205D200F02EF97B6801221A6002E01B
:105960007B6800221A60044AFB681360FB681846D3
:105970001037BD4680BD00BF4406002080B586B00C
:1059800000AFF860B9607A603B6000237B61FB6820
:10599000BA685A60FB68FA681A61BA687B689A420A
:1059A00012D87A683B68D21AFB689B699A4202D384
:1059B00001237B611BE0104B1A68FB680433194616
:1059C0001046FDF7CCFF12E07A683B689A4206D297
:1059D000BA683B689A4202D301237B6107E0074B18
:1059E0001A68FB68043319461046FDF7B8FF7B6957
:1059F00018461837BD4680BD380600203406002002
:105A000080B58CB002AFBDE0BB68002B14DA07F1A3
:105A1000080304337B627B6A002B05D140F2F1223C
:105A20006149624818F068FC7B6A1B687A6A5068B2
:105A30007A6A926811469847BB68002BC0F2A28030
:105A40003B693B623B6A5B69002B04D03B6A0433D1
:105A50001846FDF7BDFF3B1D1846FFF76FFFF861C5
:105A6000BB68092B00F28D8001A252F823F000BF21
:105A7000995A0008995A0008995A0008055B0008CD
:105A8000195B0008595B0008995A0008995A0008E8
:105A9000055B0008195B00083B6A93F8283043F067
:105AA0000103DAB23B6A83F82820FA683B6A9B69F3
:105AB000D118FB68FA69386AFFF760FF0346002BCC
:105AC00060D03B6A1B6A386A98473B6A93F8283073
:105AD00003F00403002B55D0FA683B6A9B691A4413
:105AE0000023009300230021386AFFF70BFEB86102
:105AF000BB69002B46D14FF44B722B492B4818F051
:105B0000FBFB3FE03B6A93F8283023F00103DAB255
:105B10003B6A83F8282035E03B6A93F8283043F04D
:105B20000103DAB23B6A83F82820FA683B6A9A617B
:105B30003B6A9B69002B05D14FF451721A491B48EF
:105B400018F0DAFB3B6A9A69FB69D118FB69FA69BC
:105B5000386AFFF713FF15E03B6A93F8283003F02B
:105B60000203002B03D1386A00F07CF90AE03B6A9B
:105B700093F8283023F00103DAB23B6A83F8282037
:105B800000E000BF0A4B1B6807F10801002218461D
:105B9000FEF7BEF90346002B7FF436AF00BF00BF0F
:105BA0002837BD4680BD00BFD0090208280A020878
:105BB0003C06002080B588B002AF43E02B4B1B6849
:105BC000DB681B683B61294B1B68DB68DB68FB609B
:105BD000FB6804331846FDF7FBFEFB681B6AF86898
:105BE0009847FB6893F8283003F00403002B29D072
:105BF000FB689B693A691344BB60BA683B699A4287
:105C00000ED9FB68BA685A60FB68FA681A61174BCC
:105C10001A68FB68043319461046FDF7A0FE11E030
:105C20000023009300233A690021F868FFF76AFD1A
:105C300078607B68002B05D140F29D320C490D48FD
:105C400018F05AFB094B1B681B68002BB6D1074B99
:105C50001B687B61084B1B68044A1360064A7B691A
:105C6000136000BF1837BD4680BD00BF340600205A
:105C7000D0090208280A02083806002080B500AFC3
:105C800000F030FB124B1B68002B1DD11148FDF7B3
:105C900015FE1148FDF712FE104B0E4A1A60104B0C
:105CA0000D4A1A60002210210520FDF723FF03464C
:105CB000074A1360064B1B68002B05D0044B1B687A
:105CC00008491846FEF72AFC00F03AFB00BF80BDE9
:105CD0003C0600200C060020200600203406002090
:105CE00038060020380A020880B586B000AF786018
:105CF0000023FB60FEF710FF524B1B68002B01D105
:105D000000F00CF9504B1A687B681340002B40F0F0
:105D100087807B68002B17D008227B6813447B6048
:105D20007B6803F00703002B0ED07B6823F007038A
:105D300008337B607B6803F00703002B04D09722B5
:105D40004249434818F0D8FA7B68002B68D0414B91
:105D50001B687A689A4263D83F4B3B613E4B1B6895
:105D60007B6104E07B693B617B691B687B617B69CC
:105D70005B687A689A4203D97B691B68002BF1D172
:105D8000304B1B687A699A424AD03B691B680822EB
:105D90001344FB607B691A683B691A607B695A6827
:105DA0007B68D21A08235B009A4219D97A697B680A
:105DB0001344BB60BB6803F00703002B04D0C4226C
:105DC0002249234818F098FA7B695A687B68D21AEE
:105DD000BB685A607B697A685A60B86800F000F95D
:105DE0001C4B1A687B695B68D31A1A4A1360194BFB
:105DF0001A681A4B1B689A4203D2164B1B68174A43
:105E000013607B695A68104B1B681A437B695A60A0
:105E10007B6900221A60124B1B680133104A136021
:105E2000FEF788FEFB6803F00703002B05D040F265
:105E300005120649064818F05FFAFB68184618373D
:105E4000BD4680BD5056002064560020400A02081E
:105E50009C0A02085456002048560020585600203C
:105E60005C56002080B584B000AF78607B68FB6032
:105E70007B68002B43D008235B42FA681344FB6025
:105E8000FB68BB60BB685A681F4B1B681340002B44
:105E900005D140F219121D491D4818F02DFABB68B2
:105EA0001B68002B05D04FF48D721849184818F064
:105EB00023FABB685A68144B1B681340002B1ED092
:105EC000BB681B68002B1AD1BB685A680E4B1B6855
:105ED000DB431A40BB685A60FEF71EFEBB685A6877
:105EE0000C4B1B6813440B4A1360B86800F078F839
:105EF000094B1B680133084A1360FEF71BFE00BF05
:105F00001037BD4680BD00BF64560020400A02081D
:105F10009C0A0208545600206056002080B485B0C8
:105F200000AF4FF4A043BB60274BFB60FB6803F05E
:105F30000703002B0CD0FB680733FB60FB6823F0E2
:105F40000703FB60BA68FB68D31A1F4A1344BB609F
:105F5000FB687B601D4A7B6813601C4B00225A6003
:105F60007B68BA681344FB600822FB689B1AFB60DD
:105F7000FB6823F00703FB60FB68154A1360144BB2
:105F80001B6800225A60124B1B6800221A607B6853
:105F90003B603B68FA68D21A3B685A600C4B1A683F
:105FA0003B681A603B685B680A4A13603B685B6841
:105FB000094A1360094B4FF000421A6000BF1437C2
:105FC000BD465DF8047B7047480600204856002017
:105FD0005056002058560020545600206456002089
:105FE00080B485B000AF7860284BFB6002E0FB68AE
:105FF0001B68FB60FB681B687A689A42F7D8FB68ED
:10600000BB60FB685B68BA6813447A689A4208D13F
:10601000FB685A687B685B681A44FB685A60FB68D7
:106020007B607B68BB607B685B68BA681A44FB680E
:106030001B689A4218D1FB681A68154B1B689A4274
:106040000DD07B685A68FB681B685B681A447B68E4
:106050005A60FB681B681A687B681A6008E00C4B82
:106060001A687B681A6003E0FB681A687B681A602C
:10607000FA687B689A4202D0FB687A681A6000BFAF
:106080001437BD465DF8047B704700BF48560020BA
:106090005056002080B485B000AFF860B9607A60D7
:1060A000FB68043BFB60FB684FF080721A60FB6882
:1060B000043BFB60BB6823F00102FB681A60FB68CD
:1060C000043BFB600C4AFB681A60FB68143BFB60F6
:1060D0007A68FB681A60FB68043BFB60FB686FF042
:1060E00002021A60FB68203BFB60FB68184614370D
:1060F000BD465DF8047B7047FD60000880B582B046
:1061000000AF00233B600E4B1B68B3F1FF3F04D090
:10611000E3220C490C4818F0EFF84FF0500383F3DA
:106120001188BFF36F8FBFF34F8F7B6000BF00BF3D
:106130003B68002BFCD000BF00BF0837BD4680BDC8
:1061400004000020AC0A0208040B02080000000052
:10615000074B19680868B0E8F04F80F30988BFF36F
:106160006F8F4FF0000080F311887047AFF300800D
:10617000EC02002000BF00BF08480068006880F300
:1061800008884FF0000080F3148862B661B6BFF350
:106190004F8FBFF36F8F00DF00BF00BF08ED00E03F
:1061A00080B584B000AF444B1B68444A934205D18C
:1061B0004FF494724249434818F09EF83E4B1B68D6
:1061C000414A934205D140F229123D493D4818F019
:1061D00093F83E4BFB60FB681B78DBB2BB60FB684F
:1061E000FF221A70FB681B78DBB2FB71FB79DBB214
:1061F00003F05003DAB2364B1A70364B07221A609E
:1062000009E0344B1B68013B324A1360FB79DBB277
:106210005B00DBB2FB71FB79DBB203F08003802B08
:10622000EFD02C4B1B68C3F10703042B05D040F2C1
:1062300051122349234818F05FF8264B1B68C3F11D
:106240000703042B05D04FF4AD721D491D4818F00B
:1062500053F8204B1B681B021E4A13601D4B1B6822
:1062600003F4E0631B4A1360BB68DAB2FB681A7080
:10627000194B1B68184A43F470031360164B1B68D4
:10628000154A43F07043136000F0D8F8134B002216
:106290001A6000F0F7F8124B1B68114A43F04043B4
:1062A0001360FFF769FFFEF7A9FDFFF727FF002343
:1062B00018461037BD4680BD00ED00E071C20F41A9
:1062C000AC0A0208040B020870C20F4100E400E0AF
:1062D000685600206C56002020ED00E004000020ED
:1062E00034EF00E080B582B000AF4FF0500383F38D
:1062F0001188BFF36F8FBFF34F8F7B6000BF0C4BD4
:106300001B6801330A4A1360094B1B68012B0AD131
:10631000084B1B68DBB2002B05D040F29F120649E8
:10632000064817F0E9FF00BF0837BD4680BD00BF33
:106330000400002004ED00E0AC0A0208040B02088F
:1063400080B582B000AF0E4B1B68002B05D14FF417
:10635000D3720C490C4817F0CFFF094B1B68013B67
:10636000074A1360064B1B68002B05D100237B6096
:106370007B6883F3118800BF00BF0837BD4680BD2E
:1063800004000020AC0A0208040B02080000000010
:10639000EFF30980BFF36F8F154B1A681EF0100FD3
:1063A00008BF20ED108A20E9F04F10602DE90900A8
:1063B0004FF0500080F31188BFF34F8FBFF36F8F02
:1063C000FEF71CFD4FF0000080F3118809BC19682E
:1063D0000868B0E8F04F1EF0100F08BFB0EC108A4C
:1063E00080F30988BFF36F8F704700BFAFF3008061
:1063F000EC02002000BF00BF80B582B000AF4FF0BC
:10640000500383F31188BFF36F8FBFF34F8F7B600F
:1064100000BFFEF73BFC0346002B03D0064B4FF0BA
:1064200080521A6000233B603B6883F3118800BFF1
:1064300000BF0837BD4680BD04ED00E080B400AF6A
:106440000B4B00221A600B4B00221A600A4B1B6890
:106450000A4AA2FB03239B09094A013B1360044B30
:1064600007221A6000BFBD465DF8047B704700BF7D
:1064700010E000E018E000E044000020D34D62107E
:1064800014E000E0DFF80C00016841F470010160E5
:10649000704700BF88ED00E080B582B000AFEFF339
:1064A00005837B607B680F2B0FD9114A7B681344EF
:1064B0001B78FB700F4B1B78FA789A4205D240F29A
:1064C000F2220D490D4817F017FF0D4B1B6803F41E
:1064D000E0620C4B1B689A4205D940F20232064931
:1064E000064817F009FF00BF0837BD4680BD00BF52
:1064F000F0E300E068560020AC0A0208040B020832
:106500000CED00E06C56002080B483B000AF7860E2
:106510000B46FB707B68FA781A707B6800225A7011
:1065200000BF0C37BD465DF8047B704780B582B074
:1065300000AF78607B681B78002B08D100BF7B68B8
:106540005B78002BFBD17B6801225A7006E07B68E8
:106550005B684FF0FF311846FDF7AEFD00BF08370E
:10656000BD4680BD80B582B000AF78607B681B7887
:10657000002B03D17B6800225A7006E07B685868C4
:10658000002300220021FDF711FB00BF0837BD46A4
:1065900080BD80B483B000AF78600B467B80002361
:1065A00018460C37BD465DF8047B704780B483B055
:1065B00000AF78600B46FB7000BF0C37BD465DF83E
:1065C000047B704780B483B000AF78607B681A4664
:1065D0000023136053607B680122DA717B6800221C
:1065E0001A727B68FF221A757B6818460C37BD4605
:1065F0005DF8047B704780B584B000AFF860B96087
:106600001346FB71FB681846FFF7DCFFFB680022AE
:106610009A61FB6800221A77FB680522DA83FB681F
:10662000203300221A605A609A60DA60FB683033C7
:1066300000221A605A609A60DA601A615A61FB7926
:106640001A46B968F86800F059F9FB68184610371F
:10665000BD4680BD80B582B000AF78607B68002108
:10666000184600F05AFA7B681B7F0F2B00F2F4806B
:1066700001A252F823F000BFB9660008C7660008FF
:10668000D5660008E3660008F16600081767000891
:106690003D6700086367000889670008AF67000866
:1066A000D5670008E3670008F1670008FF67000886
:1066B0000D680008336800087B6803220021184633
:1066C00000F002FAC8E07B6803220121184600F0BE
:1066D000FBF9C1E07B6803220221184600F0F4F9BF
:1066E000BAE07B6803220321184600F0EDF9B3E01D
:1066F0007B689B695A4A934206D07B680322042137
:10670000184600F0E1F9A7E07B68032256211846FD
:1067100000F0DAF9A0E07B689B69514A934206D009
:106720007B6803220521184600F0CEF994E07B68CF
:1067300003225721184600F0C7F98DE07B689B695A
:10674000474A934206D07B6803220621184600F090
:10675000BBF981E07B6803225821184600F0B4F9A8
:106760007AE07B689B693E4A934206D07B680322AD
:106770000721184600F0A8F96EE07B680322592132
:10678000184600F0A1F967E07B689B69344A9342A0
:1067900006D07B6803221021184600F095F95BE0D3
:1067A0007B6803225A21184600F08EF954E07B687A
:1067B0009B692B4A934206D07B680322112118461D
:1067C00000F082F948E07B6803225321184600F06C
:1067D0007BF941E07B6803222021184600F074F920
:1067E0003AE07B6803222121184600F06DF933E07E
:1067F0007B6803222221184600F066F92CE07B68B2
:1068000003222D21184600F05FF925E07B689B6983
:10681000134A934206D07B6803222421184600F0D5
:1068200053F919E07B6803225421184600F04CF913
:1068300012E07B689B690A4A934206D07B68032278
:106840002521184600F040F905E07B680322552118
:10685000184600F039F900BF00BF0837BD4680BDBB
:106860000022014080B582B000AF78607B689B69F0
:106870001F4A93420FD101214FF48070FCF78EFB29
:1068800001214FF48070FCF7E9FB00214FF4807088
:10689000FCF7E4FB28E07B689B69164A93420FD122
:1068A00001214FF40070FCF779FB01214FF40070D7
:1068B000FCF7D4FB00214FF40070FCF7CFFB13E092
:1068C0007B689B690C4A93420ED101214FF4806092
:1068D000FCF764FB01214FF48060FCF7BFFB002153
:1068E0004FF48060FCF7BAFB00BF0837BD4680BD9F
:1068F00000200140002101400022014080B584B009
:1069000000AFF860B9601346FB71FB68BA689A6122
:10691000FB68FA791A77F868FFF79CFEF868FFF7CA
:10692000A1FFFB6800221A62FB680022DA62FB68A2
:1069300000229A62FB684FF480325A62FB6820336F
:106940001846FBF763FEFB6800221A63FB6800220F
:1069500083F83420FB68002283F83520FB6800228E
:106960009A63FB6800221A64FB68012283F84420C2
:10697000FB689A69FB68303319461046FBF7F0FD57
:10698000FB689B6901211846FBF768FE00BF1037C2
:10699000BD4680BD80B584B000AF7860786800F0F7
:1069A0001BF80346FB73FB7B0A4AD35C012B0CD01C
:1069B000FB7B084A0121D154FB7B012202FA03F33D
:1069C000BB600121B868FCF7A9FA00BF1037BD46CB
:1069D00080BD00BF7056002080B483B000AF7860E7
:1069E0007B68DB6803F13F4303F57E039B0ADBB260
:1069F00018460C37BD465DF8047B704780B485B0FF
:106A000000AF78600023FB7309E07B681A69FB7BA9
:106A100022FA03F3012B06D0FB7B0133FB73FB7BD4
:106A20000F2BF2D900E000BFFB7B18461437BD46A0
:106A30005DF8047B704790B583B000AF78607868EC
:106A4000FFF7CAFF03461B01DCB27868FFF7D6FFE9
:106A500003462344DBB218460C37BD4690BD80B5D3
:106A600084B000AFF860B9607A60FB70FB68BA6808
:106A7000DA60FB687A681A61FB6801221A72F868AA
:106A8000FFF788FFFB6803225A71FB681A69FB68ED
:106A90001A60FB68FA781A71FB6800229A71FB6829
:106AA0000122DA71F868FFF7C6FF03461A46FB6851
:106AB0001A75FB68DB68FA6811461846FCF750F84F
:106AC00000BF1037BD4680BD80B584B000AF786090
:106AD0000B46FB701346BB70FB781B09DBB29B02B5
:106AE00003F1804303F50033FB60FA687B68DA60EA
:106AF000FB7803F00F03012202FA03F31A467B68C6
:106B00001A617B68D9687B681A69BB787868FFF777
:106B1000A6FF00BF1037BD4680BD80B582B000AF74
:106B200078600B46FB707B68FA78DA717B681B7AB9
:106B3000012B06D17B68DB687A6811461846FCF7A2
:106B40000FF800BF0837BD4680BD80B582B000AFEA
:106B500078600B46FB707B68FA781A717B681B7A49
:106B6000012B06D17B68DB687A6811461846FBF773
:106B7000F7FF00BF0837BD4680BD80B582B000AFCB
:106B800078600B46FB70FB78002B09D17B68DA68D4
:106B90007B681B699BB219461046FCF799F808E020
:106BA0007B68DA687B681B699BB219461046FCF764
:106BB00080F800BF0837BD4680BD80B582B000AF09
:106BC00078607B68DA687B681B699BB2194610465F
:106BD000FCF78DF800BF0837BD4680BD80B582B098
:106BE00000AF78607B68DA687B681B699BB21946E6
:106BF0001046FCF744F8034618460837BD4680BDEA
:106C000080B584B000AF78600B46FB707868FFF702
:106C1000F5FE0346FB817B68DB68FA78F989184644
:106C2000FCF777F800BF1037BD4680BD80B582B055
:106C300000AF78600B46FB707B682033FA78114612
:106C40001846FFF782FF00BF0837BD4680BD80B5FC
:106C500082B000AF786001217868FFF7E7FF00BFDE
:106C60000837BD4680BD80B582B000AF7860002196
:106C70007868FFF7DBFF00BF0837BD4680BD80B5F1
:106C800082B000AF78607B68203301211846FFF79F
:106C900074FF00BF0837BD4680BD80B582B000AF2D
:106CA00078607B68203300211846FFF766FF00BF3D
:106CB0000837BD4680BD80B582B000AF78607B6884
:106CC000083301211846FFF758FF00BF0837BD46BB
:106CD00080BD80B582B000AF78607B68083300214A
:106CE0001846FFF74AFF00BF0837BD4680BD80B594
:106CF00082B000AF78607B6893F83C30002B05D100
:106D00007B685B8F184611F093FA04E07B685B8F19
:106D1000184611F0CDFA00BF0837BD4680BD80B4DB
:106D200083B000AF78607B6800221A707B68002215
:106D30005A707B6800225A607B6818460C37BD4643
:106D40005DF8047B704780B582B000AF786008467C
:106D500011461A460346FB700B46BB7013467B7008
:106D60007B681846FFF7DBFF7B6808331846FFF7A0
:106D700029FC7B6820331846FFF724FC7B68C82277
:106D80001A877B6802225A877B68002283F83C209E
:106D90007B78BA78F978786800F005F87B6818464F
:106DA0000837BD4680BD80B582B000AF7860084628
:106DB00011461A460346FB700B46BB7013467B70A8
:106DC0007B680833F97801221846FFF77DFE7B685F
:106DD0002033B97801221846FFF776FE7B687A786F
:106DE00011461846FFF790FB00BF0837BD4680BD2F
:106DF00080B582B000AF78607868FFF728FF7868C8
:106E0000FFF73DFF7868FFF756FF7868FFF76FFFE1
:106E10007868FFF742FF7868FFF769FF7868FFF747
:106E200058FF00BF0837BD4680BD80B582B000AFB7
:106E300078607868FFF70BFF7868FFF74AFF78689B
:106E4000FFF72BFF7868FFF752FF7868FFF733FFF3
:106E50007868FFF714FF7868FFF749FF00BF08372D
:106E6000BD4680BD80B584B000AF78600023FB7361
:106E70007868FFF72EFF7868FFF7F5FE7868FFF770
:106E8000FEFE7868FFF717FF7868FFF730FF0FE026
:106E90007868FFF72CFFFB7B0133FB73FB7B7A6881
:106EA000128F934204DD7868FFF7BFFF002310E0E4
:106EB0007B6820331846FFF791FE0346002B14BF72
:106EC00001230023DBB2002BE2D17868FFF701FF3A
:106ED000012318461037BD4680BD80B582B000AF93
:106EE00078607868FFF7F5FE7868FFF7B0FE78689D
:106EF000FFF7D3FE7868FFF7FAFE7868FFF7DBFE4E
:106F00007868FFF7F4FE7868FFF7E3FE00BF083704
:106F1000BD4680BD80B582B000AF78607868FFF76D
:106F2000D8FE7868FFF793FE7868FFF7A8FE7868C8
:106F3000FFF7DDFE7868FFF7BEFE7868FFF7D7FE43
:106F40007868FFF7C6FE00BF0837BD4680BD80B534
:106F500084B000AF78600B46FB707868FFF777FE6F
:106F60007868FFF7B6FE0023FB731FE097F9033044
:106F7000002B03DA7868FFF782FE02E07868FFF7FB
:106F80008CFEFB785B00FB707868FFF7B0FE7868DA
:106F9000FFF791FE7868FFF7AAFE7868FFF799FE81
:106FA0007868FFF7A4FEFB7B0133FB73FB7B072BA9
:106FB000DCD97868FFF763FE00BF1037BD4680BD9F
:106FC00080B584B000AF78600B46FB700023BB73C4
:106FD0007868FFF748FE0023FB7324E07868FFF72A
:106FE00078FE7868FFF783FE7868FFF764FE7868BC
:106FF000FFF77DFEBB7B5B00BB737B6820331846CD
:10700000FFF7ECFD0346002B14BF01230023DBB286
:10701000002B02D0BB7B0133BB737868FFF767FEA0
:10702000FB7B0133FB73FB7B072BD7D97868FFF71A
:1070300050FEFB78002B03D07868FFF74EFF02E08C
:107040007868FFF767FFBB7B18461037BD4680BDE9
:1070500080B584B000AF01210F20FBF75FFF012155
:107060004FF48040FBF79AFF0120FCF763F9862379
:107070007B6003237B7202233B720023BB720023DD
:10708000FB723B1D19463448FBF76AFD0B220121B8
:107090003148FBF73EFE0B2202212F48FBF739FE59
:1070A0000B2207212C48FBF734FE32237B603B1D6B
:1070B00019462A48FBF754FD0B2201212748FBF70C
:1070C00028FE0B2204212548FBF723FE0B22052175
:1070D0002248FBF71EFE4FF460537B603B1D1946B0
:1070E0001F48FBF73DFD0B220B211D48FBF711FE4E
:1070F0000B220D211A48FBF70CFE0B220C2118481D
:10710000FBF707FE40237B6003237B7201233B7266
:107110000023BB720023FB723B1D19460E48FBF790
:107120001FFD40210C48FBF7D3FD322011F0C0F8C1
:1071300040210948FBF7BDFD00F014F800F038F8D5
:107140000346FB73FB7B002B0CBF01230023DBB248
:1071500018461037BD4680BD0000024000080240BE
:107160000004024080B582B000AF3D233B71002394
:107170007B710023BB710123FB713B1D1846FAF79D
:10718000F9FB00BF0837BD4680BD80B582B000AFB7
:107190001F210020FBF742F903469B10DBB203F0EE
:1071A0000703FB71FB7918460837BD4680BD000018
:1071B00080B5B0B000AF01214FF06060FBF7AEFECC
:1071C000FAF76CFCFBF760F800BFFBF771F80346B9
:1071D000012BFAD03B461846FAF76EFC01233B60C0
:1071E0000023FB614FF40073BB620023FB620023AA
:1071F000BB6300237B640023FB6400233B65002307
:107200007B650023C7F880304FF00073C7F88430E7
:107210004FF40013C7F88C300023C7F894300023D4
:10722000C7F898300423C7F8A0304FF00073C7F8B0
:10723000A4304FF48033C7F8A8304FF48003C7F868
:10724000AC304FF40053C7F8B0304FF48043C7F868
:10725000B8303B4600211846FAF7DEFC034687F8B3
:10726000BF3097F8BF30012B03D101210448FBF751
:107270003BF897F8BF301846C037BD4680BD00BF09
:107280004000010090B486B000AF786007F10803B9
:1072900000221A605A609A602F4B1B681B68002BF3
:1072A0001EDA0023BB602D4B03F580535B6903F0AE
:1072B0008003002B0BD0294B03F580531A46802303
:1072C0005361264B03F580531A46002393607B6875
:1072D0001C4607F1080393E8070084E8070036E03E
:1072E0001D4B1B681B6803F40043002B1AD11A4B7B
:1072F0001B681B6803F48073002B13D0164B1B68AC
:107300001B6803F40073002B0CD0134B1B681B6825
:107310001B0CC3F30D03043B7B610F4B1B689B6885
:10732000FB6001E000237B617B69BB600A4B1B684B
:107330003B61094B1B68DB681A46074B1A607B6888
:107340001C4607F1080393E8070084E80700786803
:107350001837BD4690BC704798020020008002405C
:1073600080B483B000AF0346FB801F4B1B681B68D3
:10737000002B01DA002330E0FA881B4B1B68C2F3B4
:107380000C025A60184B1B681A68174B1B6842F0B6
:1073900040521A60144B1B681A68134B1B6842F06A
:1073A00000421A60114B03F580535B6903F004033C
:1073B000002B0BD00D4B03F580531A460423536169
:1073C0000A4B03F580531A4600235360064B1B6893
:1073D000DB681A46044B1A60012318460C37BD4679
:1073E0005DF8047B704700BF9402002000800240DB
:1073F00080B400AF034B1B689B681846BD465DF820
:10740000047B70479402002080B500AFA0210020CB
:1074100011F0EEF80346184A1360A021002011F085
:10742000E7F80346154A136041F6C451002011F0F5
:10743000DFF80346124A136041F6C451002011F0F0
:10744000D7F803460F4A13600B4B1B68002B0BD079
:107450000A4B1B68002B07D0094B1B68002B03D07D
:10746000084B1B68002B03D100F00EF8012300E04D
:107470000023184680BD00BF7C56002080560020A7
:10748000845600208856002080B500AF0C4B1B6846
:107490001946002011F08EF80A4B1B68194600208F
:1074A00011F088F8084B1B681946002011F082F88B
:1074B000064B1B681946002011F07CF800BF80BD08
:1074C0007C560020805600208456002088560020DC
:1074D00080B500AF01E00CF013FB084B1B681846A9
:1074E000FAF7B2FE0346002BF5D14020FAF724FF4D
:1074F0004FF48030FAF720FF00BF80BD98020020D3
:1075000080B582B000AF0346FB80FB88194600209F
:10751000FAF784FF034618460837BD4680BD80B59C
:1075200082B000AF0120FFF7EBFF0346FB80FB8832
:1075300003F00403002B01D0012300E000231846D0
:107540000837BD4680BD80B582B000AF78607B68EB
:107550009B68002B05D07B689B687868796803225C
:1075600098477B6818460837BD4680BD80B483B015
:1075700000AF78607B689B68002B0CBF0123002361
:10758000DBB218460C37BD465DF8047B704780B50A
:1075900082B000AF78600B46FB701346BB707B680F
:1075A0001846FFF70FF87B6800221A767B680022E6
:1075B0005A76BA78FB781946786800F01BF87B6831
:1075C00018460837BD4680BD80B582B000AF7860F0
:1075D0007B681846FEF7F6FF7B6800221A767B6808
:1075E00000225A767B6800229A767B681846083714
:1075F000BD4680BD80B582B000AF78600B46FB70A1
:107600001346BB707B68F97801221846FFF75CFAD5
:107610007B68BA781A767A687B681B7E002B0CBF71
:1076200001230023DBB219461046FFF7A6FA7B6858
:1076300001229A7600BF0837BD4680BD80B582B072
:1076400000AF78600B46FB707B68FA785A76FB785F
:10765000012B07D17A687B681B7E19461046FFF71D
:107660008CFA0BE07A687B681B7E002B0CBF012331
:107670000023DBB219461046FFF77FFA00BF083738
:10768000BD4680BD80B582B000AF78600B46FB7010
:107690007B681B7EFA789A4201D1012200E0002229
:1076A0007B685A767B68FA7811461846FFF765FAC8
:1076B00000BF0837BD4680BD80B582B000AF78609E
:1076C0007B685B7E002B0CBF01230023DBB21A46D4
:1076D0007B685A767B681846FFF76FFA00BF083759
:1076E000BD4680BD80B582B000AF78607B6818462B
:1076F000FFF729FF7B6818460837BD4680BD80B577
:1077000082B000AF78600B46FB701346BB707B689D
:107710001846FEF757FF7B6800229A617B681C338E
:1077200000221A605A609A607B68002283F8282041
:107730007B68002283F829207B68002283F82A20B6
:107740007B680022DA627B6800221A637B6834332C
:10775000184600F0C1FBBA78FB781946786800F04B
:107760003EF87B6806E07B6834331846FFF7BAFFC3
:1077700013F07CFA18460837BD4680BD80B582B04C
:1077800000AF78607B681846FEF71CFF7B6800221C
:107790009A617B681C3300221A605A609A607B6889
:1077A000002283F828207B68002283F829207B6848
:1077B000002283F82A207B680022DA627B6800229C
:1077C0001A637B683433184600F086FB7B6800221E
:1077D00083F82A207B6818460837BD4680BD80B5EF
:1077E00082B000AF78600B46FB701346BB707B68BD
:1077F000BA7883F828207B68F97800221846FFF7CA
:1078000063F97B681846FFF7F9F803461A467B6868
:1078100083F829207B6893F82830002B04D07B68FC
:1078200002211846FFF779F97B68012283F82A20A4
:1078300000BF0837BD4680BD80B582B000AF78601C
:107840007B681846FFF7C8F80346002B14BF0123D6
:107850000023DBB2002B04D001214FF48040FBF762
:107860009DFB7B681846FFF7B7F803461A467B680E
:1078700093F8293019461046FBF71AFD00F0D2F8AC
:107880007B6893F829301A46012303FA02F27B68D9
:10789000DA617B68002283F820207B6893F8283027
:1078A000002B04D17B680C2283F8212003E07B6845
:1078B000082283F821207B6801225A627B681C33EE
:1078C0001846FBF7B1F87B6893F829300F2B3FD8A7
:1078D00001A252F823F000BF1979000821790008AD
:1078E00029790008317900083979000841790008C0
:1078F0004179000841790008417900084179000880
:10790000497900084979000849790008497900084F
:1079100049790008497900087B6806221A7617E041
:107920007B6807221A7613E07B6808221A760FE03C
:107930007B6809221A760BE07B680A221A7607E038
:107940007B6817221A7603E07B6828221A7600BF2C
:107950007B6802225A767B6802229A767B68012233
:10796000DA767B6818331846FAF704F800BF083750
:10797000BD4680BD80B582B000AF78600B46FB701D
:107980007B68FA7883F821207B681C331846FBF764
:107990004BF800BF0837BD4680BDB0B582B000AF20
:1079A00078607B6800221A707B68013300221A60BD
:1079B0005A609A60DA607B681433402200211846CE
:1079C00016F0D5FC7B68543340220021184616F08F
:1079D000CEFC7B68943310241D4604E0284600F05A
:1079E0007BFA013C1035002CF8DA7B6803F5D27382
:1079F00040220021184616F0BAFC7B6803F5F273AA
:107A000000221A605A609A60DA607B68184608376C
:107A1000BD46B0BD80B400AF00BFBD465DF8047B7D
:107A20007047000080B489B000AF1F4B1B7883F013
:107A30000103DBB2002B31D01B4B01221A701B4B10
:107A40007B611A4BFB611A4B3B6107E0FB693B60B2
:107A50003B68184A1A60FB690433FB61FA693B69A9
:107A60009A42F3D1144BFB60134BBB61134BBB60C9
:107A700007E0BB697B607B6800221A70BB69013339
:107A8000BB61BA69BB689A42F3D10D4B0D4A1A60CB
:107A90000B4B0D4A5A600B4B00221A7000BF243763
:107AA000BD465DF8047B70478C560020A056002030
:107AB000E0560020157A00088D5600209D560020C3
:107AC00088580020805800208458002080B582B05B
:107AD00000AF0346FB71FB7903F00F03314A1344F7
:107AE000012283F8E421FB7903F00F032D4A1344AC
:107AF0005B78002B09D1FB7903F00F03294A04338B
:107B00009B0013445B68984747E0FB7903F00F0341
:107B1000244A13445B78012B0BD1FB7903F00F034C
:107B2000204A14339B0013445B68FA791046984747
:107B300033E0FB7903F00F031A4A13445B78022BFE
:107B40000BD1FB7903F00F0309331B01154A1344D2
:107B50000433184600F0D6F91FE0FB7903F00F0359
:107B6000104A13445B78032B17D10F4AFB7913702B
:107B7000FB7903F00F030B4A68339B0013445868EA
:107B8000FB7903F00F03074A68339B0013445B68DB
:107B90001B681B68054A0221984700BF0837BD468D
:107BA00080BD00BF8C5600208458002088580020DB
:107BB00080B483B000AF786039607B6893F8293077
:107BC00003F00F030A4A68339B0013443A685A6073
:107BD0007B6893F8293003F00F03054A134403220E
:107BE0005A7000BF0C37BD465DF8047B704700BF7C
:107BF0008C56002080B582B000AF78607B68184654
:107C0000FEF7ECFF03461A467B6893F828309A4249
:107C10000CBF01230023DBB218460837BD4680BDE8
:107C200080B483B000AF78607B6893F82930184641
:107C30000C37BD465DF8047B704780B500AF01206E
:107C4000FAF764FF0346012B0CBF01230023DBB2CC
:107C5000002B05D00020FFF739FF0120FAF770FF55
:107C600000BF80BD80B500AF0220FAF74FFF03468A
:107C7000012B0CBF01230023DBB2002B05D0012018
:107C8000FFF724FF0220FAF75BFF00BF80BD80B53D
:107C900000AF0420FAF73AFF0346012B0CBF012383
:107CA0000023DBB2002B05D00220FFF70FFF0420DA
:107CB000FAF746FF00BF80BD80B500AF0820FAF795
:107CC00025FF0346012B0CBF01230023DBB2002B51
:107CD00005D00320FFF7FAFE0820FAF731FF00BFB6
:107CE00080BD80B500AF1020FAF710FF0346012BCE
:107CF0000CBF01230023DBB2002B05D00420FFF7CB
:107D0000E5FE1020FAF71CFF00BF80BD80B500AF74
:107D10002020FAF7FBFE0346012B0CBF01230023B2
:107D2000DBB2002B05D00520FFF7D0FE2020FAF7AC
:107D300007FF4020FAF7EAFE0346012B0CBF0123A0
:107D40000023DBB2002B05D00620FFF7BFFE40204A
:107D5000FAF7F6FE8020FAF7D9FE0346012B0CBF96
:107D600001230023DBB2002B05D00720FFF7AEFE76
:107D70008020FAF7E5FE4FF48070FAF7C7FE03465D
:107D8000012B0CBF01230023DBB2002B06D00820FF
:107D9000FFF79CFE4FF48070FAF7D2FE4FF40070AC
:107DA000FAF7B4FE0346012B0CBF01230023DBB21C
:107DB000002B06D00920FFF789FE4FF40070FAF778
:107DC000BFFE00BF80BD80B500AF4FF48060FAF702
:107DD0009DFE0346012B0CBF01230023DBB2002BC9
:107DE00006D00A20FFF772FE4FF48060FAF7A8FE73
:107DF0004FF40060FAF78AFE0346012B0CBF012303
:107E00000023DBB2002B06D00B20FFF75FFE4FF400
:107E10000060FAF795FE4FF48050FAF777FE0346BC
:107E2000012B0CBF01230023DBB2002B06D00C205A
:107E3000FFF74CFE4FF48050FAF782FE4FF40050EB
:107E4000FAF764FE0346012B0CBF01230023DBB2CB
:107E5000002B06D00D20FFF739FE4FF40050FAF743
:107E60006FFE4FF48040FAF751FE0346012B0CBF22
:107E700001230023DBB2002B06D00E20FFF726FEE5
:107E80004FF48040FAF75CFE4FF40040FAF73EFEF4
:107E90000346012B0CBF01230023DBB2002B06D0CD
:107EA0000F20FFF713FE4FF40040FAF749FE00BF22
:107EB00080BD80B483B000AF78607B681A46002331
:107EC000136053607B6800229A607B6818460C3709
:107ED000BD465DF8047B704780B582B000AF786026
:107EE0007B681A4600231360536093607B681846D2
:107EF000FFF7DFFF7B680022DA607B6818460837EF
:107F0000BD4680BD80B582B000AF78607B68184602
:107F1000FFF72CFB0346002B01D013F036FE7B68E5
:107F2000DB687A681046984700BF0837BD4680BDB9
:107F300090B583B000AF78607B689433002B0CD091
:107F40007B68943303F588747B6894339C4204D037
:107F5000103C2046FFF7C6FBF6E77B6818460C3757
:107F6000BD4690BD80B500AF0448FFF716FD044A3A
:107F70000449024812F05FFD00BF80BD8C5600200E
:107F800000000020317F000880B500AFFFF7EAFF56
:107F900080BD80B485B000AFF860B9607A6000BF82
:107FA0001437BD465DF8047B704780B483B000AFE2
:107FB0007860396000BF0C37BD465DF8047B7047C0
:107FC00080B582B000AF7860064A7B681A607B6833
:107FD00028331846FFF786FB7B6818460837BD46EE
:107FE00080BD00BFB814020880B483B000AF7860D1
:107FF000044A7B681A607B6818460C37BD465DF8FA
:10800000047B70477014020880B582B000AF7860BE
:108010007B6804331846FEF782FE044A7B681A60C8
:108020007B6818460837BD4680BD00BF281402088B
:1080300080B586B002AFF860B96011461A460B46AB
:10804000FB711346BB71FB681846FFF7DDFF264A3C
:10805000FB681A60FB680022DA60FB6810330022BC
:108060001A605A609A60DA601A82FB68002283F80C
:108070002220FB68002283F82320FB6800225A623A
:10808000FB6800229A62FB680022DA62FB68002229
:1080900083F83020FB6800225A63FB6838331846A7
:1080A000FEF790FAFB6850331846FEF78BFAFB6830
:1080B00068331846FEF786FAFB68BA68DA603B7EDA
:1080C000BA79F979F86800F011F8398C3A7F97F8A5
:1080D000243000930B46B968F86800F0B5F8FB68E7
:1080E00018461037BD4680BD9414020880B582B092
:1080F00000AF7860084611461A460346FB700B46EF
:10810000BB7013467B707B683833F97802221846BF
:10811000FEF7DAFC7B685033B97802221846FEF786
:10812000D3FC7B686833797802221846FEF7CCFCD2
:108130007B68DB68264A934212D17B68383305217D
:108140001846FEF75DFD7B68503305211846FEF7A3
:1081500057FD7B68683305211846FEF751FD2EE078
:108160007B68DB681B4A934212D17B683833052158
:108170001846FEF745FD7B68503305211846FEF78B
:108180003FFD7B68683305211846FEF739FD16E090
:108190007B68DB68104A934211D17B683833062133
:1081A0001846FEF72DFD7B68503306211846FEF772
:1081B00027FD7B68683306211846FEF721FD7B68A2
:1081C000012283F8222000BF0837BD4680BD00BFD2
:1081D0000030014000380040003C004080B582B0D3
:1081E00000AF78607B6893F82230002B22D17B6847
:1081F000DB68124A934206D10723062205217868DC
:10820000FFF774FF16E07B68DB680D4A934206D1E6
:10821000232322221A217868FFF768FF0AE07B688F
:10822000DB68084A934205D12C232B222A21786847
:10823000FFF75CFF00BF0837BD4680BD003001403E
:1082400000380040003C004080B584B000AFF860CA
:10825000B96011461A460B46FB711346BB80FB689A
:10826000BA68DA60FB680433FA7911461846FEF7FB
:108270004BF9F868FFF7B2FF4FF6FF71F86800F0AE
:1082800057F8BB68274A934204D101214FF480502C
:10829000FAF784FEBB68244A934204D101214FF4CB
:1082A0008040FAF75BFEBB68204A934204D101216B
:1082B0004FF40040FAF752FEFB68DB681846FAF705
:1082C000EDFEFB6800221A82FB684FF482725A822C
:1082D000FB68BA889A82FB680222DA82FB68012274
:1082E0001A83FB684FF400725A833B7E9AB2FB6894
:1082F0009A83FB680022DA83FB6807221A84FB68F2
:10830000DA68FB68103319461046FAF735FFFB6848
:10831000DB6801211846FAF773FF00BF1037BD462E
:1083200080BD00BF0030014000380040003C0040EC
:1083300080B483B000AF786039607B683A685A6374
:1083400000BF0C37BD465DF8047B704780B582B036
:1083500000AF78600B46FB707B68DB681B889AB2C5
:108360007B68DB6822F0380292B21A807B68DB6897
:108370001B8899B2FB789AB27B68DB680A4392B299
:108380001A807B68DB6801211846FAF739FF00BFC5
:108390000837BD4680BD80B584B000AF78600B461D
:1083A0007B807B685B6BFB6005E0FB68013BFB60EF
:1083B000FB68002B0ED07B68DB6802211846FAF7B9
:1083C0005BFF0346002B0CBF01230023DBB2002B15
:1083D000EBD100E000BF7B68DB687A881146184665
:1083E000FAF73BFF7B685B6BFB6005E0FB68013BDA
:1083F000FB60FB68002B0ED07B68DB680121184610
:10840000FAF73AFF0346002B0CBF01230023DBB22F
:10841000002BEBD100E000BF7B68DB681846FAF761
:108420000FFF03467B817B8918461037BD4680BD10
:1084300080B582B000AF7860134A7B681A607B68B1
:1084400000225A607B6800221A727B680C3300227B
:108450001A605A609A607B6800221A767B68002254
:10846000DA617B6800221A627B6800225A627B68AC
:1084700028331846FFF730FD7B6800221A727B68AC
:1084800018460837BD4680BDB814020880B584B0D0
:1084900000AFF860B9607A607B80FB68BA68DA6127
:1084A000FB6800221A76F86800F02CF8FB680122BD
:1084B0001A7200F0CFF9FB687A681A61FB687A8853
:1084C0009A81FB680022DA81FB6800229A82FB68AD
:1084D000DA69FB680C3319461046FAF73BFFFB6874
:1084E000DB6901211846FAF7A1FF3B7E002B05D07E
:1084F000032301220121F86800F0E0F800BF1037E3
:10850000BD4680BD80B582B000AF78607B68DB6916
:108510005D4A934207D101210120FAF73FFD7B68B4
:1085200001221A76ABE07B68DB69B3F1804F07D19B
:1085300001210120FAF712FD7B6802221A769EE0E3
:108540007B68DB69514A934207D101210220FAF787
:1085500005FD7B6803221A7691E07B68DB694C4A53
:10856000934207D101210420FAF7F8FC7B6804222A
:108570001A7684E07B68DB69464A934207D1012181
:108580000820FAF7EBFC7B6805221A7677E07B6817
:10859000DB69414A934207D101211020FAF7DEFC42
:1085A0007B6806221A766AE07B68DB693B4A934265
:1085B00007D101212020FAF7D1FC7B6807221A7627
:1085C0005DE07B68DB69364A934207D101210220D6
:1085D000FAF7E4FC7B6808221A7650E07B68DB69D6
:1085E000304A934208D101214FF48030FAF7D6FC8B
:1085F0007B6809221A7642E07B68DB692A4A93424B
:1086000008D101214FF40030FAF7C8FC7B680A2238
:108610001A7634E07B68DB69244A934208D1012151
:108620004FF48020FAF7BAFC7B680B221A7626E01A
:108630007B68DB691E4A934207D101214020FAF78B
:108640008DFC7B680C221A7619E07B68DB69194A7D
:10865000934207D101218020FAF780FC7B680D222C
:108660001A760CE07B68DB69134A934207D101213B
:108670004FF48070FAF772FC7B680E221A7600BF06
:108680000837BD4680BD00BF000001400004004027
:1086900000080040000C00400010004000140040A2
:1086A00000040140004001400044014000480140F6
:1086B00000180040001C00400020004080B584B03D
:1086C00000AF7860084611461A460346FB700B4619
:1086D000BB7013467B70FB78002B01D0012300E0B8
:1086E0000023FB737B68DB69FA7B01211846FAF7EC
:1086F000BDFE7B681B7E013B0D2B57D801A252F8B3
:1087000023F000BF3D870008458700084D8700081B
:10871000558700085D870008658700086D87000899
:10872000758700087D870008858700088D87000809
:10873000958700089D870008A58700087B68192297
:108740001A7133E07B681C221A712FE07B681D22AE
:108750001A712BE07B681E221A7127E07B68322297
:108760001A7123E07B6836221A711FE07B6837227A
:108770001A711BE07B682C221A7117E07B681822A3
:108780001A7113E07B6819221A710FE07B681A22B4
:108790001A710BE07B682B221A7107E07B682C2290
:1087A0001A7103E07B682D221A7100BF7B68BA78CA
:1087B0005A717B687A789A717B68FA7BDA717B6888
:1087C00004331846F9F7D6F800BF1037BD4680BD10
:1087D000B0B582B000AF78607B6800221A707B6809
:1087E000013300221A605A609A609A817B681033C4
:1087F00038220021184615F0BAFD7B68483338222C
:108800000021184615F0B3FD7B6880333822002123
:10881000184615F0ACFD7B68B83300221A605A6028
:108820009A609A817B68C8330E241D4604E028466E
:10883000FFF752FB013C1035002CF8DA7B68184634
:108840000837BD46B0BD80B400AF00BFBD465DF87F
:10885000047B704780B48DB000AF294B1B7883F048
:108860000103DBB2002B44D0254B01221A70254BAB
:108870003B62244BFB62244BFB6107E0FB6A3B60DD
:108880003B68224A1A60FB6A0433FB62FA6AFB699E
:108890009A42F3D11E4BBB611D4BBB621D4B7B61EA
:1088A00007E0BB6A7B607B6800221A70BB6A0133F9
:1088B000BB62BA6A7B699A42F3D1174B3B61164B94
:1088C0007B62164BFB6007E07B6ABB60BB680022E3
:1088D0001A707B6A01337B627A6AFB689A42F3D131
:1088E0000F4B104A1A600E4B0F4A5A600C4B0F4A3E
:1088F0009A6000BF3437BD465DF8047B704700BF07
:1089000090580020A0580020D85800204788000820
:10891000915800209F5800204859002056590020A7
:10892000485A00205C5A0020585A0020545A00200F
:1089300080B582B000AF0346FB71FA7953085949FC
:10894000A1FB031399080B46DB005B1A5B00D31AEB
:10895000DBB21A46544B13445B78002B11D1FA79E1
:1089600053085049A1FB031399080B46DB005B1A1F
:108970005B00D31ADBB24C4A043352F823309847D9
:108980008BE0FA7953084749A1FB031399080B467A
:10899000DB005B1A5B00D31ADBB21A46424B13446E
:1089A0005B78012B13D1FA7953083E49A1FB0313DD
:1089B00099080B46DB005B1A5B00D31ADBB23A4A1C
:1089C000123352F82330FA791046984765E0FA7965
:1089D00053083449A1FB031399080B46DB005B1ACB
:1089E0005B00D31ADBB21A462F4B13445B78022B81
:1089F00013D1FA7953082B49A1FB031399080B46AD
:108A0000DB005B1A5B00D31ADBB21B01C833264ABA
:108A100013441846FFF776FA3FE0FA7953082149E4
:108A2000A1FB031399080B46DB005B1A5B00D31A0A
:108A3000DBB21A461C4B13445B78032B2DD11B4B26
:108A400002221A701A4AFB7913701A4B00221A700C
:108A5000FA7953081349A1FB031399080B46DB006D
:108A60005B1A5B00D31ADBB20F4A203352F82300A3
:108A7000FA7953080B49A1FB031399080B46DB0055
:108A80005B1A5B00D31ADBB2074A203352F823305B
:108A90001B681B68084A0221984700BF0837BD467B
:108AA00080BD00BF93244992905800205C5A00205A
:108AB000585A0020545A0020485A002080B582B0ED
:108AC00000AF03460A46FB711346BB71FB791D4A92
:108AD000134493F8B830012B2FD11B4B03221A708B
:108AE0001A4AFB7913701A4ABB791370FA79530842
:108AF0001849A1FB031399080B46DB005B1A5B00C6
:108B0000D31ADBB20F4A203352F82300FA79530804
:108B10001049A1FB031399080B46DB005B1A5B00AD
:108B2000D31ADBB2074A203352F823301B681B6884
:108B3000F979BA7911440022984700BF0837BD4639
:108B400080BD00BF905800205C5A0020585A002079
:108B5000545A00209324499280B483B000AF7860C7
:108B600039607B681A7E53081349A1FB03139908E7
:108B70000B46DB005B1A5B00D31ADBB20F492033D4
:108B80003A6841F823207B681A7E53080A49A1FB02
:108B9000031399080B46DB005B1A5B00D31ADBB2A8
:108BA0001A46064B134403225A7000BF0C37BD46C9
:108BB0005DF8047B704700BF9324499290580020D1
:108BC00080B483B000AF78607B681B7E18460C379A
:108BD000BD465DF8047B704780B500AF01211348A6
:108BE000FAF768FC0346012B0CBF01230023DBB21C
:108BF000002B06D00120FFF79BFE01210B48FAF75E
:108C000083FC01210A48FAF755FC0346012B0CBFEF
:108C100001230023DBB2002B06D00A20FFF788FED9
:108C200001210348FAF770FC00BF80BD000001403D
:108C30000044014080B500AF01214FF08040FAF7B9
:108C400039FC0346012B0CBF01230023DBB2002BB0
:108C500007D00220FFF76CFE01214FF08040FAF7A9
:108C600053FC02214FF08040FAF724FC0346002B0E
:108C700014BF01230023DBB2002B08D00121022006
:108C8000FFF71CFF02214FF08040FAF73DFC042162
:108C90004FF08040FAF70EFC0346002B14BF01236F
:108CA0000023DBB2002B08D002210220FFF706FFD1
:108CB00004214FF08040FAF727FC08214FF0804054
:108CC000FAF7F8FB0346002B14BF01230023DBB2A5
:108CD000002B08D003210220FFF7F0FE08214FF0FF
:108CE0008040FAF711FC10214FF08040FAF7E2FBC8
:108CF0000346002B14BF01230023DBB2002B08D056
:108D000004210220FFF7DAFE10214FF08040FAF72D
:108D1000FBFB00BF80BD000080B500AF01213248E1
:108D2000FAF7C8FB0346012B0CBF01230023DBB27B
:108D3000002B06D00320FFF7FBFD01212A48FAF79C
:108D4000E3FB02212848FAF7B5FB0346002B14BFCA
:108D500001230023DBB2002B07D001210320FFF702
:108D6000ADFE02212048FAF7CFFB04211E48FAF796
:108D7000A1FB0346002B14BF01230023DBB2002B11
:108D800007D002210320FFF799FE04211648FAF7C5
:108D9000BBFB08211448FAF78DFB0346002B14BFD8
:108DA00001230023DBB2002B07D003210320FFF7B0
:108DB00085FE08210C48FAF7A7FB10210A48FAF7AC
:108DC00079FB0346002B14BF01230023DBB2002BE9
:108DD00007D004210320FFF771FE10210248FAF7A3
:108DE00093FB00BF80BD00BF0004004080B500AF12
:108DF00001213248FAF75EFB0346012B0CBF012329
:108E00000023DBB2002B06D00420FFF791FD0121E7
:108E10002A48FAF779FB02212848FAF74BFB034668
:108E2000002B14BF01230023DBB2002B07D001214C
:108E30000420FFF743FE02212048FAF765FB0421D6
:108E40001E48FAF737FB0346002B14BF012300230B
:108E5000DBB2002B07D002210420FFF72FFE0421F4
:108E60001648FAF751FB08211448FAF723FB03468A
:108E7000002B14BF01230023DBB2002B07D00321FA
:108E80000420FFF71BFE08210C48FAF73DFB1021D8
:108E90000A48FAF70FFB0346002B14BF01230023F7
:108EA000DBB2002B07D004210420FFF707FE1021BE
:108EB0000248FAF729FB00BF80BD00BF0008004050
:108EC00080B500AF01213248FAF7F4FA0346012BCE
:108ED0000CBF01230023DBB2002B06D00520FFF7D7
:108EE00027FD01212A48FAF70FFB02212848FAF74B
:108EF000E1FA0346002B14BF01230023DBB2002B51
:108F000007D001210520FFF7D9FD02212048FAF7FB
:108F1000FBFA04211E48FAF7CDFA0346002B14BFD2
:108F200001230023DBB2002B07D002210520FFF72D
:108F3000C5FD04211648FAF7E7FA08211448FAF7A4
:108F4000B9FA0346002B14BF01230023DBB2002B28
:108F500007D003210520FFF7B1FD08210C48FAF7DF
:108F6000D3FA10210A48FAF7A5FA0346002B14BFDA
:108F700001230023DBB2002B07D004210520FFF7DB
:108F80009DFD10210248FAF7BFFA00BF80BD00BF67
:108F9000000C004080B500AF01210A48FAF78AFAB8
:108FA0000346012B0CBF01230023DBB2002B06D0AC
:108FB0000620FFF7BDFC01210248FAF7A5FA00BF21
:108FC00080BD00BF0010004080B500AF01210A48FD
:108FD000FAF770FA0346012B0CBF01230023DBB222
:108FE000002B06D00720FFF7A3FC01210248FAF767
:108FF0008BFA00BF80BD00BF0014004080B500AFF9
:1090000001211348FAF756FA0346012B0CBF01233E
:109010000023DBB2002B06D00820FFF789FC0121DA
:109020000B48FAF771FA01210A48FAF743FA0346A6
:10903000012B0CBF01230023DBB2002B06D00D2037
:10904000FFF776FC01210348FAF75EFA00BF80BD06
:1090500000040140001C004080B500AF01210A4817
:10906000FAF728FA0346012B0CBF01230023DBB2D9
:10907000002B06D00920FFF75BFC01210248FAF71C
:1090800043FA00BF80BD00BF0040014080B500AF83
:1090900001210A48FAF70EFA0346012B0CBF0123FF
:1090A0000023DBB2002B06D00B20FFF741FC01218F
:1090B0000248FAF729FA00BF80BD00BF004801400E
:1090C00080B500AF01210A48FAF7F4F90346012BF5
:1090D0000CBF01230023DBB2002B06D00C20FFF7CE
:1090E00027FC01210248FAF70FFA00BF80BD00BF3C
:1090F0000018004080B500AF01210A48FAF7DAF9FC
:109100000346012B0CBF01230023DBB2002B06D04A
:109110000E20FFF70DFC01210248FAF7F5F900BF18
:1091200080BD00BF0020004090B583B000AF7860E4
:109130007B68C833002B0CD07B68C83303F1F00484
:109140007B68C8339C4204D0103C2046FEF7CAFA24
:10915000F6E77B6818460C37BD4690BD80B500AF7A
:109160000448FFF735FB044A0449024811F063FC48
:1091700000BF80BD90580020000000202991000809
:1091800080B500AFFFF7EAFF80BDB0B582B000AF99
:1091900078607B6800221A707B68013300221A60B5
:1091A0009A807B68083300221A605A609A60DA60FD
:1091B0001A615A617B68203300221A605A609A60F3
:1091C000DA601A615A617B68383306241D4604E070
:1091D0002846FEF781FE013C1035002CF8DA7B684A
:1091E000A83300221A605A609A60DA601A615A61E4
:1091F0007B68C03305241D4604E0284612F0E0FDDC
:10920000013C1835002CF8DA7B6818460837BD4653
:10921000B0BD80B400AF00BFBD465DF8047B7047B1
:1092200080B584B000AFF860B9607A602D4AFB6801
:109230001A60FB6804331846FDF7C4F9FB681C3359
:109240001846FDF7BFF9FB6800225A63FB6800224D
:109250009A63FB680022DA63FB68002283F84120EE
:10926000FB6800225A64FB68483300221A605A6087
:109270009A60DA60FB6800229A65FB680022DA6572
:10928000FB68002283F86020FB68002283F86120DD
:10929000FB6800225A66FB6800229A66FB686C3302
:1092A0001846FEF719FEFB68002283F841207A6811
:1092B000B968F86800F0D6F9FB68002283F840200E
:1092C000FB68002283F86120FB6806E0FB686C33D2
:1092D0001846FEF707FA11F0C9FC18461037BD46CC
:1092E00080BD00BFD814020880B582B000AF78609E
:1092F000244A7B681A607B6804331846FDF762F9DC
:109300007B681C331846FDF75DF97B6800225A63C1
:109310007B6800229A637B680022DA637B68002204
:1093200083F841207B6800225A647B68483300221E
:109330001A605A609A60DA607B6800229A657B68DE
:109340000022DA657B68002283F860207B680022B7
:1093500083F861207B6800225A667B6800229A6647
:109360007B686C331846FEF7B7FD7B68002283F8F4
:1093700040207B68002283F861207B68184608370C
:10938000BD4680BDD814020880B582B000AF7860B9
:109390007B685B6B364A93420CD17B681C33072198
:1093A0001846FDF72DFC7B68043307211846FDF7AE
:1093B00027FC58E07B685B6B2E4A93420CD17B689C
:1093C0001C3307211846FDF71BFC7B68043307217B
:1093D0001846FDF715FC46E07B685B6B264A934216
:1093E0000CD17B681C3307211846FDF709FC7B680C
:1093F000043307211846FDF703FC34E07B685B6B00
:109400001E4A93420CD17B681C3308211846FDF795
:10941000F7FB7B68043308211846FDF7F1FB22E0D7
:109420007B685B6B164A93420CD17B681C33082126
:109430001846FDF7E5FB7B68043308211846FDF765
:10944000DFFB10E07B685B6B0E4A93420BD17B68BD
:109450001C3308211846FDF7D3FB7B680433082131
:109460001846FDF7CDFB00BF0837BD4680BD00BFE5
:10947000001001400044004000480040004C004003
:10948000005000400014014080B582B000AF786009
:109490000B46FB701346BB707B6893F84130012B81
:1094A00017D17B681C3300211846FDF74EFB7B6803
:1094B000043300211846FDF748FB7B681C3300216C
:1094C0001846FDF72AFB7B68043300211846FDF798
:1094D00024FB7B681C33F97802221846FDF7F4FA66
:1094E0007B680433B97802221846FDF7EDFA7868F4
:1094F000FFF74AFF7B68012283F8412000BF08374D
:10950000BD4680BD80B582B000AF78607B6893F8BF
:109510004130002B76D17B685B6B3C4A93420ED185
:109520007B68002283F860207B6893F84130002B31
:1095300068D10A2209217868FFF7A6FF62E07B68FC
:109540005B6B334A93420ED17B68012283F8602023
:109550007B6893F84130002B54D1032202217868B4
:10956000FFF792FF4EE07B685B6B2A4A93420ED175
:109570007B68022283F860207B6893F84130002BDF
:1095800040D11B221A217868FFF77EFF3AE07B6802
:109590005B6B214A93420ED17B68032283F86020E3
:1095A0007B6893F84130002B2CD12B222A2178683C
:1095B000FFF76AFF26E07B685B6B184A93420ED187
:1095C0007B68042283F860207B6893F84130002B8D
:1095D00018D132222C217868FFF756FF12E07B6801
:1095E0005B6B0F4A93420DD17B68052283F86020A4
:1095F0007B6893F84130002B04D12722262178681C
:10960000FFF742FF00BF0837BD4680BD0010014094
:109610000044004000480040004C00400050004022
:109620000014014080B584B000AFF860B960114605
:109630001A460B46FB711346BB71FB68BA685A6346
:1096400000F0E4F8BA79FB791946F868FFF71CFFD7
:10965000BA69B968F86800F005F800BF1037BD4670
:1096600080BD000080B584B000AFF860B9607A605A
:109670007A68FB685A64FB68BA685A6300F0C6F8F7
:10968000F868FFF73FFFBB685A4A934204D10121B3
:109690001020F9F783FC2FE0BB68574A934205D1AD
:1096A00001214FF40030F9F759FC25E0BB68534A1B
:1096B000934205D101214FF48020F9F74FFC1BE0C4
:1096C000BB684F4A934205D101214FF40020F9F7BE
:1096D00045FC11E0BB684B4A934205D101214FF490
:1096E0008010F9F73BFC07E0BB68474A934203D17F
:1096F00001212020F9F752FCFB685A6CFB689A6440
:10970000FB680022A3F84C20FB680022A3F84E203F
:10971000FB680022A3F85020FB680022A3F8542025
:10972000FB680C22A3F85220FB685A6BFB68483395
:1097300019461046F9F7FAFEFB685B6B01211846E3
:10974000F9F7AEFFFB685B6B012240F2255118462A
:10975000F9F7D6FFFB685B6B40211846FAF718F85B
:10976000BB68244A934204D1FB68252283F8582021
:109770002BE0BB68204A934204D1FB68262283F881
:10978000582022E0BB681D4A934204D1FB6827227F
:1097900083F8582019E0BB68194A934204D1FB684A
:1097A000342283F8582010E0BB68164A934204D153
:1097B000FB68352283F8582007E0BB68124A9342C1
:1097C00003D1FB68472283F85820FB68032283F803
:1097D0005920FB68032283F85A20FB68012283F892
:1097E0005B20FB6858331846F8F7C4F800BF103701
:1097F000BD4680BD001001400044004000480040CC
:10980000004C0040005000400014014080B48DB076
:1098100000AF2B4B1B7883F00103DBB2002B48D049
:10982000274B01221A70274B3B62264BFB62264BCB
:10983000FB6107E0FB6A3B603B68244A1A60FB6AF5
:109840000433FB62FA6AFB699A42F3D1204BBB6195
:109850001F4BBB621F4B7B6107E0BB6A7B607B6871
:1098600000221A70BB6A0133BB62BA6A7B699A42F2
:10987000F3D1194B3B61184B7B62184BFB6008E03E
:109880007B6ABB60BB684FF480621A807B6A0233DC
:109890007B627A6AFB689A42F2D1114B114A1A60D4
:1098A0000F4B114A5A600E4B104A9A600D4B012221
:1098B0001A7000BF3437BD465DF8047B704700BFA7
:1098C000605A0020685A0020805A00201392000835
:1098D000615A0020675A0020B05B0020BC5B00206A
:1098E000C85B0020BC5B0020C45B0020C05B002084
:1098F00080B582B000AF03460A46FB711346BB71C8
:10990000FA79B04BA3FB021399080B465B000B449A
:109910005B00D31ADBB21A46AB4B13445B78002BC7
:109920006DD1FA79A74BA3FB021399080B465B0094
:109930000B445B00D31ADBB2A34A023352F8233044
:109940009847FA799F4BA3FB021399080B465B00DB
:109950000B445B00D31ADBB21A4613465B00134478
:10996000DB00C033984A1344BA791146184612F006
:10997000E6FAFA79934BA3FB021399080B465B00B6
:109980000B445B00D31ADBB21A4613465B00134448
:10999000DB00C0338C4A1344184612F045FAFA79BA
:1099A000884BA3FB021399080B465B000B445B003A
:1099B000D31ADBB2844AA83332F8133098428CBFF2
:1099C00001230023DBB2002B00F0F780FA797D4BF6
:1099D000A3FB021399080B465B000B445B00D31AF0
:1099E000DBB21A4613465B001344DB00C033764AF1
:1099F000134401220021184612F0A8FADDE0FA799A
:109A0000704BA3FB021399080B465B000B445B00F1
:109A1000D31ADBB21A466C4B13445B78012B12D17C
:109A2000FA79684BA3FB021399080B465B000B44C1
:109A30005B00D31ADBB2644A083352F82330BA7998
:109A400010469847B9E0FA795E4BA3FB02139908D8
:109A50000B465B000B445B00D31ADBB21A465A4B31
:109A600013445B78022B6ED1FA79564BA3FB021399
:109A700099080B465B000B445B00D31ADBB21B0159
:109A80003833514A13441846FEF73CFAFA794D4BE5
:109A9000A3FB021399080B465B000B445B00D31A2F
:109AA000DBB21A4613465B001344DB00C033464A60
:109AB0001344BA791146184612F041FAFA79414B2B
:109AC000A3FB021399080B465B000B445B00D31AFF
:109AD000DBB21A4613465B001344DB00C0333A4A3C
:109AE0001344184612F0A0F9FA79364BA3FB02137F
:109AF00099080B465B000B445B00D31ADBB2324A79
:109B0000A83332F8133098428CBF01230023DBB214
:109B1000002B52D0FA792B4BA3FB021399080B466A
:109B20005B000B445B00D31ADBB21A4613465B00A2
:109B30001344DB00C033244A134401220021184699
:109B400012F004FA39E0FA791E4BA3FB02139908CC
:109B50000B465B000B445B00D31ADBB21A461A4B70
:109B600013445B78032B28D1184ABB791370184A29
:109B7000FB791370FA79134BA3FB021399080B4678
:109B80005B000B445B00D31ADBB20F4A2A3352F856
:109B90002300FA790B4BA3FB021399080B465B00D9
:109BA0000B445B00D31ADBB2074A2A3352F8233046
:109BB0001B681B68074A0221984700BF0837BD464B
:109BC00080BD00BFABAAAAAA605A0020C05B0020DB
:109BD000C45B0020C85B002090B58BB004AFF86078
:109BE000B9601346FB80FB6893F8403083F00103B3
:109BF000DBB2002B20D00023FB8218E000BFFB6803
:109C00005B6B1B889BB203F04003002B0CBF01234E
:109C10000023DBB2002BF2D1BB681A78FB685B6BC8
:109C20009A80BB680133BB60FB8A0133FB82FA8AEE
:109C3000FB889A42E2D12BE000BFFB689A6BFB687D
:109C4000DB6B19461046F8F785FE0346002B14BF60
:109C500001230023DBB2002BEFD1FB689A6BFB687A
:109C6000DB6B19461046F8F7B1FEFB68986BFB6892
:109C7000D96DFB685B6B04331C46BA6808230293FA
:109C800040230193FB880093134622460EF065FAA9
:109C900000BF1C37BD4690BD80B584B000AFF860F2
:109CA000B9601346FB80FB681B681B68FA88B968BB
:109CB000F868984700BF1037BD4680BD90B585B0A5
:109CC00000AF78603960386812F06DFAF8607B6830
:109CD0001B681C68386812F0A7F803469BB21A4646
:109CE000F9687868A04700BF1437BD4690BD0EB430
:109CF00090B590B000AF786007F150033B623B6ACB
:109D0000FA6C0021002014F053FAF86307F10803FD
:109D1000184612F055F8FB6B5A1C07F10803114660
:109D2000184612F090F907F150033B6207F108035F
:109D3000184612F0E4F8FB6B013319463B6AFA6CE3
:109D400014F036FAFA6B07F108031146184612F0C0
:109D50007AF97B681B6808331C6807F1080207F171
:109D600024031146184612F022FA07F1240319467B
:109D70007868A04707F12403184612F047F807F166
:109D80000803184612F050F803469CB207F1080386
:109D9000184612F03BF823460CE007F1240318465E
:109DA00012F034F8FFE707F10803184612F02EF816
:109DB00010F05CFF18464037BD46BDE8904003B048
:109DC000704790B589B000AF786039607B681B68D8
:109DD00008331C6807F108033968184612F0E7F9E0
:109DE00007F1080319467868A04707F108031846E9
:109DF00012F00CF8386812F017F803469BB206E030
:109E000007F10803184612F001F810F02FFF18466A
:109E10002437BD4690BD000080B582B000AF7860A9
:109E200039607B681B680C331B683A6803497868A3
:109E30009847034618460837BD4680BD140B0208F4
:109E400080B582B000AF78600B46FB707B681B6802
:109E50000C331B68FA78044978689847034618461B
:109E60000837BD4680BD00BF180B020880B582B020
:109E700000AF786039607B681B680C331B683A68F8
:109E8000034978689847034618460837BD4680BDA1
:109E90001C0B020880B582B000AF40F225510F487C
:109EA000F9F787FC0346002B14BF01230023DBB224
:109EB000002B09D00948F9F713FC0346FB71FB7925
:109EC00019460020FFF714FD40F225510348F9F729
:109ED000CBFC00BF0837BD4680BD00BF001001406D
:109EE00080B582B000AF40F225510F48F9F761FC10
:109EF0000346002B14BF01230023DBB2002B09D043
:109F00000948F9F7EDFB0346FB71FB79194601207F
:109F1000FFF7EEFC40F225510348F9F739FC00BF8A
:109F20000837BD4680BD00BF0044004080B582B008
:109F300000AF40F225510F48F9F73BFC0346002BD8
:109F400014BF01230023DBB2002B09D00948F9F725
:109F5000C7FB0346FB71FB7919460220FFF7C8FCDB
:109F600040F225510348F9F713FC00BF0837BD46FE
:109F700080BD00BF0048004080B582B000AF40F215
:109F800025510F48F9F715FC0346002B14BF012398
:109F90000023DBB2002B09D00948F9F7A1FB0346E7
:109FA000FB71FB7919460320FFF7A2FC40F2255113
:109FB0000348F9F7EDFB00BF0837BD4680BD00BF81
:109FC000004C004080B582B000AF40F225510F48F0
:109FD000F9F7EFFB0346002B14BF01230023DBB28C
:109FE000002B09D00948F9F77BFB0346FB71FB798D
:109FF00019460420FFF77CFC40F225510348F9F78D
:10A00000C7FB00BF0837BD4680BD00BF0050004001
:10A0100080B582B000AF40F225510F48F9F7C9FB77
:10A020000346002B14BF01230023DBB2002B09D011
:10A030000948F9F755FB0346FB71FB7919460520E2
:10A04000FFF756FC40F225510348F9F7A1FB00BF8A
:10A050000837BD4680BD00BF0014014090B583B0F5
:10A0600000AF78607B68C033002B0CD07B68C033B6
:10A0700003F190047B68C0339C4204D0183C204616
:10A0800011F0C4FEF6E77B683833002B0CD07B68F8
:10A09000383303F170047B6838339C4204D0103CA1
:10A0A0002046FDF71FFBF6E77B6818460C37BD46D8
:10A0B00090BD000080B500AF0448FFF766F8044A81
:10A0C0000449024810F0B7FC00BF80BD605A002070
:10A0D000000000205DA0000880B500AFFFF7EAFF98
:10A0E00080BD000080B400AF034B1B681846BD461E
:10A0F0005DF8047B704700BF6064002080B483B0CB
:10A1000000AF0346FB80B7F906301B021AB2FB888A
:10A110001B0A9BB21BB213431BB29BB218460C37EF
:10A12000BD465DF8047B704780B582B000AF034642
:10A13000FB80FB881846FFF7E1FF03461846083707
:10A14000BD4680BD80B483B000AF78607B681A06DE
:10A150007B681B0203F47F031A437B681B0A03F42A
:10A160007F431A437B681B0E134318460C37BD46CA
:10A170005DF8047B704780B582B000AF7860786886
:10A18000FFF7E0FF034618460837BD4680BD0000D4
:10A1900080B584B000AF78607B681B6AFB6078682C
:10A1A00003F0E6FC0B49786803F026FC094978685F
:10A1B00003F07AFC0749786803F08AFC0C21F86800
:10A1C00000F09BFE786800F07FFB00BF1037BD46B3
:10A1D00080BD00BF0C15020880B584B000AF786068
:10A1E0007B681B6AFB600821F86800F086FEFB684C
:10A1F000243300221946786809F038F80346FB72C8
:10A20000FB685B7B0133DAB2FB685A734FF4FA7375
:10A210003B813B8903F2F313064A82FB031252117E
:10A22000DB17D31A9AB2FB685A8300BF1037BD46BA
:10A2300080BD00BFD34D621080B584B000AF7860A0
:10A240007B681B6AFB600C4B9B78002B0FD00B4B81
:10A250009B681846FFF776FF0246FB681A62FB68A8
:10A260009B681A69FB685A62786800F009F800BFB9
:10A270001037BD4680BD00BFFC5B0020D45B0020D2
:10A2800080B586B002AF78607B681B6AFB600121F5
:10A29000F86800F032FE0322F968786801F0BEF930
:10A2A0000346FB7297F90B30002B57D1022239215C
:10A2B000F86800F03CFE7B689B8C1946F86800F05B
:10A2C00074FE04223221F86800F031FEFB685B6AFC
:10A2D0001846FFF750FF03461946F86800F08EFE57
:10A2E00004223621F86800F022FEFB681B6A18463B
:10A2F000FFF741FF03461946F86800F07FFE04228D
:10A300003721F86800F013FE0121F86800F035FEEF
:10A310000321F86800F031FE1C21F86800F02DFEE2
:10A320000621F86800F029FEF86801F0A4FAFB683D
:10A330001A69FB681B8BF0339BB21946104603F079
:10A340008DFDFB685868FB6819697B68009343239F
:10A35000164A08F09AF9F86801F074FAFB685B7B1A
:10A360000133DAB2FB685A73FB685B7B052B07D8B5
:10A37000FB685B7B1A464FF47A7393409BB201E013
:10A380004EF660233B813B8903F2F313084A82FBBC
:10A3900003125211DB17D31A9AB2FB685A8397F94A
:10A3A0000B3018461037BD4680BD00BF101502089F
:10A3B000D34D621080B582B000AF154B1B687B6037
:10A3C0001DE07B681B6A002B16D07B681A6AD38B52
:10A3D000591E89B2D183012B03D1786800F0CAF8E5
:10A3E0000AE07B681A6A938B591E89B29183012B0C
:10A3F00002D1786800F0A4F87B681B687B607B68FA
:10A40000002BDED100BF00BF0837BD4680BD00BFB6
:10A41000D462002080B582B000AF164B1B687B6011
:10A4200020E07B681B6A002B19D07B681B6A5B8B62
:10A43000012B06D97B681B6A5A8B013A92B25A8368
:10A440000DE07B681B6A5B8B012B08D17B681B6A64
:10A450005A8B013A92B25A83786800F00DF87B6803
:10A460001B687B607B68002BDBD100BF00BF083717
:10A47000BD4680BDD462002080B584B000AF786056
:10A480007B681B6AFB60FB681B7B0C2B03D0FB68A3
:10A490001B7B062B03D1786800F016FA4CE0FB68B2
:10A4A0001B7B012B0ED1FB685B7B052B03D87868E7
:10A4B000FFF7E6FE40E0786800F070FC786800F096
:10A4C00003FA39E0FB681B7B082B0BD1FB685B7B35
:10A4D000012B03D87868FFF77FFE2DE0786800F045
:10A4E00073FA29E0FB681B7B052B03D1786800F029
:10A4F0000FFB21E0FB681B7B042B0ED1FB685B7B11
:10A50000082B03D8786800F06BFB15E0786800F042
:10A5100045FC786800F0D8F90EE0FB681B7B032B44
:10A520000AD1FB685B7B012B03D8786800F0C0FB85
:10A5300002E0786800F0C8F900BF1037BD4680BD62
:10A5400080B584B000AF78607B681B6AFB60FB68F5
:10A550001B7B012B07D0FB681B7B0A2B03D0FB68FE
:10A560001B7B052B02D1786800F0D2FA00BF1037B0
:10A57000BD4680BD80B584B000AF78607B681B6A43
:10A58000FB60FB681B7B012B07D0FB681B7B0A2B46
:10A5900003D0FB681B7B052B02D1786800F020FB01
:10A5A00000BF1037BD4680BD80B586B000AF786073
:10A5B0007B681B6A3B613B6900229A623B6900220F
:10A5C000DA62354BDB78002B03D0344BDA683B6919
:10A5D0001A63314B1B79002B04D0304B1A693B694D
:10A5E0005A6304E03B691B6B5A083B695A632A4B68
:10A5F0005B79002B04D0294B5A693B699A6303E0CD
:10A600003B691A6B3B699A633B699B681A693B69B2
:10A610005A62214B9B79002B0BD0204B9B6918462B
:10A62000FFF790FD02463B699A623B6901229A73EB
:10A6300002E03B6900229A73174BDB79002B07D0AD
:10A64000164BDB691846FFF77DFD02463B69DA626F
:10A650000023FB7513E0FB7D0833104A52F82330CA
:10A660001846FFF76FFD0346FB6007F10C02FB7D08
:10A670001146184601F072F9FB7D0133FB75FB7D35
:10A680000833054AD35C002B02D0FB7D012BE2D9B5
:10A6900000BF1837BD4680BDFC5B0020D45B0020A6
:10A6A00080B584B000AF78600023FB727B68002B1C
:10A6B00002D16FF00D0380E07B681B6AFB607B6852
:10A6C00093F82D3023F00803DAB27B6883F82D204D
:10A6D0007B6893F82D3003F02003002B02D16FF03C
:10A6E0000D036AE07B689B8CB3F5107F02D24FF0BC
:10A6F000FF3362E0FB68002B0DD13C2002F0CEFF5F
:10A70000F860FB68002B02D14FF0FF3355E07B6807
:10A71000FA681A6208E0FB685B68002B04D0FB68EB
:10A720005B68184608F00AF93C220021F86813F02B
:10A730001EFE08F033F90246FB685A60FB685B684E
:10A74000002B02D14FF0FF3337E0FB685B681A7AC9
:10A75000FB685B6842F02002D2B21A72FB685B6849
:10A7600044221849184608F02BF8FB685B6843221E
:10A770001449184608F084F8FB685B687A68124947
:10A78000184608F0C9F8786800F09EF80346FB7296
:10A7900097F90B30002B05D0786800F085FB4FF05F
:10A7A000FF330AE07B6893F82D3043F00803DAB2F8
:10A7B0007B6883F82D2097F90B3018461037BD467B
:10A7C00080BD00BF0C150208C9B4000880B582B076
:10A7D00000AF786039607B68002B12D07B681B6A01
:10A7E000002B0ED07B681B6A1B7B082B09D13B68B2
:10A7F0001A687B681B6A5B6A9A4202D1786800F02B
:10A8000003F80837BD4680BD80B586B002AF7860DA
:10A810007B681B6AFB600023FB720C21F86800F068
:10A820006CFB0422F968786800F0F8FE0346FB72BE
:10A8300097F90B30002B28D104223221F86800F060
:10A8400076FBFB685B6A1846FFF795FC03461946E2
:10A85000F86800F0D3FBF86801F00DF8FB681A699E
:10A86000FB681B8BF0339BB21946104603F0F6FAD7
:10A87000FB685868FB6819697B6800934323104A9A
:10A8800007F003FFF86800F0DDFFFB685B7B013336
:10A89000DAB2FB685A7342F210733B813B8903F2D0
:10A8A000F313084A82FB03125211DB17D31A9AB230
:10A8B000FB685A8397F90B3018461037BD4680BDA8
:10A8C00010150208D34D621080B586B002AF7860D3
:10A8D0007B681B6AFB600023FB72FB6800225A62E4
:10A8E0000621F86800F009FB0122F968786800F099
:10A8F00095FE0346FB7297F90B30002B39D10222EB
:10A900003921F86800F013FB7B689B8C1946F868C6
:10A9100000F04BFB04223721F86800F008FB01210E
:10A92000F86800F02AFB0321F86800F026FB1C21E0
:10A93000F86800F022FB0621F86800F01EFBF868BA
:10A9400000F099FFFB681A69FB681B8BF0339BB220
:10A950001946104603F082FAFB685868FB681969CB
:10A960007B6800934323164A07F08FFEF86800F0D7
:10A9700069FFFB685B7B0133DAB2FB685A73FB68E3
:10A980005B7B052B07D8FB685B7B1A464FF47A7319
:10A9900093409BB201E04EF660233B813B8903F27A
:10A9A000F313084A82FB03125211DB17D31A9AB22F
:10A9B000FB685A8397F90B3018461037BD4680BDA7
:10A9C00010150208D34D621080B588B000AF7860D2
:10A9D0007B68002B00F097807B681B6ABB61BB69BA
:10A9E000002B00F09080BB695B6BB3F1FF3F19D087
:10A9F000BB695B6B1E33454AA2FB03235B09FB610A
:10AA0000FB69B3F5803F02D34FF6FF73FB61FB692F
:10AA10009AB2BB699A83BB699B8B002B02D1BB693D
:10AA200001229A83BB699B6BB3F1FF3F19D0BB69CD
:10AA30009B6B1E33354AA2FB03235B09FB61FB6959
:10AA4000B3F5803F02D34FF6FF73FB61FB699AB207
:10AA5000BB69DA83BB69DB8B002B02D1BB690122A6
:10AA6000DA83BB699A8BBB69DB8B9A4206D3BB69DD
:10AA7000DB8B002B02D0BB6900229A83BB699B7BD6
:10AA8000002B03D0BB699B6A3B6114E0BB69243394
:10AA90001B78FB7597F91730002B02DBFF233B6116
:10AAA00009E0FB7DBF2B03D96FF07F433B6102E0E0
:10AAB0004FF6FF733B61BB69DB6AFB60FB68002BF1
:10AAC00008D1BB695A6A3B691340FB60FB6843F0DD
:10AAD0008073FB60BB6924331946786802F08CFFF1
:10AAE00007F110031946786802F0F2FF07F10C0332
:10AAF0001946786802F0D8FF786803F00DF80A214B
:10AB0000B86900F0FAF92037BD4680BD8988888889
:10AB100080B586B002AF78607B681B6AFB60052158
:10AB2000F86800F0EAF90322F968786800F076FD29
:10AB30000346FB7297F90B30002B26D102223921F4
:10AB4000F86800F0F4F97B689B8C1946F86800F00F
:10AB50002CFAF86800F08FFEFB681A69FB681B8B03
:10AB6000F0339BB21946104603F078F9FB68586839
:10AB7000FB681969FB6803F120027B68009343239B
:10AB800007F083FDF86800F05DFEFB685B7B013336
:10AB9000DAB2FB685A73FB685B7B092B09D8FB6848
:10ABA0005B7B1A465201D21A920013441B019BB2DE
:10ABB00001E044F620633B813B8903F2F313074A2B
:10ABC00082FB03125211DB17D31A9AB2FB685A8325
:10ABD00097F90B3018461037BD4680BDD34D621033
:10ABE00080B586B002AF78607B681B6AFB60042189
:10ABF000F86800F082F90322F968786800F00EFD29
:10AC00000346FB7297F90B30002B24D10222392125
:10AC1000F86800F08CF97B689B8C1946F86800F0A6
:10AC2000C4F9F86800F027FEFB681A69FB681B8B03
:10AC3000F0339BB21946104603F010F9FB685868D0
:10AC4000FB6819697B6800934323174A07F01DFDD1
:10AC5000F86800F0F7FDFB685B7B0133DAB2FB6854
:10AC60005A73FB685B7B092B09D8FB685B7B1A4630
:10AC70005201D21A92001344DB009BB201E042F26F
:10AC800010733B813B8903F2F313084A82FB0312E2
:10AC90005211DB17D31A9AB2FB685A8397F90B301B
:10ACA00018461037BD4680BD10150208D34D6210FE
:10ACB00080B586B002AF78607B681B6AFB600321B9
:10ACC000F86800F01AF90322F968786800F0A6FC29
:10ACD0000346FB7297F90B30002B32D10222392147
:10ACE000F86800F024F94FF41071F86800F05DF98D
:10ACF00004223221F86800F01AF9FB685B6A1846F2
:10AD0000FFF739FA03461946F86800F077F9F86852
:10AD100000F0B1FDFB681A69FB681B8BF0339BB236
:10AD20001946104603F09AF8FB685868FB681969E1
:10AD30007B6800934323174A07F0A7FCF86800F0EC
:10AD400081FDFB685B7B0133DAB2FB685A73FB68F9
:10AD50005B7B092B09D8FB685B7B1A465201D21A30
:10AD600092001344DB009BB201E042F210733B817E
:10AD70003B8903F2F313084A82FB03125211DB17DB
:10AD8000D31A9AB2FB685A8397F90B3018461037DA
:10AD9000BD4680BD10150208D34D621080B586B047
:10ADA00002AF78607B681B6AFB600021F86800F0E6
:10ADB000A4F8FB6800221A62FB6800225A62FB6852
:10ADC00000229A62FB680022DA62FB6800229A6322
:10ADD000FB689A6BFB685A63FB685A6BFB681A63E3
:10ADE0000722F968786800F019FC0346FB7297F9AE
:10ADF0000B30002B1BD1F86800F03DFDFB681A6991
:10AE0000FB681B8BF0339BB21946104603F026F803
:10AE1000FB685868FB681969FB6803F120027B68CE
:10AE20000093432307F031FCF86800F00BFDFB684A
:10AE30005B7B0133DAB2FB685A73FB685B7B092BDF
:10AE400009D8FB685B7B1A465201D21A9200134460
:10AE5000DB009BB201E042F210733B813B8903F2BD
:10AE6000F3130F4A82FB03125211DB17D31A9AB263
:10AE7000FB685A83786802F07BFE0A49786802F022
:10AE8000BBFD0849786802F00FFE0649786802F0B9
:10AE90001FFE97F90B3018461037BD4680BD00BF26
:10AEA000D34D62100C15020880B584B000AF7860F5
:10AEB0007B68002B1ED07B681B6AFB607B6893F865
:10AEC0002D3023F00803DAB27B6883F82D20FB686D
:10AED000002B0FD0FB685B68002B07D0FB685B681A
:10AEE000184607F02BFDFB6800225A600021F86825
:10AEF00000F003F81037BD4680BD80B483B000AFCA
:10AF000078600B46FB707B681B7BFA789A4208D00E
:10AF10007B68FA781A737B6800225A737B68002278
:10AF20005A8300BF0C37BD465DF8047B704780B480
:10AF300083B000AF78600B46FB701346BB707B6834
:10AF40005A697B681B8B591C88B279680883134443
:10AF5000FA7883F8F0207B685A697B681B8B591C50
:10AF600088B2796808831344BA7883F8F02000BF68
:10AF70000C37BD465DF8047B704780B483B000AFEA
:10AF800078600B46FB707B685A697B681B8B591C89
:10AF900088B2796808831344FA7883F8F02000BFF8
:10AFA0000C37BD465DF8047B704790B482B000AFAB
:10AFB00078600B467B807B881B0A98B27B685A6955
:10AFC0007B681B8B591C8CB279680C83C1B213440B
:10AFD0000A4683F8F0207B685A697B681B8B591CF2
:10AFE00088B2796808837988C9B213440A4683F81D
:10AFF000F02000BF0837BD4690BC704790B482B0C7
:10B0000000AF786039603B68180E7B685A697B68CE
:10B010001B8B591C8CB279680C83C1B213440A464D
:10B0200083F8F0203B68180C7B685A697B681B8B9F
:10B03000591C8CB279680C83C1B213440A4683F858
:10B04000F0203B68180A7B685A697B681B8B591C87
:10B050008CB279680C83C1B213440A4683F8F0209D
:10B060007B685A697B681B8B591C88B27968088396
:10B070003968C9B213440A4683F8F02000BF083784
:10B08000BD4690BC7047000080B58EB000AF7860C0
:10B09000396000237B6200233B620A220021A5481D
:10B0A00013F065F93B685B892B2B02D86FF0010325
:10B0B00002E23B685A687B689A60F023FB853B6834
:10B0C0001B89BB853B68BB620CE0BB6A5B89FA8D60
:10B0D000D31AFB85BB6A5B89BA8DD31ABB85BB6A61
:10B0E0001B68BB62BB6A002B04D0BB6A5B89FA8D0C
:10B0F0009A42EAD2BB6A002B02D16FF00103DBE176
:10B10000FB8D7B86BB8D3B86BB6A5B687B6393E173
:10B110007B8E7A6B13441B787B750023BB774FF0D3
:10B12000FF33BB617B8E0233FB827B8E0133BA6AB5
:10B130005289934206DA7B8E01337A6B13441B7873
:10B14000FB770AE0BB6A1B68002B04D0BB6A1B6854
:10B150005B681B7800E00023FB77FB7FBB777B7D80
:10B160003B2B00F2E98001A252F823F05DB2000807
:10B170006DB2000839B300087FB2000839B3000887
:10B1800039B3000897B2000839B3000839B3000892
:10B1900039B3000839B3000839B3000839B30008DF
:10B1A00039B3000839B3000839B3000839B30008CF
:10B1B00039B3000839B3000839B3000839B30008BF
:10B1C00039B3000839B3000839B3000839B30008AF
:10B1D00039B3000839B3000839B3000839B300089F
:10B1E00039B3000839B3000839B3000839B300088F
:10B1F00039B3000839B3000839B3000839B300087F
:10B2000039B3000839B3000839B3000839B300086E
:10B2100039B3000839B3000839B3000839B300085E
:10B2200039B3000839B3000839B3000839B300084E
:10B2300039B3000839B30008C7B20008D9B2000812
:10B24000EBB20008FDB2000839B3000839B30008BA
:10B2500039B300080FB3000821B300080023FB77BF
:10B26000FB7FBB777B8E013B7B8668E0FB7F042BFB
:10B2700002D06FF005031FE10623BB615FE00423EA
:10B28000BB77FA7FBB7F9A4202D26FF0050313E1CE
:10B290000723BB6153E0FB7F03F00303DBB2002B0A
:10B2A00002D06FF0050307E1FB7F082B28BF0823BE
:10B2B000BB77FA7FBB7F9A4202D26FF00503FBE0B7
:10B2C0000823BB613BE0FB7F042B02D06FF005033A
:10B2D000F2E00323BB6132E0FB7F012B02D06FF071
:10B2E0000503E9E00023BB6129E0FB7F012B02D0CD
:10B2F0006FF00503E0E00123BB6120E0FB7F042B3E
:10B3000002D06FF00503D7E00223BB6117E0FB7F9B
:10B31000042B02D06FF00503CEE00423BB610EE0E6
:10B32000FB7F042B02D06FF00503C5E00523BB6152
:10B3300005E000BFFC5B00200023BB7700BFFB7F64
:10B340009AB27B8E13449BB202337B86BB7F002B69
:10B3500056D00023BB605A4ABB6913441B78002BAC
:10B360004ED1BB7F042B28BF0423DBB27B82FB8A38
:10B370007A8A07F10801B86A02F08DFFBB7F042BBF
:10B3800020D9BB7F03F00303DBB2002B02D06FF0A8
:10B39000050391E04A4ABB69134401221A70BB6855
:10B3A0001846FEF7CFFE02464649BB6941F8232006
:10B3B000BB7F043BBB77FB8A0433FB82BB69013351
:10B3C000BB61C8E7BB7F042B06D1BB681846FEF7FC
:10B3D000D2FE0346BB6009E0BB7F012B02D06FF0B9
:10B3E000050369E007F108031B78BB60344ABB69B9
:10B3F000134401221A70BA683249BB6941F823200C
:10B40000BB6A5B897A8E9A4216D3BB6A5B897A8E55
:10B41000D31A7B86BB6A5B893A8ED31A3B867A8EB7
:10B420003B8E9A4216D23B8E002B13D0BB6A1B6810
:10B43000BB62BB6A5B687B63BB6A002B0AD07B8EF6
:10B440007A6B13441B78FF2B04D07A8E3B8E9A4282
:10B45000FFF45EAE1A4B1B78002B18D0194B1B68FB
:10B46000FB60174B00221A70FB68012B02D10123ED
:10B470007B620CE0FB68022B02D101233B6206E0F9
:10B48000FB68032B03D101233B6201237B627B6AB0
:10B49000002B06D000237B626C23FB85EC23BB854D
:10B4A00010E63B6A002B06D000233B622C23FB8571
:10B4B0006C23BB8506E6002318463837BD4680BDA1
:10B4C000FC5B0020D45B002080B58AB000AFF86040
:10B4D000B9607A603B60FB683B623B6A1B6AFB6158
:10B4E0007B685B68BB617B685B892B2B7BD9BB6905
:10B4F0001B78022B79D1002387F8273011E097F8C9
:10B5000027303A6A134493F8272097F82730B9690F
:10B510000B441B7F9A426AD197F82730013387F892
:10B5200027303B6A93F8263097F827209A42E6D3D3
:10B53000BB695B681846FEF71EFE0246FB691B6886
:10B540009A4256D17968F869FFF79EFD0346002BB1
:10B5500051D1304B5B78002B4FD02F4B5B68FB7584
:10B56000FB7D052B1AD1FB691B7B012B06D1386AA9
:10B57000FFF71AF8386AFEF72FFE41E0FB691B7BE4
:10B58000032B07D0FB691B7B042B03D0FB691B7BC0
:10B59000052B35D1386AFFF717FA31E0FB7D062B12
:10B5A00013D1FB691B7B032B0BD0FB691B7B012B8E
:10B5B00007D0FB691B7B042B03D0FB691B7B052B8E
:10B5C00003D1386AFEF7E4FD1AE0FB7D022B16D1A9
:10B5D000FB691B7B062B12D1FB6900225A83386A58
:10B5E000FEF72AFE0CE000BF0AE000BF08E000BF43
:10B5F00006E000BF04E000BF02E000BF00E000BFC3
:10B60000FB6900229A60786802F0FAFC00BF2837D4
:10B61000BD4680BDFC5B0020D45B002090B587B0A8
:10B6200000AFF860B9601346FB71FB68002B02D1D4
:10B630006FF00D03FFE0BB68002B02D16FF0050334
:10B64000F9E000224FF49A71002002F0B3FA0246AA
:10B65000BB681A61BB681B69002B02D14FF0FF3336
:10B66000E9E0BB685B7B002B04D1754B1B680133A1
:10B67000734A1360724B1A68BB681A60BB681B6917
:10B680005A68BB685A61BB685B6901221A70BB6863
:10B690005B6901225A70BB685B69FA6892F82620E0
:10B6A0009A70BB685B690022DA70BB681A68BB6875
:10B6B0005C691046FEF746FD03466360BB685B6944
:10B6C00000221A7200225A72BB685B6900229A72C9
:10B6D0000022DA72BB685B6900221A7300225A7377
:10B6E00000229A730022DA73FB79082B0DD0FB79C4
:10B6F000042B0AD0FB79032B0CD1BB681B7B052BD9
:10B7000003D0BB681B7B042B04D1BB685B69FA6860
:10B710005268DA60BB685B6900221A7400225A74AE
:10B7200000229A740022DA74BB685B6900221A75E1
:10B7300000225A7500229A750022DA75BB685B698F
:10B7400000221A7600225A7600229A760022DA76B1
:10B750000023FB8216E0FB6893F826301A46FB8A2A
:10B76000934205D2FB8AFA68134493F8271000E04D
:10B770000021BB685A69FB8A13440A461A77FB8A80
:10B780000133FB82FB8A0F2BE5D90023FB8209E002
:10B79000BB685A69FB8A1344002283F82C20FB8A79
:10B7A0000133FB82FB8A3F2BF2D90023FB8209E0A5
:10B7B000BB685A69FB8A1344002283F86C20FB8A19
:10B7C0000133FB82FB8A7F2BF2D9BB685B690022C5
:10B7D00042F0630283F8EC20002262F07D0283F8DD
:10B7E000ED20002242F0530283F8EE20002242F0C6
:10B7F000630283F8EF20BB6800221A830023FB82D8
:10B800000BE0BB685A69FB8AF98AC9B213440A463D
:10B8100083F8F020FB8A0133FB82FB8A432BF0D9AB
:10B8200001223521B868FFF782FBFB791946B86819
:10B83000FFF7A3FB002318461C37BD4690BD00BF91
:10B840000800002080B582B000AF78607B68002BD4
:10B850000ED07B681B69002B04D07B681B691846DF
:10B8600002F0CEFB7B6800221A617B6800225A61DD
:10B870000837BD4680BD80B483B000AF78607B6878
:10B88000002B26D07B685A697B681B8B591C88B2B9
:10B89000796808831344FF2283F8F0200BE07B686B
:10B8A0005A697B681B8B591C88B2796808831344DA
:10B8B000002283F8F0207B681B8B432B05D97B6823
:10B8C0001B8B03F00303002B03D07B681B8B432BE4
:10B8D000E5D90C37BD465DF8047B704780B582B072
:10B8E00000AF184B033323F003031A46164B1A60BC
:10B8F000164800F08CFF03467B60154B1B68002B3D
:10B900001BD107F04BF80346114A1360104B1B681C
:10B91000002B12D00E4B1B6800220E49184606F071
:10B920004FFF0B4B1B6800220B49184606F0F4FF33
:10B930003B1D1946002000F011F800BF0837BD4636
:10B9400080BD00BF7460002078620020240B0208D4
:10B95000085C00200C1502082DBD000880B483B0DF
:10B9600000AF03463960FB71FB79012B13D80D4BF7
:10B970001B68002B0FD03B68002B0CD03B68002BC2
:10B9800009D03B681B68002B05D0FB7906493A6853
:10B99000126841F8232000BF0C37BD465DF8047BD8
:10B9A000704700BF085C00206C60002080B500AFCD
:10B9B000034B1B68002B01D000F0A2F900BF80BD33
:10B9C000085C002080B485B000AF786039603B68C7
:10B9D0005A1C3A601B78FB73FB7B03F0C003C02B3F
:10B9E0001CD010E07B681A783B681B789A4201D023
:10B9F000012315E03B6801333B607B6801337B60CA
:10BA0000FB7B013BFB73FB7B002BEBD17B680133A2
:10BA10007B603B681B78002BD9D100E000BF00237E
:10BA200018461437BD465DF8047B704780B485B076
:10BA300000AF78607B685A1C7A601B78FB73FB7BD5
:10BA400003F0C003C02B0ED005E07B6801337B60A0
:10BA5000FB7B013BFB73FB7B002BF6D17B681B78E8
:10BA6000002BE7D100E000BF7B6801331846143794
:10BA7000BD465DF8047B704780B58AB000AF0346D1
:10BA80003960FB711346BB7100224FF488710020AE
:10BA900002F090F878617B69002B7CD07B695B6851
:10BAA0003B610C220021386912F061FCBB799BB22A
:10BAB0001846FEF723FB03461A463B691A803B698A
:10BAC00001229A703B6900221A71002242F00102A1
:10BAD0005A713B690C333B623B68FB61FB69013B7C
:10BAE000FB61FB690133FB613B6AFB603B6A01332D
:10BAF0003B620023FB760CE0FB691A783B6A1A7004
:10BB00003B6A01333B62FB7E0133FB76FB69013309
:10BB1000FB61FB691B782E2B03D0FB691B78002B84
:10BB2000EAD1FB68FA7E1A70FB691B78002BD8D12A
:10BB30003B6A5A1C3A6200221A704FF480733B81B0
:10BB40004FF480737B81BA683B6A1A603B6A1A1DA6
:10BB50007B695B68D31A9BB21946786902F07EF95B
:10BB6000114B1868FB799B00104A13443522194683
:10BB700006F086FE0C4B1868FB799B000B4A1A44B2
:10BB80003523796906F062FD034687F82730786926
:10BB900002F036FA02E0FF2387F8273097F92730C2
:10BBA00018462837BD4680BD085C00206C60002028
:10BBB00080B584B000AF0346FB71FB794FF48C7203
:10BBC00002FB03F34C4A1344FB60FB681B78032B16
:10BBD00000F2888001A252F823F000BFE5BC000803
:10BBE000EDBB00081BBC0008C3BC0008FB680222B8
:10BBF0001A70FB6800225A70FB6801229A70FB6879
:10BC00000022DA70FB685878FB680C33FA79194621
:10BC1000FFF732FF0346FB7269E0FB689B78013B4C
:10BC2000DAB2FB689A70FB689B78002B5CD1FB68EA
:10BC3000DB780133DAB2FB68DA70FB68DB78042B5F
:10BC400030D1FB685B78002B14D1FB685B78013343
:10BC50002A4A52F82330002B0CD0FB685B78013362
:10BC6000DAB2FB685A70FB6801229A70FB68002206
:10BC7000DA703CE0FB68D3F81031002B0AD0FB6887
:10BC8000D3F81031FA6802F10C00FA68D2F81421E6
:10BC900000219847FB6800221A70FB680022C3F855
:10BCA000102124E0FB68DA78FB689A70FB6858780A
:10BCB000FB680C33FA791946FFF7DEFE0346FB7288
:10BCC00012E0FB689B685A1EFB689A60FB689B68E1
:10BCD000002B0BD1FB6800221A70FB680022C3F80E
:10BCE000102103E000BF02E000BF00E000BF00BF82
:10BCF0001037BD4680BD00BF0C5C00206C6000208A
:10BD000080B582B000AF0023FB7106E0FB791846D6
:10BD1000FFF74EFFFB790133FB71FB79032BF5D95C
:10BD200000BF00BF0837BD4680BD000080B58EB0A3
:10BD300000AFF860B9607A603B607B681B89B3F53F
:10BD4000007F00F2D8807B681B89192B40F2D580D8
:10BD5000704B19687B681A890023786802F09BFA97
:10BD600003461A467B681B899A4240F0C880694B9B
:10BD70001B68FB62FB6A1B889BB21846FEF7BEF984
:10BD800003467B857B8D032B00F2B9807B8D4FF4BE
:10BD90008C7202FB03F3604A13447B627B6A1B785C
:10BDA000022B40F0AC807B6A03221A70FB6ADB78BE
:10BDB00003F00F03DAB27B6A5A71FB6A9B889BB26D
:10BDC0001846FEF79BF903467B84FB6ADB889BB22F
:10BDD0001846FEF793F903467B86FB6A9B785BB2B5
:10BDE000002B6DDA7B6A5B79002B69D17B8C012B90
:10BDF00066D17B6A03F10C02464B1B680C33194673
:10BE00001046FFF7DFFD0346002B5BD1414B1B685B
:10BE10000C331846FFF70AFE034604337B634BE0FE
:10BE2000786BFFF703FE786307F114030A22796B3E
:10BE3000184612F0C9FBBB8AB3F5807F30D1FB8A6C
:10BE4000B3F5807F2CD1BB8BB3F5806F28D1BB6954
:10BE50001846FEF790F902467B6A9A607B6A9B68F7
:10BE60002E4A934202D97B6A2C4A9A607B6A03F578
:10BE700086737A6B0A3212681A607B6AD3F81031C3
:10BE8000002B3ED07B6AD3F810317A6A02F10C00A5
:10BE90007A6A02F586717A6AD2F81421984730E0FE
:10BEA000BB8B1846FEF72AF903460A337A6B134414
:10BEB0007B637B8E013B7B867B8E002BB0D102E0C7
:10BEC00000BF00E000BF7B6AD3F81031002B0AD01E
:10BED0007B6AD3F810317A6A02F10C007A6AD2F8E0
:10BEE0001421002198477B6A00221A707B6A002285
:10BEF000C3F8102106E000BF04E000BF02E000BF6D
:10BF000000E000BF786802F07BF800BF3837BD461C
:10BF100080BD00BF786200200C5C0020803A0900E0
:10BF200080B500AF01F08AFA01F070FC01F000FD6D
:10BF300006F00EFA02F0BEFAFFF7D0FC06F064F944
:10BF400000BF80BD80B58CB004AF786039607B687D
:10BF50005B68FB61FB691B7803F00F039BB29B00DE
:10BF60009BB2FB82FB8A5B429BB21BB2194678688C
:10BF700001F0D7FF0346002B40F0B3807B681B899C
:10BF8000032B40F2AE807B685B681B787B757B7D02
:10BF9000002B00F09F80082B40F09F800123BB61A5
:10BFA0005B4B1B6803F0F003E02B01D10023BB6166
:10BFB000574B1B683968184600F0EDFB0346002B11
:10BFC00001D00023BB61BB69002B03D1786802F06C
:10BFD00017F89AE07B681B89072B40F28480786809
:10BFE00000F07FF90346002B03D0786802F008F8D0
:10BFF0008BE02221786801F094FF0346002B2ED0BD
:10C00000B7F916301946786801F08BFF0346002B0C
:10C010006ED17B681B8900221946022001F0CAFDFF
:10C0200038613B69002B65D07968386902F0ABF85C
:10C030000346002B60D13B695B68FB61FB8A5B4276
:10C040009BB21BB21946386901F06BFF0346002B07
:10C0500054D1786801F0D4FF3B697B6007E06FF052
:10C060002101786801F05DFF0346002B48D17B6811
:10C070005B68FB60264B1A68FB69DA60254B1A681F
:10C08000FB691A61FB6800221A70FB6800229A7033
:10C090000022DA70FB69FF221A72FB6900229A7291
:10C0A0000022DA72B7F916301946786801F039FFC4
:10C0B0000346002B10D13B68029301230193002318
:10C0C0000093FF2300221249786800F0B3FA034678
:10C0D000FB7201E000BF00E000BF786801F090FF54
:10C0E00013E000BF00E000BF786801F089FF0CE0BA
:10C0F00000BF06E000BF04E000BF02E000BF00E0B8
:10C1000000BF786801F07CFF00BF2037BD4680BDCE
:10C11000886200208462002080B582B000AF786021
:10C120000B46FB70FB781A460321786800F014F880
:10C1300000BF0837BD4680BD80B582B000AF7860D3
:10C140000B46FB70FB781A460B21786800F004F868
:10C1500000BF0837BD4680BD80B588B002AF7860AB
:10C160000B46FB701346BB7000222421012001F016
:10C1700021FD78617B69002B40D07B685B683B6167
:10C180007B695B68FB60FB68FA781A70FB68BA78B9
:10C190005A70FB6800221A7100225A71FB68002253
:10C1A0009A710022DA717B695B6803F108007B6891
:10C1B0005B681C22194612F007FAFB6800229A708D
:10C1C0000022DA707B695B891946F86800F077F81D
:10C1D00003461A46FB685A803B69DB68BB6007F17F
:10C1E00008020123019300230093FF2300217869B3
:10C1F00000F0ACFA786901F003FF00E000BF1837E7
:10C20000BD4680BD80B489B000AF786039607B687E
:10C21000FB610023FB8100237B61FB6903F00103C9
:10C220003B613B69002B0DD03B68002B0ADDFA69AE
:10C23000531CFB6107F10E03013312781A703B683F
:10C24000013B3B60FB69BB610AE0BB699A1CBA61B8
:10C250001B881A467B6913447B613B68023B3B6049
:10C260003B68012BF1DC3B68002B04DD07F10E037A
:10C27000BA6912781A70FB891A467B6913447B618C
:10C280007B691A0C7B699BB213447B617B691A0C36
:10C290007B699BB213447B613B69002B07D07B69B0
:10C2A0001B029AB27B691B0ADBB213437B617B6979
:10C2B0009BB218462437BD465DF8047B704780B5B5
:10C2C00082B000AF78600B467B807B881946786827
:10C2D000FFF798FF0346DB439BB218460837BD467D
:10C2E00080BD80B586B000AF786000237B610023FD
:10C2F000FB737B683B6128E03B695A683B695B895B
:10C3000019461046FFF77EFF03461A467B69134421
:10C310007B617B691A0C7B699BB213447B613B692F
:10C320005B8903F001039BB2002B0BD0FB7BC3F1B5
:10C330000103FB737B691B029AB27B691B0ADBB2A8
:10C3400013437B613B691B683B613B69002BD3D185
:10C35000FB7B002B07D07B691B029AB27B691B0A0F
:10C36000DBB213437B617B699BB2DB439BB2184614
:10C370001837BD4680BD000080B485B000AF78603E
:10C38000194B1B68FB6016E0FB6893F82D3003F037
:10C390000103DBB2002B0BD07B681A68FB685B687B
:10C3A0005A40FB689B681340002B01D1FB6815E0E5
:10C3B000FB681B68FB60FB68002BE5D10B4B1B681F
:10C3C000002B07D0094B1B6893F82D3003F00103B5
:10C3D000002B01D1002301E0044B1B6818461437E1
:10C3E000BD465DF8047B7047D4620020D86200200F
:10C3F00080B588B000AF7860396001237B617B68CD
:10C400005B68FB61FB691B781B09DBB2042B04D062
:10C41000786801F0F5FD0023FEE0FB691B7803F06E
:10C420000F03FB81FB899B00FB81FB695B889BB24F
:10C430001846FDF779FE0346BB817B685B89FA8964
:10C440009A4204D87B681B89BA899A4204D97868D1
:10C4500001F0D6FD0023DFE0BB891946786801F0C2
:10C46000FDFCFB691B696E4A1360FB69DB686D4A62
:10C47000136001233B613B68BB61BB6993F82D30BE
:10C4800003F00103DBB2002B16D0BB690433002B91
:10C4900012D0BB695B68002B0ED0614B1A68BB6978
:10C4A0005B689A421ED05E4B1B68B969184600F063
:10C4B00072F90346002B15D13B69002B05D00023F0
:10C4C0003B61594B1B68BB6102E0BB691B68BB61E8
:10C4D000BA693B689A4202D1BB691B68BB61BB6900
:10C4E000002BCAD1BB69002B11D1FB695B7A112BE0
:10C4F0000DD1FB89FA691344BB60BB685B889BB2B2
:10C50000B3F5884F03D13B68BB6100237B617B6936
:10C51000002B17D0434B1B68002B13D0414B1B68DB
:10C520003968184600F037F90346002B05D13D4B1A
:10C530001B6803F0F003E02B04D1786801F060FD84
:10C54000002369E0BB69002B04D1786801F058FD35
:10C55000002361E0FB69DB889BB21A464FF63F730C
:10C560001340002B0BD0786800F0BEFC78607B682D
:10C57000002B01D100234FE07B685B68FB612B4AF5
:10C580003B6813602A4AFB6913603968786801F0D8
:10C5900033FF0346002B32D1FB695B7A112B06D0A7
:10C5A000112B13DC012B0CD0062B05D00EE03968C3
:10C5B000786805F00DFF22E03968786803F03CF8F0
:10C5C0001DE039687868FFF7BDFC18E0144B1B6864
:10C5D0003968184600F0DFF80346002B0CD1104BE9
:10C5E0001B6803F0F003E02B06D07B68FA695A6001
:10C5F00002217868FFF790FD786801F001FD0B4B90
:10C6000000221A600A4B00221A60064B00221A60B0
:10C61000034B00221A60002318462037BD4680BD18
:10C620008862002084620020D46200207C620020A6
:10C630008062002080B588B000AFF860B9607A6091
:10C64000FB707B68002B59D014237B831421F8687E
:10C6500001F067FC0346002B02D06FF001036EE08F
:10C66000FB685B68FB61FB69FA781A72FB6997F8F3
:10C670002C205A727B681A68FB691A617B8B9B08B5
:10C680009BB2DBB243F04003DAB2FB691A70FB697C
:10C6900097F828205A70FB681B891846FDF72EFD75
:10C6A00003461A46FB695A80FB6900229A710022F0
:10C6B000DA71254B1B881846FDF720FD03461A4604
:10C6C000FB699A80204B1B8801339AB21E4B1A805B
:10C6D000BB68002B03D0BB681B68002B04D13B6BED
:10C6E0005A68FB69DA6003E0BB681A68FB69DA60C4
:10C6F000FB6900229A720022DA7208E0FB685B682C
:10C70000FB61FB691B697B6107F114037B603B6B79
:10C710009B8C002B0CD0FB681A893B6B9B8C9A423C
:10C7200006D97A68396BF86800F028FD034606E000
:10C730003B6B5B697A68F968386B98470346184623
:10C740002037BD4680BD00BF8C62002080B58AB016
:10C7500004AFF860B9607A60FB707868FFF70CFE90
:10C7600078617B69002B02D16FF003030FE0FA7848
:10C770007B69029397F82430019397F82030009357
:10C7800013467A68B968F868FFF754FF03461846FD
:10C790001837BD4680BD80B485B000AF7860396081
:10C7A0007B68FB607B68B3F1FF3F02D07B68002BA6
:10C7B00001D1012325E03B6893F82D3003F00203FB
:10C7C000002B01D100231CE03B685B687A689A4229
:10C7D00001D1002315E0FA683B685B685A403B686A
:10C7E0009B681340002B0BD13B689B68DA437B6846
:10C7F0001A403B689B68DB439A4201D1012300E069
:10C80000002318461437BD465DF8047B704780B599
:10C8100084B000AF786007F10C031946786800F027
:10C820000BF80346002B01D0FB6801E04FF0FF330B
:10C8300018461037BD4680BD80B58AB000AF78601D
:10C84000396007F10C03FB617B681B7887F82230A5
:10C8500097F822302F2B03D997F82230392B01D9A2
:10C860000023FEE000237B620A2387F8233097F839
:10C870002230302B1CD17B6801337B607B681B78B6
:10C8800087F8223097F82230782B03D097F822309F
:10C89000582B0AD1102387F823307B6801337B6043
:10C8A0007B681B7887F8223002E0082387F8233062
:10C8B00097F822302F2B15D997F82230392B11D821
:10C8C00097F823307A6A03FB02F297F82230134478
:10C8D000303B7B627B6801337B607B681B7887F829
:10C8E000223036E097F82330102B33D197F82230DE
:10C8F0002F2B03D997F82230392B0FD997F82230F4
:10C90000602B03D997F82230662B07D997F822308D
:10C91000402B1FD997F82230462B1BD87B6A1B016E
:10C9200097F8222002F10A0197F82220602A05D9FF
:10C9300097F822207A2A01D8612200E041228A1A3F
:10C9400013437B627B6801337B607B681B7887F8CD
:10C950002230ADE797F822302E2B14D107F10C03CB
:10C960000C33FA699A4201D300237AE0FB691A1D5D
:10C97000FA617A6A1A607B6801337B607B681B7896
:10C9800087F8223064E700BF97F82230002B19D0D7
:10C9900097F82230202B15D097F822300C2B11D08D
:10C9A00097F822300A2B0DD097F822300D2B09D0A2
:10C9B00097F82230092B05D097F822300B2B01D0A5
:10C9C00000234EE007F10C03FA69D31A9B100133E0
:10C9D000042B3BD801A252F823F000BFF1C9000894
:10C9E0004DCA0008F5C900080DCA00082BCA000886
:10C9F000002336E07B6AB3F1807F01D3002330E06F
:10CA0000FB681B067A6A13437B6220E07B6AB3F5FE
:10CA1000803F01D3002324E0FB681A063B691B0416
:10CA200013437A6A13437B6211E07B6AFF2B01D9BF
:10CA3000002316E0FB681A063B691B041A437B6956
:10CA40001B0213437A6A13437B6200E000BF3B681A
:10CA5000002B05D0786AFDF775FB02463B681A602B
:10CA6000012318462837BD4680BD00BF80B584B07D
:10CA700000AF0023BB60124B1B68FB6018E0FB6833
:10CA8000DB7F002B0BD0FB68DB7F013BDAB2FB685E
:10CA9000DA77FB68BB60FB681B68FB6008E0FB683B
:10CAA0007B60FB681B68FB60B968786800F00AF877
:10CAB000FB68002BE3D100BF00BF1037BD4680BD2F
:10CAC0009062002080B588B000AF786039600023A4
:10CAD000FB833B68002B7B685B685B687B617B69E1
:10CAE0009B889BB2002B1FD17B685B68BB617B6915
:10CAF0001A687B685A60BB6958687B6808331422DF
:10CB0000194611F061FD0121B869FFF715FBB869FD
:10CB100001F0D2FA0346FB74FB7C9AB2FB8B134400
:10CB2000FB83B86901F06CFA7B685B68BB6114E059
:10CB3000BB695B687B61BB69FB607B691B68BB6130
:10CB4000F86801F0B9FA0346FB74FB7C9AB2FB8BE0
:10CB50001344FB83F86801F053FABB69002BE7D15B
:10CB60003968786800F0A4F8054B1A88FB8BD31A53
:10CB70009AB2034B1A80FB8B18462037BD4680BD06
:10CB80009462002080B588B000AF786039600023DF
:10CB90003B610023BB6100237B610023FB60264BCC
:10CBA0001B68FB612CE0FB695A697B68DB689A4271
:10CBB0000CD1FB699A697B681B699A4206D1FB69B3
:10CBC0009A897B689B889BB29A4210D0FB6801339C
:10CBD000FB60BB69002B02D1FB69BB6107E0FB690D
:10CBE000DA7FBB69DB7F9A4201D8FB69BB61FB69D5
:10CBF0001B68002B01D0FB697B61FB691B68FB6133
:10CC0000FB69002BCFD1BB69002B08D07969B869CB
:10CC1000FFF758FFB8603A69BB6813443B613A6953
:10CC20003B689A4202DAFB68012BB2DC3B6918468A
:10CC30002037BD4680BD00BF9062002080B584B023
:10CC400000AF78603960052000F030FEF860FB68C6
:10CC5000002B10D139687868FFF794FF02463B68D3
:10CC6000934203DC052000F021FEF860FB68002BF6
:10CC700001D1002316E020220021F86811F077FB93
:10CC8000FB680322DA77094B1A68FB681A60074AC7
:10CC9000FB681360FB68083314227968184611F0AA
:10CCA00093FCFB6818461037BD4680BD906200209B
:10CCB00080B582B000AF786039600B4B1B687A6832
:10CCC0009A4204D17B681B68074A136003E07B68C3
:10CCD0001A683B681A607968052000F009FE00BFF9
:10CCE0000837BD4680BD00BF9062002080B58AB085
:10CCF00000AF7860396000233B620123BB613B6871
:10CD00005B687B617B695B889BB21846FDF70CFA18
:10CD100003461A467B691B7803F00F039BB29B0006
:10CD20009BB2D31A7B827B69DB889BB21846FDF7E6
:10CD3000FBF90346C3F30C039BB2DB003B823B6869
:10CD40005B687B627B6A00221A7000225A700022A4
:10CD50009A700022DA707B6A3A8A9A803A8A7B8AD1
:10CD600013449AB27B6ADA807B685B68FB614BE0B4
:10CD7000FB695B68FB607B6A9B889AB2FB689B8857
:10CD80009BB29A421ED27B6AFA691A603B6A002BF8
:10CD900014D07B6A9B889AB23B6ADB889BB29A422A
:10CDA000C0F088807B6ADB889AB2FB689B889BB264
:10CDB0009A427FD83B6A3A681A6028E07B683A68F2
:10CDC0005A6024E07B6A9B889AB2FB689B889BB27E
:10CDD0009A4271D07B6A9B889AB2FB68DB889BB2CF
:10CDE0009A426BD33B6A002B09D03B6ADB889AB22C
:10CDF000FB689B889BB29A4201D00023BB61FB6811
:10CE00001B68FB61FB683B62FB69002BB0D1FB69CF
:10CE1000002B17D13B6A002B11D03B6ADB887B6A61
:10CE20009B883B6A3A681A603B6ADB889AB27B6AE5
:10CE30009B889BB29A4205D00023BB6102E07B68CD
:10CE40003A685A607B689B7F03F00103002B2FD068
:10CE5000BB69002B2AD07B685B685B689B889BB2B0
:10CE6000002B02D00023BB6120E07B6A3B627B6A1F
:10CE70001B68FB6112E0FB695B687B623B6ADB88D5
:10CE80009AB27B6A9B889BB29A4202D00023BB6114
:10CE900007E07B6A3B627B6A1B68FB61FB69002BD6
:10CEA000E9D1BB69002B01D07B6ADB88BB6915E047
:10CEB000002313E000BF02E000BF00E000BF3868BD
:10CEC00001F0FAF803461A46064B1B889B1A9AB2E1
:10CED000044B1A80386801F093F80023184628376D
:10CEE000BD4680BD9462002080B58AB000AF7860F6
:10CEF0000023FB617B685B68BB61BB691B7803F047
:10CF00000F03052B40F00181BB69DB889BB21846FB
:10CF1000FDF70AF90346C3F30C039BB2DB00FB8267
:10CF2000BB695B889BB21846FDF7FEF803461A46BC
:10CF3000BB691B7803F00F039BB29B009BB2D31A13
:10CF4000BB82786801F0B8F80346FB74744B1B8809
:10CF50001A46FB7C13440A2B10DDFB7C1946B8698A
:10CF6000FFF710FE0346002B00F0D1806C4B1B88AE
:10CF70001A46FB7C13440A2B00F3C980694B1B68DB
:10CF80003B6217E03B6A5A69BB69DB689A420CD185
:10CF90003B6A9A69BB691B699A4206D13B6A9A89C6
:10CFA000BB699B889BB29A4208D03B6AFB613B6A93
:10CFB0001B683B623B6A002BE4D100E000BF3B6A88
:10CFC000002B09D1FB7C1946B869FFF737FE3862A0
:10CFD0003B6A002B1CD19BE0BB69DB889BB21846E7
:10CFE000FDF7A2F80346C3F30C03002B10D13B6AF4
:10CFF000DB891846FDF798F80346C3F30C03002BB2
:10D0000006D03B6A08331422B969184611F0DCFADD
:10D01000FB7C9AB2424B1B8813449AB2404B1A8055
:10D02000BB69DB889BB203F02003002B0CD13B6A69
:10D030009B7F43F00103DAB23B6A9A77FA8ABB8A94
:10D0400013449AB23B6A9A837968386AFFF74EFEB6
:10D050000346002B57D03B6A9B8B14339AB23B6A32
:10D060009A833B6A5B685B681B687B623B6A5B68B0
:10D070005B68BB613B6A083314221946B86911F03A
:10D08000A3FA3B6A9B8B1846FDF738F803461A460D
:10D09000BB695A80BB6900229A710022DA71BB69B0
:10D0A00000229A720022DA721421B869FFF707F998
:10D0B00003461A46BB695A813B6A5B687B600EE097
:10D0C0007B6A5B68FB606FF01301786A00F029FFF0
:10D0D000796A786801F01AF8FB681B687B627B6AE2
:10D0E000002BEDD1F969386AFFF7E2FD786800F0AE
:10D0F000E3FF03461A460A4B1B889B1A9AB2084B59
:10D100001A807B6808E0002306E000BF00E000BF53
:10D11000786800F075FF002318462837BD4680BDAB
:10D12000946200209062002080B500AF062000F0DD
:10D13000BDFB0346184680BD80B582B000AF786065
:10D140007968062000F0D4FB00BF0837BD4680BDDB
:10D1500080B584B000AF78607B68FB60FB685B697A
:10D16000002B04D0FB685B69184600F049FFF868A3
:10D17000FFF7E2FF00BF1037BD4680BD80B592B01B
:10D1800002AFF860B9607A60BB689B8C7B86142321
:10D190007B870023FB86FB685B68FB62FB6ABB62E4
:10D1A000BB6ADB889BB21846FCF7BEFF03463B8791
:10D1B0003B8FC3F30C03BB873B8F03F40053FB840B
:10D1C000FB681B89143BFB877B8E143B002B00DA2A
:10D1D0000733DB10BB84C5E07B8EA3F11302FB8F0A
:10D1E0009A42CCBF01230023DBB27B84BB8FC3F305
:10D1F0000C039AB2FB8C13433B877B8C002B03D12F
:10D200003B8F43F400533B877B8C002B03D1BB8CBB
:10D21000DB009BB200E0FB8F3B8400221421022044
:10D2200000F0C8FCF861FB69002B02D14FF0FF331E
:10D230009DE0FB695B681422F96A184611F0C4F995
:10D24000FB695B68BB62FB685A687B8F1A44FB68AA
:10D250005A60FB685A897B8FD31A9AB2FB685A814D
:10D260003B8CBB8649E0FB685B89BA8E934228BF42
:10D270001346FB86FB8E002B03D1FB681B68FB600B
:10D280003BE0FFF751FFB861BB69002B05D1F8699E
:10D2900000F0B6FE4FF0FF3369E0B869FB685B68E9
:10D2A000F98EFA8E0192009303460222032000F0C9
:10D2B0007BFD78617B69002B08D1B869FFF73CFFE3
:10D2C000F86900F09DFE4FF0FF3350E0F86800F081
:10D2D0000AFFBB69FA685A61BB69274A1A61796912
:10D2E000F86900F013FFBA8EFB8ED31ABB86BB8E93
:10D2F000002B02D0FB681B68FB60BB8E002BB2D1F9
:10D30000FB8E7B873B8F1846FCF7F8FE03461A46D8
:10D31000BB6ADA803B8C14339BB21846FCF7EEFEF6
:10D3200003461A46BB6A5A80BB6A00229A720022E0
:10D33000DA721421B86AFEF7C2FF03461A46BB6AC6
:10D340005A81BB685B697A68F969B8689847F86977
:10D3500000F056FEFA8F3B8CD31AFB87BA8FBB8C3A
:10D360001344BB87FB8F002B7FF436AF0023184696
:10D370004037BD4680BD00BF51D1000880B485B0A4
:10D3800000AF78602A4B1B687A6812881344FB60F0
:10D390007A68FB689A421FD0FB681B79002B1BD16F
:10D3A000244B1B68FA689A4216D0234B1B68FA6814
:10D3B0009A4202D1204A7B681360FB681A887B6816
:10D3C0001A801B4B1B687A68D11A194B1B68FA68C4
:10D3D000128813448AB25A80154B1B687A685288A7
:10D3E0001344BB60BA687B689A421AD0BB681B7949
:10D3F000002B16D1104B1B687A689A4202D10E4A54
:10D40000BB6813607B681A88BB681A80084B1B686E
:10D41000BA68D11A064B1B687A68128813448AB21C
:10D420005A8000BF1437BD465DF8047B704700BFCB
:10D430009C620020A0620020A462002080B483B01F
:10D4400000AF194B1B68033323F003031A46174B35
:10D450001A60164B1B687B607B684FF4FA421A8097
:10D460007B6800225A807B6800221A710F4B1B6870
:10D4700003F5FA430E4A13600D4B1B6801221A7123
:10D480000B4B1B684FF4FA421A80094B1B684FF490
:10D49000FA425A80054B1B68064A136000BF0C37DE
:10D4A000BD465DF8047B7047986200209C620020B6
:10D4B000A0620020A462002080B584B000AF786034
:10D4C0007B68002B1FD0134B1B687A689A42114B64
:10D4D0001B687A689A4218D30F4B1B687A689A4285
:10D4E00013D27B68083BFB60FB6800221A710B4B70
:10D4F0001B68FA689A4202D2084AFB681360F8680F
:10D50000FFF73CFF02E000BF00E000BF1037BD4660
:10D5100080BD00BF9C620020A0620020A4620020A9
:10D5200080B487B000AF78600B467B807B88033384
:10D530009BB223F003037B807B880B2B01D80C2349
:10D540007B807B88B3F5FA4F01D9002399E0504BDB
:10D550001B687A689A424E4B1B687A689A4204D3D9
:10D560004C4B1B687A689A4201D37B6889E07B68E0
:10D57000083B7B61464B1B687A69D31A7B827B69C7
:10D580001A887B8AD31A9BB2083B3B827A883B8AF3
:10D590009A4201D9002374E07A883B8A9A4201D1E9
:10D5A0007B686EE03A4B1B687A6912881344FB6013
:10D5B000FB681B79002B31D1FB681B883B817A8A81
:10D5C0007B8813449BB208337B81334B1B68FA681A
:10D5D0009A4205D12E4B1A687B8913442E4A136058
:10D5E0002B4B1A687B891344FB60FB6800221A717D
:10D5F000FB683A891A80FB687A8A5A807B697A8943
:10D600001A80FB681B88B3F5FA4F39D0204B1B6892
:10D61000FA68128813447A895A8031E07B8803F1D2
:10D6200014023B8A9A422BD87A8A7B8813449BB295
:10D6300008337B81164B1A687B891344FB60164BB9
:10D640001B68FA689A4202D2134AFB681360FB68AF
:10D6500000221A717B691A88FB681A80FB687A8A33
:10D660005A807B697A891A80FB681B88B3F5FA4F68
:10D6700006D0074B1B68FA68128813447A895A80CF
:10D680007B6818461C37BD465DF8047B704700BFB9
:10D690009C620020A0620020A462002080B489B0B7
:10D6A00000AF0346FB80FB88002B01D1002390E0F4
:10D6B000FB8803339BB223F00303FB80FB880B2B17
:10D6C00001D80C23FB80FB88B3F5FA4F01D9002366
:10D6D0007FE0434B1A68434B1B68D31AFB8371E00E
:10D6E000404B1A68FB8B13447B617B691B79002BD1
:10D6F00062D17B691B881A46FB8BD31AA3F10802FF
:10D70000FB889A4258D37B691B881A46FB8BD31A35
:10D71000A3F10802FB8814339A4227D3FA8BFB88C3
:10D7200013449BB208337B822E4B1A687B8A1344C6
:10D73000FB60FB6800221A717B691A88FB681A80FB
:10D74000FB68FA8B5A807B697A8A1A807B6901228E
:10D750001A71FB681B88B3F5FA4F0AD0214B1B687E
:10D76000FA68128813447A8A5A8002E07B6901229F
:10D770001A711B4B1B687A699A421AD1184B1B68A5
:10D78000BB6105E0174B1B68BA6912881344BB6183
:10D79000BB691B79002B04D0134B1B68BA699A42F2
:10D7A000F0D10F4ABB6913600D4B1A680E4B1B6812
:10D7B0009A427B6908330CE00A4B1A68FB8B1344CE
:10D7C0001B88FB83FA8BFB88C3F5FA439A4287DBFD
:10D7D000002318462437BD465DF8047B704700BF20
:10D7E000A46200209C620020A062002080B483B06C
:10D7F00000AF00237B6043F2FB437B607B681846ED
:10D800000C37BD465DF8047B7047000080B483B0E0
:10D8100000AF00237B8002E07B8801337B807B8824
:10D82000092BF9D91D4B1B68033323F003037B60DD
:10D8300000237B8027E07B88194A002142F82310CF
:10D8400000233B8015E07B88154A52F823207B6833
:10D850001A607B8812497A6841F823207B88114A34
:10D8600032F813301A467B6813447B603B880133DF
:10D870003B807B880C4A32F813303A889A42E2D3D4
:10D880007B8801337B807B88092BD4D900BF00BF04
:10D890000C37BD465DF8047B704700BFD0620020A6
:10D8A000A8620020141502082815020880B485B06B
:10D8B00000AF0346FB71FB79092B01D900230EE071
:10D8C000FB790A4A52F82330FB60FB68002B05D035
:10D8D000FB79FA681268054941F82320FB6818466D
:10D8E0001437BD465DF8047B704700BFA862002076
:10D8F00080B485B000AF03463960FB713B68002BF4
:10D900000DD03B68FB60FB79084A52F82320FB6886
:10D910001A60FB790549FA6841F8232000E000BF4E
:10D920001437BD465DF8047B704700BFA862002035
:10D9300080B400AF00BFBD465DF8047B70470000B7
:10D9400080B584B000AFF860B9607A603B60FB6876
:10D9500000225A60FB6800229A60FB680022DA60AD
:10D96000FB68002283F82D20FB6800221A62FB6806
:10D97000BA69DA61124B1B785A1CD1B2104A117085
:10D98000FA6882F83030FB683A6A1A613B687A6854
:10D99000B968F86800F018F8FB69F868984703461A
:10D9A000002B01D0002307E0064B1A68FB681A60C1
:10D9B000044AFB681360FB6818461037BD4680BDFB
:10D9C000DC620020D462002080B584B000AFF86033
:10D9D000B9607A603B60B968F86800F00DF8796862
:10D9E000F86800F075F83968F86800F05DF800BF75
:10D9F0001037BD4680BD000080B586B000AF7860AE
:10DA000039603B68002B3ED03B681A687B685B68D6
:10DA10009A4238D0224B1B687B6111E07B691A68FF
:10DA20007B685B689A4208D17B69DB68FB60786938
:10DA300000F000FFFB687B6102E07B69DB687B61D3
:10DA40007B69002BEAD1174B1B683B6118E03B69EF
:10DA5000002B12D03B691B68002B0ED03B691A6863
:10DA60007B685B689A4208D13B68002B02D03B6818
:10DA70001B6800E000233A6913603B69DB683B6187
:10DA80003B69002BE3D13B68002B02D03B681B684D
:10DA900000E000237A68536000BF1837BD4680BDA0
:10DAA000F0620020EC62002080B483B000AF7860A8
:10DAB00039603B68002B02D03B681B6800E0002304
:10DAC0007A68D36000BF0C37BD465DF8047B7047B1
:10DAD00080B483B000AF786039603B68002B02D01F
:10DAE0003B681B6800E000237A68936000BF0C3736
:10DAF000BD465DF8047B704780B483B000AF7860AA
:10DB0000044A7B68136000BF0C37BD465DF8047B98
:10DB1000704700BFD862002080B582B000AF786047
:10DB20007B6893F82D3003F00103002B1CD17B6838
:10DB300093F82D3043F00103DAB27B6883F82D208F
:10DB40007B6893F82D3003F01003002B0CD07B681A
:10DB500093F82D3003F02003002B05D07B680433AD
:10DB60001946786805F004FD00BF0837BD4680BD42
:10DB700080B582B000AF78607B6893F82D3003F0F9
:10DB80000103002B12D07B6893F82D3023F00103A2
:10DB9000DAB27B6883F82D207B6893F82D3003F090
:10DBA0002003002B02D0786805F062F900BF083727
:10DBB000BD4680BD80B588B000AF0346FB710B4603
:10DBC000BB801346BB71FB79032B17D801A252F817
:10DBD00023F000BFE5DB0008EBDB0008F1DB000809
:10DBE000F7DB00083623FB820AE02223FB8207E0F2
:10DBF0000E23FB8204E00023FB8201E00023CFE040
:10DC0000BB79032B0CD0032B00F3C180002B75D004
:10DC1000002BC0F2BC80013B012B00F2B8809CE0DD
:10DC20000920FFF743FEF861FB69002B01D10023B7
:10DC3000B6E0FB69BA791A73FB6900221A60FB8AA5
:10DC40001033FA691344033323F003031A46FB69C4
:10DC50005A60FB69BA881A81FB8A033323F00303F5
:10DC6000C3F50072BB889342A8BF13469AB2FB6902
:10DC70005A81FB690122DA81FB69BB61BB88FA69C1
:10DC800052899B1A3B6135E00920FFF70FFEF860CF
:10DC9000FB68002B04D1F86900F0B2F900237FE0A3
:10DCA000FB68BA791A73FB6800225A73FB6800227A
:10DCB0001A60BB69FA681A603B699AB2FB681A81FC
:10DCC0003B699BB2B3F5007F28BF4FF400739AB253
:10DCD000FB685A81FB6803F11002FB685A60FB681D
:10DCE0000122DA81FB685B891A463B699B1A3B611A
:10DCF000FB68BB613B69002BC6DC4AE0FB8A13333F
:10DD00009BB223F003039AB2BB8803339BB223F088
:10DD100003039BB213449BB21846FFF7BFFCF861A4
:10DD2000FB69002B01D100233AE0FB8A1033FA692A
:10DD30001344033323F003031A46FB695A60FB695B
:10DD4000BA881A81FB691A89FB695A81FB6900222A
:10DD50001A60FB69BA791A731BE00820FFF7A6FD69
:10DD6000F861FB69002B01D1002319E0FB69002257
:10DD70005A60FB69BA881A81FB691A89FB695A8162
:10DD8000FB6900221A60FB69BA791A7301E000236B
:10DD900006E0FB690122DA81FB6900225A73FB6904
:10DDA00018462037BD4680BD80B485B000AF3B60CB
:10DDB0000346FB710B46BB801346BB71FB79032BFB
:10DDC00016D801A252F823F0D9DD0008DFDD0008E3
:10DDD000E5DD0008EBDD00083623FB810AE02223A5
:10DDE000FB8107E00E23FB8104E00023FB8101E0BF
:10DDF00000232DE0FB89033323F00302BB881A4480
:10DE0000BB8B9A4201DD002322E03B6800221A60AE
:10DE1000BB69002B08D0FB89033323F00303BA69E5
:10DE20001A443B685A6002E03B6800225A603B6833
:10DE300002225A733B68BA881A813B681A893B6888
:10DE40005A813B68BA791A733B680122DA813B68D0
:10DE500018461437BD465DF8047B704780B586B020
:10DE600000AF78600B467B807B681B7B032B06D062
:10DE70007B681B7B012B02D07B681B7B002B7B68A4
:10DE80001B897A889A4248D27B887A6812899B1AC1
:10DE9000FB607B887B827B687B610FE07B695B89B1
:10DEA0007A8AD31A7B827B691A89FB689BB21344F6
:10DEB0009AB27B691A817B691B687B617B695B898C
:10DEC0007A8A9A42EAD87B691B7B002B11D17B6945
:10DED0005B897A8A9A420CD07B695A687B69D31A2B
:10DEE0009AB27B8A13449BB219467869FFF718FBF4
:10DEF00078617B697A8A5A817B695A897B691A8140
:10DF00007B691B68002B04D07B691B68184600F0F6
:10DF100077F87B6900221A6000E000BF1837BD4621
:10DF200080BD80B485B000AF78600B467B80B7F9C8
:10DF30000230002B02D07B68002B01D1002359E076
:10DF4000B7F90230002B09DA7B885B42FB817B68E2
:10DF50005B89FA899A4203D901234BE07B88FB81D4
:10DF60007B681B7BBB817B685B68BB60BB89002BCC
:10DF700002D0BB89032B12D17B685A68B7F90230F3
:10DF80005B421A447B685A607B685A687B6810332E
:10DF90009A4220D27B68BA685A6001232AE0BB8982
:10DFA000022B02D0BB89012B13D1B7F90230002B11
:10DFB0000DDA7B685B89FA899A4208D87B685A68CF
:10DFC000B7F902305B421A447B685A6003E00123D0
:10DFD00010E001230EE07B685A897B8813449AB2D3
:10DFE0007B685A817B681A897B8813449AB27B6864
:10DFF0001A81002318461437BD465DF8047B70472C
:10E0000080B586B000AF78607B68002B01D100231B
:10E010004EE07B681B7B002B06D07B681B7B012BB3
:10E0200002D07B681B7B022B0023FB753CE07B68E6
:10E03000DB89013B9AB27B68DA817B68DB89BB8232
:10E04000BB8A002B2ED17B681B683B617B681B7BE6
:10E05000FB817B685B7B03F00203002B06D07B68AF
:10E06000BB60BB681B697868984715E0FB89032B88
:10E0700004D179680920FFF73BFC0DE0FB89012BF7
:10E0800002D0FB89022B04D179680820FFF730FC0D
:10E0900002E07868FFF710FAFB7D0133FB753B69FE
:10E0A0007B6001E000237B607B68002BBFD1FB7DA0
:10E0B00018461837BD4680BD80B485B000AF786083
:10E0C0000023FB7305E0FB7B0133FB737B681B685C
:10E0D0007B607B68002BF6D1FB7B18461437BD466E
:10E0E0005DF8047B704780B483B000AF78607B68D4
:10E0F000002B05D07B68DB8901339AB27B68DA811B
:10E1000000BF0C37BD465DF8047B704780B485B016
:10E1100000AF786039607B68002B1FD03B68002B14
:10E120001CD07B68FB600AE0FB681A893B681B898E
:10E1300013449AB2FB681A81FB681B68FB60FB689A
:10E140001B68002BF0D1FB681A893B681B891344BC
:10E150009AB2FB681A81FB683A681A601437BD46A8
:10E160005DF8047B704780B582B000AF786039609D
:10E1700039687868FFF7CAFF3868FFF7B4FF00BF57
:10E180000837BD4680BD80B584B000AF7860396087
:10E190000023FB810023BB817B68002B08D03B68F8
:10E1A000002B05D07B681A893B681B899A4202D2F2
:10E1B0006FF00D036BE07B685B891A46FB89D21A0E
:10E1C0003B685B891946BB89CB1A9A4205DB3B68E1
:10E1D0005A89BB89D31A7B8104E07B685A89FB8901
:10E1E000D31A7B817B685A68FB89D0183B685A68D0
:10E1F000BB8913447A89194610F0E6F9FA897B89BC
:10E200001344FB81BA897B891344BB813B685B89DA
:10E21000BA899A4204D30023BB813B681B683B60E8
:10E220007B685B89FA899A420DD10023FB817B6868
:10E230001B687B607B68002B05D13B68002B02D0FC
:10E240006FF00D0323E03B68002B0CD03B685A892C
:10E250003B681B899A4206D13B681B68002B02D0A1
:10E260006FF0050313E07B68002B0CD07B685A89A4
:10E270007B681B899A4206D17B681B68002B02D001
:10E280006FF0050303E03B68002B94D10023184690
:10E290001037BD4680BD80B588B000AFF860B9606A
:10E2A00011461A460B46FB801346BB800023FB82B7
:10E2B000FB68002B01D100234DE0BB68002B01D18E
:10E2C000002348E000237B83FB68002B02D0BB685F
:10E2D000002B01D100233EE0FB68FB6134E0BB88EA
:10E2E000002B0AD0FB695B89BA889A4205D3FB6987
:10E2F0005B89BA88D31ABB8023E0FB695A89BB8843
:10E30000D31A3B833A8BFB889A4201D9FB883B8323
:10E310007B8BBA68D018FB695A68BB8813443A8B68
:10E32000194610F051F9FA8A3B8B1344FB827A8B21
:10E330003B8B13447B83FA883B8BD31AFB800023EF
:10E34000BB80FB691B68FB61FB88002B02D0FB696B
:10E35000002BC4D1FB8A18462037BD4680BD80B54E
:10E3600088B000AFF860B9601346FB80FB883B8340
:10E370000023FB82FB68002B01D1002337E0BB6840
:10E38000002B01D1002332E0FB68002B07D0BB68D3
:10E39000002B04D0FB681B89FA889A4202D96FF0DF
:10E3A0000D0324E0FB68FB611DE03B8B7B83FB6975
:10E3B0005B897A8B9A4202D9FB695B897B83FB6913
:10E3C0005868FB8ABA6813447A8B194610F0FCF837
:10E3D0003A8B7B8BD31A3B83FA8A7B8B1344FB8269
:10E3E000FB691B68FB613B8B002BDED100231846C9
:10E3F0002037BD4680BD000090B589B000AF786081
:10E4000039600023FB757B685B683B613B695B7A25
:10E41000FB810023BB61244B1B68FB6139E0FB6976
:10E420001B7C1A46B7F90E309A422DD1FB69002B9E
:10E4300009D0FB691B68002B05D0FB691A681B4BD0
:10E440001B689A4220D1FB695B69002B1CD0FB69D9
:10E450005C69FB699869164B7A68F969A0470346BD
:10E46000002B11D000237B600123FB75BB69002BBF
:10E470000AD0FB69DA68BB69DA600B4B1A68FB6982
:10E48000DA60094AFB691360FB69BB61FB69DB6801
:10E49000FB61FB7D002B02D1FB69002BBFD1FB7D13
:10E4A00018462437BD4690BDE062002088620020F7
:10E4B0008462002080B400AF00BFBD465DF8047BDD
:10E4C0007047000080B500AF00F092FD074B1B784D
:10E4D0000133DAB2054B1A70044B1B7803F00103C9
:10E4E000002B01D000F06EFB00BF80BDFD6200205C
:10E4F000B0B586B002AF78600B46FB70FB78002B9E
:10E5000067D07B681B7E042B03D07B681B7E072BA8
:10E510005FD17B685B6F002B05D17B689B8D40F6DC
:10E520006832934255D07B68186D7B68996A7C6825
:10E530007B681D1D7B685B8B7A68928B01920093D0
:10E540002B46224603F0F6FB786800F0B3FF774BCA
:10E550001B687A689A4205D1744B1B68DB68734A62
:10E56000136019E0714B1B68714A136010E0704B27
:10E570001B68DB687A689A4205D16D4B1B687A6824
:10E58000D268DA6008E06A4B1B68DB68684A13608F
:10E59000674B1B68002BEAD17B680022DA60654B71
:10E5A00001221A707B681B7E042B0CD17B680A2227
:10E5B0001A76614B1A687B68DA605F4A7B68136081
:10E5C00003F0A8FD03E079680220FFF791F900232A
:10E5D000A7E07B681B7E072B00F28D8001A252F81A
:10E5E00023F000BF05E600086FE6000889E6000892
:10E5F000A9E60008C3E60008F7E60008F7E6000809
:10E60000DDE600080023FB737B685B8B002B27D0C3
:10E610004A4B1B687A689A4205D1484B1B68DB68F5
:10E62000464A136019E0454B1B68414A136010E0ED
:10E630003F4B1B68DB687A689A4205D13C4B1B68EC
:10E640007A68D268DA6008E0394B1B68DB68384AC0
:10E650001360374B1B68002BEAD17B680022DA601D
:10E6600079680220FFF744F900237B604DE0002326
:10E67000FB737968324800F057FF79680320FFF791
:10E6800037F900237B6040E00023FB73796827485B
:10E6900000F04AFF274B01221A7079680220FFF729
:10E6A00027F900237B6030E0786802F0B1FC034674
:10E6B000FB7397F90F30002B22D17B6805221A7665
:10E6C0001EE0786802F0A4FC0346FB7397F90F3054
:10E6D000002B17D17B6805221A7613E0786802F0C8
:10E6E00097FC0346FB7397F90F30002B0CD17B6826
:10E6F00009221A7608E00023FB7300237B6004E004
:10E7000000BF02E000BF00E000BF7B68002B06D026
:10E7100097F90F30002B02D1786803F00FF997F9C1
:10E720000F3018461037BD46B0BD00BFF062002064
:10E73000F8620020FC620020F4620020E862002001
:10E74000EC62002080B582B000AF78607B681B7EF1
:10E75000012B06D07B689B7F43F01003DAB27B6805
:10E760009A7701217868FFF7C3FE034618460837F9
:10E77000BD4680BD80B588B002AF786039607B68E7
:10E780001B7E0A2B08D17968274800F0CDFE7968F6
:10E790000220FFF7ADF843E07B681B6D7B617B686F
:10E7A0009B6A3B617B68D3F88830FB607B681B69A0
:10E7B000BB6079681D4800F0B7FE1D4B01221A703E
:10E7C0007B681B6F002B04D07B681B6F184600F022
:10E7D000C4FC7B68DB6E002B04D07B68DB6E1846C4
:10E7E00000F0BBFC3B68002B0ED079687B68181DDD
:10E7F0007B685B8B7A68928B0192009303460A4692
:10E800003969786903F096FA79680220FFF770F8A1
:10E81000FB68002B04D0FB686FF00901B8689847CB
:10E8200000BF1837BD4680BDF4620020F0620020B2
:10E83000FC62002080B582B000AF7860012178686A
:10E84000FFF798FF00BF0837BD4680BD80B588B090
:10E8500000AFF860B9601346FB8004237B61FB685E
:10E860001B7E002B02D06FF0050357E0FB88002BC6
:10E8700009D100F063F90346FB80FB88002B02D12D
:10E880006FF001034AE00023FB612BE0254AFB699E
:10E8900052F823301B68BB611EE0BB695B8BFA88B2
:10E8A0009A4216D1BB69002B10D0BB691B68002BA4
:10E8B0000CD0BB68002B09D0BB681B68002B05D0AF
:10E8C000BB691A68BB681B689A4202D16FF00703E4
:10E8D00024E0BB69DB68BB61BB69002BDDD1FB6950
:10E8E0000133FB61FA697B699A42CFDBBB68002B7D
:10E8F00007D0BB681B68002B03D0FB68BA6812689E
:10E900001A60FB68FA885A83074B1A68FB68DA605A
:10E91000054AFB68136003F0FDFB0023184620370F
:10E92000BD4680BD54150208E862002080B485B061
:10E9300000AFF860B9601346FB716FF00903184629
:10E940001437BD465DF8047B7047000080B584B085
:10E9500000AF78600B46FB707B681B7E002B01D0FC
:10E96000002371E07B681B7E012B01D17B686BE08B
:10E970000320FEF79BFFF860FB68002B01D100230A
:10E9800062E07B681A69FB681A617B685A8BFB68D6
:10E990005A83FB6801221A767B685A7EFB685A7696
:10E9A0007B681A7AFB681A72FB681B7A43F00203D1
:10E9B000DAB2FB681A727B689A7AFB689A727B6893
:10E9C0005A7AFB685A727B681A68FB681A607B681F
:10E9D0005B8B002B27D01E4B1B687A689A4205D1AF
:10E9E0001B4B1B68DB681A4A136019E0184B1B6845
:10E9F000184A136010E0174B1B68DB687A689A426C
:10EA000005D1144B1B687A68D268DA6008E0114BB4
:10EA10001B68DB680F4A13600E4B1B68002BEAD1A2
:10EA20007B680022DA6079680220FEF761FFFB68EC
:10EA3000094A5A61094B1A68FB68DA60074AFB68A1
:10EA4000136003F067FBFB6818461037BD4680BDB6
:10EA5000E8620020F86200202DE90008EC62002046
:10EA600080B485B000AF78607B689B6A7A68928DCD
:10EA70001344FB607B681B6B7A68D28E40F2B45102
:10EA80008A4228BF0A4692B21344FA68D31A002B6E
:10EA900008DB7B689A8D7B68DA857B681B6BFA687C
:10EAA000D31A15E07B689A6A7B681B6BD31A002B1C
:10EAB00003DD7B680022DA8509E07B681A6B7B68DE
:10EAC0009B6AD31ABB60BB689AB27B68DA85002365
:10EAD00018461437BD465DF8047B704780B584B096
:10EAE00000AF78600B467B807B689A8D7B881344EF
:10EAF0009AB27B689A857B689B8D40F66832934218
:10EB000003D97B6840F668329A857868FFF7A8FFDA
:10EB10000346FB60FB6840F2D922934209DD7B6823
:10EB20009B7F43F00203DAB27B689A77786802F041
:10EB300005FF00BF1037BD4680BD000080B483B024
:10EB400000AF0023BB801D4B1B885A1C91B21B4A8F
:10EB500011804FF6FF72934203D1184B4FF440429D
:10EB60001A800023FB711EE0FB79154A52F823300E
:10EB70001B683B6011E03B685A8B104B1B889A4224
:10EB800008D1BB880133BB80BB88B3F5804FDAD393
:10EB900000230DE03B68DB683B603B68002BEAD15B
:10EBA000FB790133FB71FB79032BDDD9034B1B8808
:10EBB00018460C37BD465DF8047B70470C000020FA
:10EBC00054150208B0B58AB002AF00237B75804BA4
:10EBD0001B6801337E4A13607E4B1B780133DAB227
:10EBE0007C4B1A700023BB617B4B1B68FB61B4E15B
:10EBF000FB6993F82120774B1B789A4203D1FB697C
:10EC0000DB68FB61A9E1734B1A78FB6983F821206B
:10EC10000023FB750023BB75FB691B7E022B08D10B
:10EC2000FB6993F84630062B03D1FB7D0133FB755E
:10EC300093E0FB6993F846300C2B03D1FB7D013345
:10EC4000FB758AE0FB6993F89130002B27D0FB69B4
:10EC500093F890300133DAB2FB6983F89020FB69B6
:10EC600093F89020FB6993F89130013B5B49CB5CB2
:10EC70009A4272D3FB69002283F89020FB6993F8D3
:10EC80009130062B07D8FB6993F891300133DAB243
:10EC9000FB6983F89120F86903F0A2F95DE0FB6954
:10ECA000B3F93430002B08DBFB69B3F934309BB285
:10ECB00001339BB21AB2FB699A86FB691B6F002B6A
:10ECC0004BD0FB69B3F93420FB69B3F944309A4265
:10ECD00043DBFB691B7E022B14D0FB69B3F9403088
:10ECE000DB101BB21A46FB69B3F942301344FA69D0
:10ECF00092F8462011463A4A525C93401AB2FB6998
:10ED0000A3F84420FB6900229A86FB69B3F86020CF
:10ED1000FB69B3F84C30934228BF1346FB81FB8953
:10ED20005B089AB2FB69A3F84E20FB69B3F84E303A
:10ED30001A46FB69DB8E5B009A4206DAFB69DB8EC2
:10ED40005B009AB2FB69A3F84E20FB69DA8EFB697F
:10ED5000A3F84C20F86903F049F8FB691B7E062BE9
:10ED60000FD1FB699B7F03F01003002B09D0184BD8
:10ED70001A68FB695B6AD31A282B02D9FB7D013321
:10ED8000FB75FB691B7A03F00803002B4DD0FB6970
:10ED90001B7E042B03D0FB691B7E072B45D10C4B3C
:10EDA0001A68FB695B6AD21AFB69D3F88C3003F5E9
:10EDB000242303F6B8430B49A1FB03135B099A42D2
:10EDC00012D9FB7D0133FB75BB7D0133BB752CE094
:10EDD000E4620020FE620020F06200204C15020870
:10EDE0003C150208D34D62107B4B1A68FB695B6AC5
:10EDF000D21AFB69D3F88C10FB6993F8923018464D
:10EE0000764B00FB03F30B447549A1FB03135B092D
:10EE10009A420AD9F86903F0B8F8FB6993F892307E
:10EE20000133DAB2FB6983F89220FB691B7E032B66
:10EE300009D1694B1A68FB695B6AD31A282B02D97E
:10EE4000FB7D0133FB75FB691B7E092B09D1624BEE
:10EE50001A68FB695B6AD31AF02B02D9FB7D013378
:10EE6000FB75FB7D002B42D0F86900F023FBBB69EA
:10EE7000002B04D0FB69DA68BB69DA6003E0FB6948
:10EE8000DB68584A1360BB7D002B10D0FB69186DFE
:10EE9000FB69996AFC69FB691D1DFB695B8BFA695B
:10EEA000928B019200932B46224602F043FFFB69AE
:10EEB000D3F88830BB60FB691B697B60FB693B60F2
:10EEC000FB69DB68FB6139680220FEF711FD464BE8
:10EED00000221A70BB68002B04D0BB686FF00901D8
:10EEE00078689847404B1B78002B36D07AE6FB6950
:10EEF000BB61FB69DB68FB61BB69DB7F0133DAB2B5
:10EF0000BB69DA77BB69DA7FBB6993F820309A4234
:10EF100023D3BB690022DA77334B00221A70BB6916
:10EF2000D3F88430002B0AD0BB69D3F88430BA6997
:10EF30001269B9691046984703467B7501E00023C2
:10EF40007B75294B1B78002B00D04BE697F91530C9
:10EF5000002B02D1B86902F0F1FCFB69002B7FF4B1
:10EF600047AE0023BB61214B1B68FB612CE00023F3
:10EF7000FB75194B1A68FB695B6AD31AF02B02D92F
:10EF8000FB7D0133FB75FB7D002B18D0F86900F089
:10EF900091FABB69002B04D0FB69DA68BB69DA60BF
:10EFA00003E0FB69DB68114A1360FB693B61FB69A5
:10EFB000DB68FB6139690220FEF79AFC04E0FB691B
:10EFC000BB61FB69DB68FB61FB69002BCFD100BF34
:10EFD00000BF2037BD46B0BDE4620020F824010028
:10EFE000D34D6210F0620020FC620020F462002029
:10EFF00080B582B000AF244B1B780133DAB2224BCC
:10F000001A70224B1B687B6036E07B6893F82120E6
:10F010001D4B1B789A422FD01B4B1A787B6883F8C4
:10F0200021207B689B7F03F00103002B10D07B68BD
:10F030009B7F43F00203DAB27B689A77786802F02C
:10F040007DFC7B689B7F23F00303DAB27B689A77B1
:10F050007B68DB683B607B685B6F002B0AD00C4BE6
:10F0600000221A70786800F015F8094B1B78002B05
:10F0700000D0C6E73B687B607B68002BC5D100BF32
:10F0800000BF0837BD4680BDFE620020F062002050
:10F09000FC62002090B585B000AF78607B685B6F44
:10F0A0005B7BBB737B685B6FBB607B6800225A67CE
:10F0B0007B68DB6F002B0AD07B68DC6F7B6818698C
:10F0C0000023BA687968A0470346FB7307E0002372
:10F0D000BA687968002000F06DF80346FB7397F971
:10F0E0000F30002B29D1BB7B03F02003002B2FD046
:10F0F0007B689B8D40F66832934205D07B689B8D80
:10F1000001339AB27B689A857B68DB6F002B0AD04B
:10F110007B68DC6F7B681869002300227968A04750
:10F120000346FB7301E00023FB7397F90F3013F1E3
:10F130000A0F0DD16FF009030BE097F90F3013F1AF
:10F140000A0F02D16FF0090303E07B68BA685A67BF
:10F15000002318461437BD4690BD80B584B000AF7B
:10F16000786007E07B681B68FB60786800F00AF84D
:10F17000FB687B607B68002BF4D100BF00BF1037B9
:10F18000BD4680BD80B582B000AF78607B68002B43
:10F190000CD07B685B68002B04D07B685B681846EA
:10F1A000FEF72EFF79680420FEF7A2FB00BF0837A8
:10F1B000BD4680BD80B584B000AFF860B9607A60AC
:10F1C000FB707B68002B09D07B681B891946B868E7
:10F1D000FFF784FC7868FEF713FF08E097F9033027
:10F1E000002B04D1B868FFF7ADFA034600E0002316
:10F1F00018461037BD4680BD80B586B000AF0346C7
:10F20000FB717F23FB720023FB6000233B61184BE3
:10F210001B687B611FE07B695B7EFA799A4217D39A
:10F220007B695B7EFA7A9A4212D3124B1A687B6929
:10F230005B6AD31AFA689A420AD80E4B1A687B693D
:10F240005B6AD31AFB607B693B617B695B7EFB7207
:10F250007B69DB687B617B69002BDCD13B69002B20
:10F2600002D03869FFF7E6FA00BF1837BD4680BD07
:10F27000F0620020E462002080B584B000AF00237B
:10F280007B600023BB60124B1B68FB6012E0114BDC
:10F290001A68FB685B6AD31A7A689A4207D80D4BE2
:10F2A0001A68FB685B6AD31A7B60FB68BB60FB680B
:10F2B000DB68FB60FB68002BE9D1BB68002B02D048
:10F2C000B868FFF7B7FA00BF1037BD4680BD00BF72
:10F2D000F4620020E462002080B584B000AF0346F1
:10F2E000FB710220FEF7E2FAF860FB68002B10D1F8
:10F2F000FFF7C2FF0220FEF7D9FAF860FB68002B87
:10F3000007D1FB791846FFF777FF0220FEF7CEFA08
:10F31000F860FB68002B5CD094220021F8680FF0A5
:10F3200026F8FB68FA795A76FB6841F2D062A3F8B6
:10F330006620FB680022A3F86820FB6840F668326C
:10F340009A85FB6840F66832DA85FB6800225A72BB
:10F35000FB68FF229A72FB684FF40672DA86FB683C
:10F360000622A3F84420FB680022A3F84020FB6893
:10F370000622A3F84220FB684FF6FF729A86FB68CC
:10F380000122A3F84C2000F023F9B860FB68BA68AA
:10F390009A65FB68BA681A65FB68BA689A64FB6884
:10F3A000BA68DA650D4B1A68FB685A620C4B1A781A
:10F3B000FB6883F82120FB680022DA77FB68094AA2
:10F3C000DA67FB68084AC3F88C20FB68002283F8E0
:10F3D0009220FB6818461037BD4680BDE4620020CD
:10F3E000FE620020B5F1000800DD6D0080B500AFC1
:10F3F0004020FFF771FF0346184680BD80B483B0FC
:10F4000000AF786039607B683A681A6100BF0C37DA
:10F41000BD465DF8047B704780B483B000AF786070
:10F4200039607B683A68DA6700BF0C37BD465DF823
:10F43000047B704780B483B000AF786039607B682C
:10F440003A689A6700BF0C37BD465DF8047B704789
:10F4500080B483B000AF786039607B683A68C3F8E5
:10F46000882000BF0C37BD465DF8047B704780B430
:10F4700083B000AF786039607B683A685A6100BF3A
:10F480000C37BD465DF8047B704780B485B000AF93
:10F49000F860B9601346FB71FB68BA68C3F8842052
:10F4A000FB68FA7983F8202000BF1437BD465DF869
:10F4B000047B704780B582B000AF78607B681B7EAC
:10F4C000002B2CD07B681B7E0A2B28D07B681B7EF0
:10F4D000012B24D07B685B6F002B07D07B685B6FB0
:10F4E0001846FEF78DFD7B6800225A677B684FF651
:10F4F000FF729A867B68DB6E1846FFF72EFE7B68EC
:10F500001B6F1846FFF729FE7B680022DA667B68CE
:10F51000DA6E7B681A677B680022A3F86A2000BF56
:10F520000837BD4680BD000080B582B000AF78606E
:10F5300039607B681B683A689A4205D17B681B6812
:10F54000DA687B681A6019E07B681B681F4A1360E1
:10F5500010E01E4B1B68DB683A689A4205D11B4BD2
:10F560001B683A68D268DA6008E0184B1B68DB68F1
:10F57000164A1360154B1B68002BEAD13B6800222A
:10F58000DA603868FFF796FF3B681B7E0A2B13D0C2
:10F590003B681B7E012B0FD03B689B7F03F0010370
:10F5A000002B09D03B689B7F43F00203DAB23B6833
:10F5B0009A77386802F0C2F93B681B7E012B3B68E2
:10F5C00000221A7600BF0837BD4680BDF8620020D1
:10F5D00080B400AF064B1A68064B1B681344044AFC
:10F5E0001360034B1B681846BD465DF8047B7047EB
:10F5F00010000020E462002080B584B000AF034614
:10F600003960FB803868FCF7B7FEF860FB68002BB8
:10F610000DD0FB689B8C002B09D0FB689B8C283B92
:10F620007B817A89FB88934228BF1346FB80FB8845
:10F6300018461037BD4680BD90B589B002AF7860DE
:10F6400039607B685B688D4A13607B685B688B4AB6
:10F650001268127802F00F0292001344884A136075
:10F66000864B1B681B7803F00F039BB29B009BB279
:10F670005B429BB21BB219467868FEF752FC034608
:10F68000002B40F0BA827B681B89132B40F2B582B5
:10F690007C4B1B6839681846FDF77DF80346002B44
:10F6A00040F0AD82774B1B6803F0F003E02B00F0D5
:10F6B000A682734B1B689B899BB21846FAF734FDF0
:10F6C00003461B0B9BB2BB72BB7A9BB21A469203DA
:10F6D000D31A9B009BB21BB219467868FEF721FC37
:10F6E0000346002B40F08D82654B1B681B889BB244
:10F6F000634A14681846FAF717FD03462380604BE7
:10F700001B685B889BB25E4A14681846FAF70CFDCA
:10F71000034663805A4B1B685B68594A1468184655
:10F72000FAF729FD034663606368574A1360544B38
:10F730001B689B68524A14681846FAF71CFD03467A
:10F74000A360A368514A13604D4B1B68DB899BB2D1
:10F750004B4A14681846FAF7E7FC0346E381484B26
:10F760001B689B899BB21846FAF7DEFC0346DBB2A6
:10F7700003F03F03DAB2464B1A707B681B89444A98
:10F78000127802F00302002A14BF01220022D2B232
:10F7900013449AB23F4B1A8000233B613E4B1B68D7
:10F7A0007B612FE07B699A8B354B1B681B889BB272
:10F7B0009A4222D17B695A8B314B1B685B889BB282
:10F7C0009A421AD17B695A68344B1B689A4214D109
:10F7D0007B691A682B4B1B689A420ED13B69002B40
:10F7E00014D07B69DA683B69DA602B4B1A687B6955
:10F7F000DA60294A7B69136008E07B693B617B69B9
:10F80000DB687B617B69002BCCD100E000BF7B69AA
:10F81000002B7ED1224B1B687B6125E07B699A8B94
:10F82000174B1B681B889BB29A421AD17B695A8B73
:10F83000134B1B685B889BB29A4212D17B695A6852
:10F84000164B1B689A420CD17B691A680D4B1B68DA
:10F850009A4206D1786900F0B9FA7868FEF7D0FBD1
:10F86000D5E17B69DB687B617B69002BD6D1002306
:10F870003B610C4B1B68FB6030E000BF1463002051
:10F880001063002088620020186300201C630020A1
:10F890002063002022630020F062002084620020A8
:10F8A000F4620020EC620020FB685A8B934B1B68CB
:10F8B0005B889BB29A420CD1FB681A68904B1B681C
:10F8C0009A420ED0FB68002B0BD0FB681B68002B04
:10F8D00007D0FB683B61FB68DB68FB60FB68002BC3
:10F8E000E2D1FB68002B14D03B69002B0AD0FB68E7
:10F8F000DA683B69DA60834B1A68FB68DA60814A30
:10F90000FB681360F86800F097F97868FEF778FBF9
:10F910007DE17B69002B00F04A817B4B00221A605D
:10F920007B681A89784B1A81774A7B685360734BDE
:10F930001B68754AD360754B00221A60744B002215
:10F940001A70744B1B7803F00803002B06D07B68F9
:10F950005B7B43F00103DAB27B685A737B695B6FB0
:10F96000002B10D07869FFF795FB034613F10A0FBF
:10F9700000F001817B695B6F002B04D0664B1B8814
:10F98000002B40F0F880654A7B691360786900F0CD
:10F9900087FA0346FB7297F90B3013F10A0F00F058
:10F9A000EC805B4B1B7803F00803002B16D07B69BF
:10F9B000D3F88830002B08D07B69D3F888307A6977
:10F9C00012696FF00A011046984779695448FFF7A9
:10F9D000ABFD79690220FDF78BFFD5E04C4B1B781E
:10F9E00003F01003002B1CD07B699B7F03F01003F6
:10F9F000002B0DD17B69D3F88830002B08D07B69B0
:10FA0000D3F888307A6912696FF00B011046984775
:10FA100079694348FFF788FD79690220FDF768FF9F
:10FA2000B2E00023FB727B69B3F86430002B17D07F
:10FA30007B699B6F002B0BD07B699B6F7A69106988
:10FA40007A69B2F86420796998470346FB7201E04D
:10FA50000023FB7297F90B3013F10A0F00F08F802F
:10FA60002A4B1B68002B34D07B699B7F03F010036B
:10FA7000002B08D0254B1B681846FEF7C1FA7869A1
:10FA8000FEF7D8FE80E07B69DB6F002B0BD07B6933
:10FA9000DC6F7B6918691D4B1A6800237969A047E0
:10FAA0000346FB7208E0194B1A68002379690020AD
:10FAB000FFF780FB0346FB7297F90B3013F10A0F37
:10FAC0005FD097F90B30002B03D0104B1A687B697D
:10FAD0005A670F4B1B7803F02003002B44D07B693F
:10FAE0005B6F002B1ED07B695B6F5A7B7B695B6F02
:10FAF00042F02002D2B25A7336E000BF10630020F9
:10FB000088620020EC62002000630020286300204F
:10FB10002463002020630020226300202C63002047
:10FB2000F06200207B699B8D40F66832934205D0DD
:10FB30007B699B8D01339AB27B699A857B69DB6F08
:10FB4000002B0AD07B69DC6F7B69186900230022D7
:10FB50007969A0470346FB7201E00023FB7297F925
:10FB60000B3013F10A0F0ED02A4B00221A6078696D
:10FB700001F0E4FE08E000BF06E000BF04E000BFC3
:10FB800002E000BF00E000BF224B00221A60224BBF
:10FB900000221A60214B5B68002B37D01F4B5B683B
:10FBA0001846FEF72DFA1D4B00225A602EE01C4B22
:10FBB0001B689B899BB21846FAF7B6FA034603F016
:10FBC0000403002B15D1174B1868174B1B881A46D6
:10FBD000164B1B68D118124B1B685B889BB2104AEE
:10FBE0001268128892B201920093114B114A02F0EE
:10FBF000A1F87868FEF704FA08E000BF02E000BF51
:10FC000000E000BF7868FEF7FBF900E000BF1C379A
:10FC1000BD4690BD2C6300202863002000630020B7
:10FC2000106300201C630020226300201863002062
:10FC3000846200208862002080B586B002AF7860C0
:10FC4000594B1B7803F00403002B01D00023A7E0DD
:10FC5000554B1B7803F01003002B16D0534B18683C
:10FC6000534B1B881A46534B1B68D118524B1B68C9
:10FC70005B889BB2504A1268128892B2019200933C
:10FC80004E4B4F4A02F056F889E0474B1B7803F081
:10FC90000203002B00F083807B685B7E1846FFF731
:10FCA0001BFBF860FB68002B02D14FF0FF3377E0BD
:10FCB000434B1A68FB681A607B685A8BFB685A834F
:10FCC0003E4B1A68FB685A603B4B1B681B889AB214
:10FCD000FB689A83FB6803221A76364B1B685A1C12
:10FCE000FB689A62FB689A6AFB681A63324B1B686E
:10FCF000DB899AB2FB68A3F860202F4B1B68DB8975
:10FD00009AB2FB68A3F86220FB68B3F86020FB6836
:10FD1000A3F84E20274B1B685A1EFB685A657B6868
:10FD20001A69FB681A617B685A69FB685A617B68CB
:10FD30001B7A23F07303DAB2FB681A72214B1A683C
:10FD4000FB68DA601F4AFB68136002F0E3F91E4BA0
:10FD500001221A70F86801F06DF8FB68DA8EFB6812
:10FD6000043319461046FFF747FC03461A46FB6862
:10FD7000DA861221F86801F0E1FC0346FB7297F97C
:10FD80000B30002B06D00021F868FEF7F3FC97F942
:10FD90000B3005E0F86801F0D1FD034600E00023D8
:10FDA00018461037BD4680BD206300201C6300202C
:10FDB000226300201863002010630020846200206A
:10FDC00088620020F0620020FC62002080B584B0D0
:10FDD00002AF78602A4B1B7803F00403002B01D09C
:10FDE000002349E0264B1B7803F00203002B28D0A8
:10FDF000244B1A687B689B6AD31A002B2BDB214BA0
:10FE00001A687B689B6A7968898D0B44D31A002B2A
:10FE100021DC1D4B18681D4B1B881A46194B1B68AB
:10FE2000D1181B4B1B685B889BB2194A1268128859
:10FE300092B201920093174B174A01F07BFF002307
:10FE40001AE00F4B1B7803F00103002B03D0134B78
:10FE50001A687B685A620D4B1B88002B0BD07B689D
:10FE60009B7F43F00203DAB27B689A77786801F0EF
:10FE700065FD034600E0002318460837BD4680BDF7
:10FE800020630020186300201C63002022630020F0
:10FE9000106300208462002088620020E462002059
:10FEA00080B586B002AF78600023FB730023BB737C
:10FEB000964B1B7803F00403002B35D07B681B7E28
:10FEC000022B08D17B681A6D914B1B689A4215D1A1
:10FED0000123FB7312E08F4B1A687B689B6AD31A6D
:10FEE000002B0BDB8B4B1A687B689B6A7968898DCA
:10FEF0000B44D31A002B01DC0123FB73FB7B002B8B
:10FF000010D0854B1B7843F00803DAB2824B1A708D
:10FF10007B689B7F23F00103DAB27B689A776FF0EE
:10FF20000A0310E300230EE3784B1B7803F002036F
:10FF3000002B10D07B681B7E022B0CD07B681B7EB5
:10FF4000032B08D07B689B7F43F00203DAB27B6807
:10FF50009A770023F7E27B689B7F03F01003002B66
:10FF600003D16E4B1A687B685A627B68002283F863
:10FF70009220786800F05EFF7B681B7E023B072BB7
:10FF800000F2D18201A252F823F000BFADFF0008B9
:10FF9000610101088B020108B5020108CD030108C7
:10FFA0008B02010865040108F9040108574B1B780E
:10FFB00003F01003002B00F0B580544B1B7803F0C6
:10FFC0000203002B00F0AE807B681B6FDB685B6870
:10FFD0001846FAF7D0F803465A1C4D4B1B689A4254
:10FFE00040F0A0807B68B3F8663001339AB27B683A
:10FFF000A3F86620474B1B685A1C7B689A627B6893
:020000040801F1
:100000009A6A7B681A63424B1A687B689A64444B0D
:100010001B68DB899AB27B68A3F86020404B1B68A1
:10002000DB899AB27B68A3F862203A4B1B685A1EA0
:100030007B685A657B6804221A767B68DA8E7B6857
:10004000043319461046FFF7D7FA03461A467B6871
:10005000DA867B68DB8E1A46920013445B009AB204
:100060007B68A3F84E207B68B3F84C30012B04D199
:100070007B68DB8E5B009BB201E07B68DB8E7A687D
:10008000A2F84C307B68B3F86830013B9AB27B68C9
:10009000A3F868207B681B6FBB60BB681A687B682D
:1000A0001A67B868FFF76EF87B681B6F002B04D1E6
:1000B0007B684FF6FF729A8606E07B6800229A867C
:1000C0007B68002283F846207B68D3F88030002BC1
:1000D0000AD07B68D3F880307A681069002279688A
:1000E00098470346BB7301E00023BB7397F90E30BA
:1000F00013F10A0F02D16FF0090324E27B689B7FA2
:1001000043F00203DAB27B689A770EE220630020A4
:100110001C6300201863002024630020E462002098
:1001200010630020944B1B7803F01003002B00F0A9
:10013000FC81924B1868924B1B881A46914B1B68A6
:10014000D118914B1B685B889BB28F4A126812884A
:1001500092B2019200938D4B8D4A01F0EBFDE4E1E8
:10016000854B1B7803F01003002B79D0834B1A6862
:100170007B689B6CD31A013B002B5ADB7F4B1A68C0
:100180007B681B6DD31A002B53DC7B6804221A7624
:100190007B685B69002B09D07B685B697A681069B2
:1001A0000022796898470346BB7301E0F223BB73D2
:1001B00097F90E30002B0AD097F90E3013F10A0F81
:1001C00002D07868FEF736FB6FF00903BBE17B686D
:1001D000B3F84C30BB81786800F0C8F97B68B3F89D
:1001E0006430002B07D07B68B3F86430013B9AB2CF
:1001F0007B68A3F86420BB89012B04D17B68DB8E6C
:100200005B009BB201E07B68DB8E7A68A2F84C3021
:10021000604B1B7803F02003002B34D07B689B7F5E
:1002200043F00203DAB27B689A777B6807221A767A
:1002300029E0524B1868524B1B881A46514B1B68D9
:10024000D118514B1B685B889BB24F4A12681288C9
:1002500092B2019200934D4B4D4A01F06BFD66E165
:10026000454B1B7803F00203002B00F060817B6894
:100270009B6A5A1E434B1B689A4240F0588178682B
:1002800001F0E5FD53E100BF51E1786800F06EF93F
:10029000404B1B7803F02003002B00F04A817B6861
:1002A0009B7F43F00203DAB27B689A777B68072270
:1002B0001A763EE1786800F059F9364B1B7803F066
:1002C0002003002B70D02C4B1B7803F01003002B65
:1002D00047D07B681A6D294B1B689A4241D17B68D5
:1002E0009B7F43F00203DAB27B689A777868FFF766
:1002F000E1F8294B1B687A689A4205D1264B1B68A6
:10030000DB68254A136019E0234B1B68234A1360FE
:1003100010E0224B1B68DB687A689A4205D11F4BBC
:100320001B687A68D268DA6008E01C4B1B68DB68DF
:100330001A4A1360194B1B68002BEAD17B68002214
:10034000DA60174B01221A707B680A221A76154B65
:100350001A687B68DA60134A7B68136001F0DAFE82
:10036000E9E07B689B7F43F00203DAB27B689A770F
:100370007B6808221A76DEE0206300201C630020E0
:100380002263002018630020106300208462002094
:100390008862002024630020F0620020F8620020C0
:1003A000FC620020F4620020694B1B7803F010030C
:1003B000002B00F0C0807B681A6D664B1B689A4268
:1003C00040F0B9807B6806221A76B4E0786800F0C5
:1003D000CDF8614B1B7803F02003002B00F0AD80BB
:1003E0007B689B7F43F00203DAB27B689A77786878
:1003F000FFF760F8594B1B687A689A4205D1574B52
:100400001B68DB68554A136019E0544B1B68544A5B
:10041000136010E0524B1B68DB687A689A4205D182
:100420004F4B1B687A68D268DA6008E04C4B1B6857
:10043000DB684B4A13604A4B1B68002BEAD17B6890
:100440000022DA60474B01221A707B680A221A7672
:10045000454B1A687B68DA60434A7B68136001F099
:1004600059FE6AE0786800F081F8394B1B7803F098
:100470001003002B63D07B681A6D364B1B689A42C1
:100480005DD17868FFF716F8344B1B687A689A429A
:1004900005D1324B1B68DB68304A136019E02F4BE3
:1004A0001B682F4A136010E02D4B1B68DB687A68CD
:1004B0009A4205D12A4B1B687A68D268DA6008E054
:1004C000274B1B68DB68264A1360254B1B68002BF3
:1004D000EAD17B680022DA60224B01221A707B6825
:1004E0000A221A76204B1A687B68DA601E4A7B68FB
:1004F000136001F00FFE22E0786800F037F8144B2B
:100500001B7803F01003002B1BD07B681A6D114B76
:100510001B689A4215D1104B1B7843F01003DAB2D6
:100520000D4B1A700DE000BF0CE000BF0AE000BFE9
:1005300008E000BF06E000BF04E000BF02E000BF2B
:1005400000E000BF002318461037BD4680BD00BF45
:10055000206300201C63002024630020F062002040
:10056000F8620020FC620020F4620020F0B58BB03D
:1005700000AF78600023BB61654B1B7803F010036C
:10058000002B00F0B2827B68B3F860301A467B68BB
:100590009B6D13447B617B685A6D5E4B1B68D31A5D
:1005A000002B1BDB7B685A6D5A4B1B689A4206D1A5
:1005B0007B689A6D584B1B68D31A002B0EDB7B6847
:1005C0009A6D554B1B689A4243D1544B1B68DB898B
:1005D0009AB27B68B3F860309A423AD94F4B1B68A5
:1005E000DB899AB27B68A3F860207B68B3F862204D
:1005F0004A4B1B68DB899BB29A4206D2474B1B6869
:10060000DB899AB27B68A3F86220424B1A687B6848
:100610005A65414B1A687B689A657B68B3F860300D
:10062000002B0DD17B6893F89130002B11D17B68A2
:10063000002283F890207B68012283F8912008E053
:100640007B6893F89130002B03D07B68002283F8FD
:100650009120314B1A687B689B6CD31A002B61DCAC
:100660007B680022A3F864202D4B1B88002B46D109
:100670007B689B6D7A68B2F8602013447A699A426D
:100680003DD17B68B3F93430002B38DB7B689A6C42
:10069000214B1B689A4232D10123BB617B6893F8DE
:1006A0004730FF2B07D07B6893F847300133DAB22D
:1006B0007B6883F847207B6893F84730032B16D973
:1006C0007B68B3F84C207B68DB8E13449AB27B685E
:1006D000B3F84C309A4212D97B68B3F84C207B684F
:1006E000DB8E13449AB27B68A3F84C2007E07B684A
:1006F00093F84730032B02D1786801F0F3FBBB6914
:10070000002B40F06B817B68002283F8472065E175
:1007100020630020186300201C6300201063002069
:1007200022630020884B1A687B689B6CD31A013BBC
:10073000002BC0F20481844B1A687B681B6DD31AAE
:10074000002B00F3FC807B689B7F03F00403002BED
:100750000CD07B689B7F23F00403DAB27B689A7726
:100760007B68B3F84E207B68A3F84C207B6800229E
:1007700083F846207B68B3F94030DB101BB29AB295
:100780007B68B3F942309BB213449BB21AB27B68C8
:10079000A3F844206C4B1B689AB27B689B6C9BB29D
:1007A000D31A9AB27B68A3F864207B68B3F86620FA
:1007B0007B68B3F8643013449AB27B68A3F8662070
:1007C0007B68002283F847205F4B1A687B689A6435
:1007D0007B681B7E032B7BD97B68B3F84C207B683E
:1007E000B3F84E309A4216D27B68B3F84C207B683F
:1007F000DB8E13449AB27B68B3F84C309A4267D9C7
:100800007B68B3F84C207B68DB8E13449AB27B681C
:10081000A3F84C205CE07B68B3F84C207B68DB8E4F
:1008200019467B68DB8E01FB03F37968B1F84C1045
:1008300093FBF1F39BB213447B827B68B3F84C309B
:100840007A8A9A4244D97B687A8AA3F84C203FE09E
:100850007B681B6FFB607B681B6F1A687B681A677D
:10086000FB685B681846FDF727FC7B68B3F86430CB
:10087000002B13D0FB68DB689B899BB21846F9F705
:1008800053FC034603F00103002B07D07B68B3F849
:100890006430013B9AB27B68A3F86420FB685B6814
:1008A0001846FDF709FC03461A467B68B3F8683022
:1008B0009B1A9AB27B68A3F86820F868FEF762FC7E
:1008C0007B68B3F86830002B02D07B681B6F002B6D
:1008D0007B681B6F002B22D07B681B6FDB685B681B
:1008E0001846F9F748FC04467B681B6F1B891D46B8
:1008F0007B681B6FDB689B899BB21846F9F714FC79
:10090000034603F00303002B14BF01230023DBB2D3
:100910002B44E2180C4B1B68D31A002B98DD7B6824
:100920001B6F002B04D17B684FF6FF729A8602E0A2
:100930007B6800229A867B680022DA7703E07B6876
:100940000022A3F8642049E01C6300207B68DB6E72
:10095000FB607B68DB6E1A687B68DA667B68DB6E3F
:10096000002B03D17B680022A3F86A20FB685B6838
:100970001846FDF7A1FB7B68B3F86430002B13D059
:10098000FB68DB689B899BB21846F9F7CDFB0346F1
:1009900003F00103002B07D07B68B3F86430013B00
:1009A0009AB27B68A3F86420FB685B681846FDF781
:1009B00083FB03461A467B68B3F868309B1A9AB2E9
:1009C0007B68A3F86820F868FEF7DCFB7B68B3F867
:1009D0006830002B02D07B681B6F002B7B68DB6EBE
:1009E000002B29D07D4B1C687B68DB6EDB685B6865
:1009F0001846F9F7C0FB05467B68DB6E1B891E466F
:100A00007B68DB6EDB689B899BB21846F9F78CFB31
:100A1000034603F00303002B14BF01230023DBB2C2
:100A200033442B44E31A002B06DB6C4B1A687B68BB
:100A30001B6DD31A002B89DD7B689B6B002B54D078
:100A40007B68DA6B654B1B68D31A002B4DDA644B5D
:100A50001B689AB27B689B6B9BB2D31A9BB2FB83D9
:100A6000FA8B7B68B3F94030DB101BB29BB2D31A10
:100A70009BB2FB837B68B3F940309AB2FB8B134483
:100A80009BB21AB27B68A3F84020B7F91E30002B46
:100A900003DAFB8B5B429BB2FB83FA8B7B68B3F977
:100AA00042309B101BB29BB2D31A9BB2FB837B6874
:100AB000B3F942309AB2FB8B13449BB21AB27B68F3
:100AC000A3F842207B68B3F94030DB101BB29AB226
:100AD0007B68B3F942309BB213449BB21AB27B6875
:100AE000A3F844207B6800229A633E4B1B88002BAE
:100AF00000F077817B681B7E062B00F272817B6899
:100B00009A6A394B1B68D31A013B002B70DB7B6858
:100B10009A6A344B1B881946334B1B680B44D31A13
:100B20000133002B64DC7B689A6A2F4B1B68D31A55
:100B30003B622E4B5B687B622C4B5B685B891A4681
:100B40003B6A934226DD294B5B681A893B6A9BB25C
:100B5000D31A7B810EE07B6A5B891A463B6A9B1A3B
:100B60003B627B6A7A891A817B6A00225A817B6A9E
:100B70001B687B627B6A5B891A463B6A9342EADCAC
:100B80003B6A9BB25B429BB21BB21946786AFDF787
:100B9000C8F90AE0154B5B683A6A92B2524292B2C7
:100BA00012B211461846FDF7BCF9104B1A890E4BCC
:100BB0001B6899B27B689B6A9BB2CB1A9BB21344A9
:100BC0009AB20A4B1A817B689B6A074A1360074BEB
:100BD000DB68054A12685A6018E000BF1C630020F9
:100BE000E4620020226300201863002000630020DC
:100BF0008B4B1A687B689B6AD31A002B06DA7B68DA
:100C00009B7F43F00203DAB27B689A77844B1A68C1
:100C10007B689B6AD31A002BC0F2DE80804B1A6877
:100C20007B689B6A7968898D0B44D31A0133002B4A
:100C300000F3D2807B689A6A794B1B689A4240F035
:100C4000C780784B1C89774BDB689B899BB2184621
:100C5000F9F76AFA034603F00303002B14BF0123DC
:100C60000023DBB223449AB26F4B1A807B689A8DC3
:100C70006D4B1B889A425CD26A4BDB689B899BB2A6
:100C80001846F9F751FA034603F00103002B1DD073
:100C9000644BDB689B899BB21BB223F47C531CB270
:100CA000604BDB689B899BB21846F9F73DFA034617
:100CB00003F03E039BB21846F9F720FA03461BB235
:100CC00023431AB2574BDB6892B29A817B689A8DA4
:100CD000544B1A81534BDB689B899BB21846F9F73A
:100CE00023FA034603F00203002B05D04D4B1B896A
:100CF000013B9AB24B4B1A814A4B5B68494A1289B5
:100D000011461846FDF7AAF8464B1C89454BDB688F
:100D10009B899BB21846F9F707FA034603F00303D1
:100D2000002B14BF01230023DBB223449AB23E4BB5
:100D30001A803D4B1B881A46394B1B681A447B6846
:100D40009A627B689A8D384B1B88D31A9AB27B685B
:100D50009A857868FDF784FE324B5B681B89002B0F
:100D600006D0304B5B68314A13602E4B00225A602C
:100D70002C4BDB689B899BB21846F9F7D5F90346E3
:100D800003F00103002B06D0294B1B7843F020030E
:100D9000DAB2274B1A707B689B7F03F00103002BAC
:100DA0000ED07B689B7F23F00103DAB27B689A77D1
:100DB0007B689B7F43F00203DAB27B689A770FE08F
:100DC0007B689B7F43F00103DAB27B689A7707E088
:100DD000786800F078FD03E0786800F074FD1AE0B0
:100DE00019E00F4B1A687B689B6AD31A002B0ADB49
:100DF0000B4B1A687B689B6A7968898D0B44D31A00
:100E00000133002B07DD7B689B7F43F00203DAB2DE
:100E10007B689A77FFE700BF2C37BD46F0BD00BF67
:100E20001863002000630020226300202863002054
:100E30002463002080B586B000AF78603F4B1B680C
:100E400014333B613D4B1B689B899BB21846F9F7F5
:100E50006BF903461B0B9BB2052B6BD9374B1B68F9
:100E60009B899BB21846F9F75FF903461B0B9BB2AF
:100E7000053B9BB29B00FB810023FB8250E0FB8A79
:100E80003A6913441B787B737B7B022B09D0022BBE
:100E900036DC002B49D0012B32D1FB8A0133FB8297
:100EA0003EE0FB8A01333A6913441B78042B3ED1A0
:100EB000FB8ADA1CFB899A4239DAFB8A02333A69E7
:100EC00013441B781BB21B021AB2FB8A0333396925
:100ED0000B441B781BB213431BB27B817B8940F20E
:100EE000B452934204D87B89002B01D07A8901E067
:100EF00040F2B4527B68DA86FB8A0433FB820FE04F
:100F0000FB8A01333A6913441B78002B11D0FB8A0A
:100F100001333A6913441B781A46FB8A1344FB8257
:100F2000FA8AFB899A42AAD304E000BF02E000BF1C
:100F300000E000BF1837BD4680BD00BF1063002031
:100F400080B586B000AFF8607B600B467B811346AE
:100F50003B817A893B8913449BB214339BB20022B4
:100F600019460120FCF726FE78617B69002B4AD0E8
:100F70007B695B683B61FB685B8B1846F9F7BEF8E1
:100F800003461A463B691A80FB689B8B1846F9F7A3
:100F9000B5F803461A463B695A803B697A685A603D
:100FA000FB689B6A1846F9F7CDF802463B699A60E0
:100FB0007B899B089BB205339BB21B039BB243F01A
:100FC00010039BB21846F9F799F803461A463B6995
:100FD0009A81FB68DB8D1846F9F790F803461A46AC
:100FE0003B69DA813B6900221A7400225A743B691A
:100FF00000229A740022DA74FB689B6AFA68D28D28
:101000001A44FB681A637B6918461837BD4680BDD1
:1010100090B585B000AF78607B68DB6E002B2DD07B
:101020007B68DB6EFB6002E0FB681B68FB60FB68B3
:101030001B68002BF8D1FB68DB689B899BB21846C4
:10104000F9F772F8034603F00703002B16D1FB688B
:10105000DB689B899CB20120F9F750F803461A46D9
:10106000FB68DB68224392B29A817B689B7F43F0E6
:101070002003DAB27B689A77002304E001217868C4
:1010800000F05CFB034618461437BD4690BD90B592
:1010900087B000AFF860B9603B601346FB7197F80A
:1010A00028309B00DBB203F00403DBB297F8282062
:1010B00002F00202002A01D00C2200E000221344B8
:1010C000FB750420FCF7F2FB38613B69002B04D16F
:1010D000B868FCF795FF002355E03B6997F8282096
:1010E0009A723B6900221A603B69BA685A60BB6811
:1010F0001A89FB7D9BB2D31A9AB23B691A811421DB
:10110000B868FCF70EFF0346002B04D03869FEF7E1
:1011100039F8002337E03B695B685A683B69DA605D
:10112000FB685A8B3B69DC681046F8F7E7FF03461B
:101130002380FB689A8B3B69DC681046F8F7DEFF7A
:10114000034663803B69DC683868F8F7FBFF0346B9
:101150006360FB7D9B08DBB205331BB21B031AB235
:10116000FB791BB213431BB29AB23B69DC68104691
:10117000F8F7C4FF0346A3813B69DB6800229A7439
:101180000022DA743B6918461C37BD4690BD80B515
:1011900086B000AF7B600346FB730B46BB811346F2
:1011A0007B81BB89FB82BA897B899A4221D297F8DD
:1011B000243003F00203002B11D13B6A9B7F03F024
:1011C0004003002B15D197F82830002B07D03B6A3D
:1011D000DB6E002B03D13B6A1B6F002B09D0BB8950
:1011E00003F2B75323F003027B899342A8BF13464F
:1011F000FB82F98AFB7B00221846FCF7DBFC386196
:101200003B69002B01D100230EE03B695A89BB8961
:10121000D31A9AB27B681A803B69BA891A813B69F2
:101220001A893B695A813B6918461837BD4680BD0B
:1012300080B483B000AF78600B467B807B681B7EF8
:10124000042B0ED07B681B7E072B0AD07B681B7E8D
:10125000022B06D07B681B7E032B02D06FF00C03A1
:1012600037E07B88002B01D1002332E07B68B3F8A4
:1012700066307A889A4209D97B689B7F63F07F0346
:10128000DAB27B689A774FF0FF3322E07B68B3F8DD
:101290006830072B06D87B68B3F868304FF6FC72CD
:1012A000934209D97B689B7F63F07F03DAB27B6846
:1012B0009A774FF0FF330CE07B68B3F86830002B6F
:1012C00003D07B681B6F002B02E07B681B6F002B39
:1012D000002318460C37BD465DF8047B704790B577
:1012E00099B004AFF860B96011461A460B46FB800E
:1012F00013467B710023FB640023BB6400237B64E3
:1013000000233B640023FB6300237B87002387F8D3
:101310002B30002387F82A300023FB820023FB8632
:10132000FB68B3F862305B089AB2FB68DB8E9342CD
:1013300028BF13463B85BB68002B02D16FF00D031D
:10134000F8E1FB881946F868FFF772FF034687F853
:10135000273097F92730002B02D097F92730E9E1A1
:10136000FB68B3F868303B87FB68DB6E002B00F04E
:101370003081FB68DB6EBB6402E0BB6C1B68BB6446
:10138000BB6C1B68002BF8D1BB6C9B7A9B009BB29B
:1013900003F004039BB2BA6C927A02F00202002AB4
:1013A00001D00C2200E000221344BB84BB6C1A89DC
:1013B000BB8C13449BB23A8DD31ABB86FB68B3F83F
:1013C0006A30FB82FB8A002B14D0BB6C7B64FB8AE7
:1013D000FA88934228BF1346FB867A8FFB8E13440C
:1013E0007B87FA8AFB8ED31A9BB2FB82BA8EFB8E66
:1013F000D31ABB867A8FFB889A4280F0EA80BB8E34
:10140000002B00F0E680BB6C1B89002B00F0E18014
:10141000FA887B8FD21ABB8E9342A8BF13467B8477
:10142000BB6C7B647B7903F00103002B1CD007F1BC
:101430001600BA8E798C012302937B790193FB68A5
:10144000009303460320FFF7A2FEF864FB6C002B19
:1014500000F04A81FB6C58687B8FBA6813447A8C21
:1014600019460DF0B1F80FE07B8C012219460320DC
:10147000FCF7A0FBF864FB6C002B00F037817B8F3E
:10148000BA681A44FB6C5A607A8F7B8C13447B8752
:10149000F86CFCF711FE03461A463B8F13443B875A
:1014A00097E0FA887B8FD31A3B8497F82B309BB256
:1014B0003A8DD31AFB833A8CFB8B934228BF134699
:1014C000BB837B7903F00103002B29D097F82B30E5
:1014D0009AB2BB8B134499B2FB6B002B0CBF012358
:1014E0000023DBB207F116003A8D02937B7901935A
:1014F000FB68009303460020FFF749FE38633B6B0F
:10150000002B00F0F5803B6B5A6897F82B30D01811
:101510007B8FBA681344BA8B19460DF055F823E057
:10152000BB8B012219460020FCF744FBB861BB6964
:10153000002B00F0DF807B8FBA681A44BB695A60C9
:1015400097F82B309BB2002219460020FCF732FBA3
:1015500038633B6B002B03D1B869FCF751FDCCE03D
:10156000B969386BFCF7D2FD386BFCF7A5FD034673
:101570001A463B8F13443B873B8F082B04D83B8F85
:101580004FF6FC72934203D9386BFCF739FDB4E097
:10159000FB68DA6D7B8F1A4497F82A300093134664
:1015A0000022396BF868FFF772FD78647B6C002BC2
:1015B00000F0A280FB6B002B02D17B6CFB6302E08E
:1015C0003B6C7A6C1A607B6C3B647A8FBB8B1344E8
:1015D0007B877A8FFB889A42FFF463AFFB8E002BE8
:1015E0002CD0BB6C5B68FB621EE0FB6A1A89FB8E29
:1015F00013449AB2FB6A1A81FB6A1B68002B10D154
:10160000FB6A5B68FA6A52891344FA8EB968184615
:101610000CF0DAFFFB6A5A89FB8E13449AB2FB6A1C
:101620005A81FB6A1B68FB62FB6A002BDDD1BB6C35
:101630001A89FB8E13449AB2BB6C1A81FA8AFB6832
:10164000A3F86A20FB6C002B0DD0BB6C5B68F96CB7
:101650001846FCF75BFDBB6C1A89FB6C1B891344B5
:101660009AB2BB6C1A81BB6C002B03D1FB68FA6B7E
:10167000DA6602E0BB6CFA6B1A60FB68DA6DFB8815
:101680001A44FB68DA65FB68B3F86620FB88D31A56
:101690009AB2FB68A3F86620FB683A8FA3F868202B
:1016A000FB68B3F86830002B02D0FB681B6F002B7F
:1016B0007B6C002B16D07B6CDB68002B12D07B7907
:1016C00003F00203002B0DD17B6CDB689B899CB27D
:1016D0000820F8F713FD03461A467B6CDB682243AB
:1016E00092B29A81002325E000BF06E000BF04E02B
:1016F00000BF02E000BF00E000BFFB689B7F63F01B
:101700007F03DAB2FB689A77FB6C002B02D0F86C8F
:10171000FCF776FCFB6B002B02D0F86BFDF71DFD90
:10172000FB68B3F86830002B02D0FB681B6F002BFE
:101730004FF0FF3318465437BD4690BD80B58AB090
:1017400002AF78600B46FB700023FB770023FB752C
:101750007B68B3F86830072B06D87B68B3F868302D
:101760004FF6FC72934209D97B689B7F63F07F033D
:10177000DAB27B689A774FF0FF33A0E0FB7803F092
:101780000203002B01D00123FB77FB7F9B00DBB220
:1017900003F00403DBB2FA7F02F00202002A01D058
:1017A0000C2200E000221344FB757B68B3F866301E
:1017B000002B02D14FF0FF3381E0FB7D9BB2002272
:1017C00019460020FCF7F6F938613B69002B09D176
:1017D0007B689B7F63F07F03DAB27B689A774FF078
:1017E000FF336CE07B68D96DFA78FB7F00930B4682
:1017F00039697868FFF74BFCF860FB68002B09D16A
:101800007B689B7F63F07F03DAB27B689A774FF047
:10181000FF3354E07B68DB6E002B03D17B68FA68F2
:10182000DA660DE07B68DB6EBB6102E0BB691B68BA
:10183000BB61BB691B68002BF8D1BB69FA681A60F1
:101840007B680022A3F86A20FB7803F00203002BD8
:1018500004D1FB7803F00103002B0CD07B68DB6D17
:101860005A1C7B68DA657B68B3F86630013B9AB234
:101870007B68A3F86620FB7803F00103002B06D0F9
:101880007B689B7F43F02003DAB27B689A77FB6822
:101890005B681846FCF710FC03461A467B68B3F8F1
:1018A000683013449AB27B68A3F868207B68B3F869
:1018B0006830002B02D07B681B6F002B002318467A
:1018C0002037BD4680BD90B589B002AF7860002357
:1018D000FB75FB7D9CB27B681B6D1846F8F732FCEC
:1018E0000346002221467868FFF72AFB38613B69EE
:1018F000002B02D16FF001031BE03B695B68FB60CA
:101900007B689B7F23F00303DAB27B689A77796860
:101910007B681A1D7B68987A7B685B7A0624019441
:10192000009303463869FAF711FF3869FCF768FB42
:10193000002318461C37BD4690BD0000B0B588B0E6
:1019400000AF78608F4B1B687A689A4201D1002300
:1019500046E17B68B3F84C207B68B3F86030934273
:1019600028BF13469BB23B617B68DB6EFB617B68E3
:101970009B7F03F00203002B17D0FB69002B0FD0D5
:10198000FB69DB685B681846F8F7F5FB02467B6885
:101990009B6CD31AFA69128913443A699A4204D2A9
:1019A0007868FFF790FF03461AE17B681B6FBB6105
:1019B000BB69002B00F0EE8002E0BB691B68BB61D5
:1019C000BB691B68002BF8D1E4E0FB69DB689B89ED
:1019D0009BB21846F8F7A8FB7B681B6F002B1FD043
:1019E0007B689B7F03F04403002B19D17B68DB6E7F
:1019F000002B0BD07B68DB6E1B68002B10D17B6843
:101A0000DB6E1A897B68DB8E9A4209D27B68B3F859
:101A10006630002B04D07B68B3F86830072B01D9FF
:101A2000012300E00023002B06D17B689B7F03F09D
:101A3000A003002B00F0C380FB691A687B68DA669C
:101A40007B681B7E022B14D0FB69DB689B899CB2F0
:101A50001020F8F753FB03461A46FB69DB68224364
:101A600092B29A817B689B7F23F00303DAB27B6892
:101A70009A777968F86900F0B7F8FB69DB685B680A
:101A80001846F8F778FB0446FB691B891D46FB697D
:101A9000DB689B899BB21846F8F746FB034603F0C8
:101AA0000303002B14BF01230023DBB22B44234488
:101AB000FB607B681A6DFB68D31A002B02DA7B6827
:101AC000FA681A65FB691B891C46FB69DB689B8900
:101AD0009BB21846F8F728FB034603F00303002BDC
:101AE00014BF01230023DBB22344002B4CDDFB6930
:101AF00000221A607B681B6F002B05D17B68FA6996
:101B00001A67FB69BB6142E0FB69DB685B681846EA
:101B1000F8F731FB0446BB69DB685B681846F8F7E9
:101B20002AFB0346E31A002B24DA7B6870337B61BF
:101B300002E07B691B687B617B691B68002B11D00D
:101B40007B691B68DB685B681846F8F714FB044682
:101B5000FB69DB685B681846F8F70DFB0346E31A80
:101B6000002BE6DB7B691A68FB691A607B69FA69FE
:101B70001A600CE0BB69FA691A60BB691B68BB613B
:101B800005E000BF2C630020F869FDF7FBFA7B68D5
:101B9000DB6EFB61FB69002B12D0FB69DB685B68C5
:101BA0001846F8F7E8FA02467B689B6CD31AFA6984
:101BB000128913443A699A42BFF407AF00E000BFAC
:101BC0007B68DB6E002B03D17B680022A3F86A20C0
:101BD0007B689B7F03F07F03DAB27B689A770023F0
:101BE00018462037BD46B0BDB0B588B002AF7860AA
:101BF00039603B689A6A7B68DC681046F8F7A2FA9D
:101C00000346A3603B68DA8D7B68DC681046F8F712
:101C100075FA0346E3813B689B6A3A68D28D1A44A1
:101C20003B681A637B68DB6814337B617B689B7A53
:101C300003F00103002B14D03B680433194640F233
:101C4000B450FDF7D9FC03467B827B8A43F00173D5
:101C50001846F8F777FA02467B691A607B69043305
:101C60007B613B68B3F93430B3F1FF3F02D13B688D
:101C700000229A863B68002B03D03B681B68002B30
:101C80000CD13B6804331846FAF776FBF860FB6822
:101C9000002B48D0FB685A683B681A603B689B6B16
:101CA000002B0CD1224B1A683B689A637B68DB6877
:101CB0005B681846F8F75FFA02463B68DA637B68B0
:101CC000DA687B685B685B68D31A7B817B685B68DA
:101CD00059897B685B687A898A1A92B25A817B68D3
:101CE0005B6819897B685B687A898A1A92B21A8163
:101CF0007B685B687A68D2685A607B68DB68002220
:101D00001A7400225A747B68586839683B681A1D37
:101D10003B689C7A3B685B7A0625019500932346D5
:101D2000FAF714FD00E000BF1837BD46B0BD00BF94
:101D3000E462002080B588B002AFF860B9607A60D4
:101D40003B60002214210120FBF734FF78617B699E
:101D5000002B47D07B695B683B613B8C1846F8F7EA
:101D6000CDF903461A463B691A80BB8C1846F8F732
:101D7000C5F903461A463B695A80F868F8F7E2F954
:101D800002463B695A60B868F8F7DCF902463B69DD
:101D90009A6045F21400F8F7B1F903461A463B6918
:101DA0009A813B69002242F00B029A73002242F0B2
:101DB0006802DA733B6900221A7400225A743B6984
:101DC00000229A740022DA74062301930023009300
:101DD000FF233A6879687869FAF7B8FC7869FCF704
:101DE0000FF900E000BF1837BD4680BD80B584B054
:101DF00000AF78607B681B6F002B24D07B681B6F63
:101E0000FB6002E0FB681B68FB60FB681B68002B43
:101E1000F8D17B68DA6EFB681A607B681A6F7B68A2
:101E2000DA667B6800221A677B6893F846300133D4
:101E3000DAB27B6883F846207B6800229A63786870
:101E4000FFF77CFD00E000BF1037BD4680BD90B5B8
:101E500085B000AF78607B681B6F002B3ED07B683D
:101E60001B6FBB60BB681A687B681A677B686C3342
:101E7000FB6002E0FB681B68FB60FB681B68002BD3
:101E800011D0FB681B68DB685B681846F8F773F9CC
:101E90000446BB68DB685B681846F8F76CF90346D4
:101EA000E31A002BE6DBFB681A68BB681A60FB6864
:101EB000BA681A60BB681B68002B03D17B680022DC
:101EC000A3F86A207B6893F846300133DAB27B6866
:101ED00083F846207B6800229A6300E000BF143735
:101EE000BD4690BD80B582B000AF78607B681B6F47
:101EF000002B46D07B689B7F03F00403002B40D16E
:101F00007868FFF7A4FF7B68B3F84C207B68B3F8D0
:101F100060309A4208D97B68B3F860305B089AB2A7
:101F20007B68A3F84E2007E07B68B3F84C305B0871
:101F30009AB27B68A3F84E207B68B3F84E301A46FD
:101F40007B68DB8E5B009A4206DA7B68DB8E5B0087
:101F50009AB27B68A3F84E207B68B3F84E207B686A
:101F6000DB8E194649000B449BB213449AB27B683E
:101F7000A3F84C207B689B7F43F00403DAB27B68B4
:101F80009A7700BF0837BD4680BD80B586B002AFE6
:101F900078607B681B6D013B1846F8F7D3F8034661
:101FA000002200217868FEF7CBFFF860FB68002B69
:101FB00012D0FB685B68BB6079687B681A1D7B6820
:101FC0009B7A0620019000200090F868FAF7BEFB8B
:101FD000F868FCF715F800E000BF1037BD4680BD7B
:101FE00090B58BB002AF78607B681B6FFB61FB69BB
:101FF000002B02D17B68DB6EFB61FB69002B5FD09D
:10200000FB69DB689B899BB21846F8F78DF803469D
:1020100003F00103002B05D0FB691B89002B01D1C4
:10202000012300E00023FB76FB7E002B0CBF012385
:102030000023DBB23B83FB69DB685B683A8B0021E2
:102040007868FEF77DFF78617B69002B3AD07B6969
:102050005B683B61FB7E002B11D03B699B899BB287
:102060001BB223F47C531CB21120F8F747F8034647
:102070001BB223431BB29AB23B699A8110E07B6981
:102080005B681433FB60FB695868FB695B681A89FD
:10209000FB691B89D31A9BB20122F968FCF7FBF894
:1020A00079687B681A1D7B689B7A06200190002066
:1020B00000907869FAF74AFB7869FBF7A1FF02E024
:1020C00000BF00E000BF2437BD4690BD80B582B0A0
:1020D00000AF7860FCF7F6F90A4B1B68002B03D1C0
:1020E000094B1B68002B05D000220849FA2000F09C
:1020F000BFF803E0064B00221A6000BF00BF08379C
:10210000BD4680BDF0620020F4620020CD200108B1
:102110003863002080B500AF0A4B1B68002B0FD13D
:10212000094B1B68002B03D1084B1B68002B07D001
:10213000044B01221A6000220549FA2000F098F8A9
:1021400000BF80BD38630020F0620020F4620020F0
:10215000CD20010880B582B000AF7860FAF786FC28
:10216000002204494FF47A7000F082F800BF08376B
:10217000BD4680BD5521010880B582B000AF7860B2
:1021800000F056FC0022044941F2883000F070F85B
:1021900000BF0837BD4680BD7921010880B582B0F7
:1021A00000AF7860F8F706F9002204494EF6602087
:1021B00000F05EF800BF0837BD4680BD9D210108D4
:1021C00080B582B000AF7860F8F724F900220449A6
:1021D0004FF4FA7000F04CF800BF0837BD4680BDE0
:1021E000C121010880B582B000AF7860F9F7DEFB4D
:1021F000002204494FF47A7000F03AF800BF083723
:10220000BD4680BDE521010880B500AF002212491E
:102210004FF47A7000F02CF80022104941F2883017
:1022200000F026F800220E494EF6602000F020F85B
:1022300000220C494FF4FA7000F01AF800220A4903
:102240004FF47A7000F014F8F7F74CFF0346074A92
:10225000136000BF80BD00BF55210108792101082E
:102260009D210108C1210108E521010834630020F6
:1022700080B586B000AFF860B9607A600720FBF7E0
:1022800015FB38613B69002B5BD03B6900221A606B
:102290003B69BA689A603B697A68DA603B69FA68B8
:1022A0005A602A4B1B68002B03D1284A3B691360F4
:1022B00048E0264B1B685B68FA689A420FD2234BB2
:1022C0001B685968214B1B68FA688A1A5A601F4BB1
:1022D0001A683B691A601D4A3B69136032E01B4B68
:1022E0001B687B6129E03B695A687B695B68D21A8D
:1022F0003B695A607B691B68002B06D07B691B68B1
:102300005A683B695B689A4214D97B691B68002B49
:1023100008D07B691B6859683B695A687B691B68F0
:102320008A1A5A607B691A683B691A607B693A6944
:102330001A6007E07B691B687B617B69002BD2D147
:1023400000E000BF1837BD4680BD00BF30630020ED
:1023500080B400AF00BFBD465DF8047B704700004D
:1023600080B483B000AF0023FB80174B1B885A1C3E
:1023700091B2154A11804FF6FF72934203D1124B6E
:102380004FF440421A80114B1B683B6011E03B68E0
:102390005A8A0D4B1B889A4208D1FB880133FB8077
:1023A000FB88B3F5804FE0D3002307E03B68DB6890
:1023B0003B603B68002BEAD1034B1B8818460C3767
:1023C000BD465DF8047B7047140000203C6300208C
:1023D00090B58DB002AF786039607B685B687B61D7
:1023E0007B681B891A467B691B7803F00F03023355
:1023F0009B009A4210DB7B691B7803F00F039BB2B2
:102400009B009BB25B429BB21BB219467868FBF7FC
:1024100088FD0346002B03D07868FBF7F1FD0AE145
:102420007B685B683B61864B1B6839681846FAF726
:10243000B2F90346FB733B691B889BB21846F7F75A
:1024400073FE0346BB813B695B889BB21846F7F776
:102450006BFE03467B8100237B627B89442B27D163
:10246000BB89432B40F09A803B681B6A002B00F02D
:1024700095803B681B6A5B68002B00F08F803B688F
:102480001B6A5B680433002B0DD03B681B6A5B68DA
:102490005B68002B07D03B681B6A5B685A68694B16
:1024A0001B689A427AD13B681B6A5B687B6275E065
:1024B00000233B620023FB760023FB61624B1B6819
:1024C0007B6261E00023FB767B6A5B8A7A899A42B1
:1024D00030D1FB7B002B06D17B6A002B1DD07B6AA1
:1024E0001B68002B19D07B6A1A68554B1B689A42EF
:1024F00013D0FB7B002B1DD07B6A002B0DD07B6A99
:102500001B68002B09D07B6A1A684D4B1B685A4028
:102510003B689B681340002B0CD10123FB76FB69C1
:10252000002B07D17B6A1B7C03F00403002B01D135
:102530007B6AFB61FB7E002B21D07B6A9B8ABA8978
:102540009A421CD17B6A0433002B09D07B6A5B68FA
:10255000002B05D07B6A5A683A4B1B689A420ED111
:102560003B6A002B14D07B6ADA683B6ADA60364B30
:102570001A687B6ADA60344A7B6A136008E07B6A17
:102580003B627B6ADB687B627B6A002B9AD100E04E
:1025900000BF7B6A002B01D1FB697B627B6A002B49
:1025A00005D13B685A68264B1B689A423FD16FF0B1
:1025B00007017868FBF7B5FC0346002B03D0786869
:1025C000FBF71EFD37E07B6A002B12D07B6A9B690C
:1025D000002B0AD07B6A9C697B6AD869BB8900930F
:1025E000184B7A68796AA04725E07868FBF708FD00
:1025F00021E0FB7B002B16D1114B1B6803F0F0038D
:10260000E02B10D07B691B7803F00F0302339BB2E1
:102610009B009BB21BB219467868FBF782FC032132
:102620007868F9F779FD7868FBF7EAFC03E07868E9
:10263000FBF7E6FC00BF00BF2C37BD4690BD00BFD6
:1026400088620020846200203C63002080B588B04E
:1026500002AFF860B9607A607B807868F9F78CFE29
:1026600078617B69002B02D16FF0030309E07A885F
:102670007B69009313467A68B968F86800F005F83A
:10268000034618461837BD4680BD80B58CB004AFF0
:10269000F860B9607A607B80FB685B8A002B0FD1A1
:1026A000F968FB685B8A1A46F86800F089F8034607
:1026B000FB7597F91730002B02D097F917307AE0A5
:1026C0000821B868FBF72DFC0346002B14D000222C
:1026D00008210120FBF76EFAB861BB69002B02D11B
:1026E0004FF0FF3367E0BB681B89002B06D0B96849
:1026F000B869FBF738FD01E0BB68BB61BB695B688B
:102700003B61FB685B8A1846F7F7F8FC03461A46FC
:102710003B691A807B881846F7F7F0FC03461A4697
:102720003B695A803B6900229A710022DA71FB688A
:10273000002B03D0FB681B68002B03D1BB6A04335A
:10274000FB6113E0FB681A68BB6A5B689A420BD0B6
:10275000BA69BB689A4204D0B869FBF751FC002300
:10276000BB616FF0050326E0FB68FB61BB691B8959
:102770001846F7F7C3FC03461A463B699A80FB6884
:10278000997AFB685B7ABA6A0292112201920093ED
:102790000B467A68F969B869F9F74CFF0346FB758F
:1027A000BA69BB689A4204D0B869FBF729FC0023D8
:1027B000BB6197F9173018462037BD4680BD000031
:1027C00080B586B000AFF860B9601346FB80002387
:1027D000FB742A4B1B687B6125E0FA687B699A428F
:1027E00002D10123FB741BE07B695B8AFA889A4261
:1027F00016D17B69002B10D07B691B68002B0CD095
:10280000BB68002B09D0BB681B68002B05D07B6917
:102810001A68BB681B689A4202D16FF0070329E06F
:102820007B69DB687B617B69002BD6D1BB68002BA1
:1028300002D0BB681B6800E00023FA681360FB88C5
:10284000002B09D1FFF78CFD0346FB80FB88002B92
:1028500002D16FF007030DE0FB68FA885A82FB7C17
:10286000002B06D1054B1A68FB68DA60034AFB6847
:102870001360002318461837BD4680BD3C63002016
:1028800080B586B000AFF860B9601346FB80FB6886
:102890005B8A002B0FD1F968FB685B8A1A46F868DF
:1028A000FFF78EFF0346FB7497F91330002B02D01D
:1028B00097F913302AE0BB68002B02D0BB681B6875
:1028C00000E00023FA685360FB68FA889A82FB688C
:1028D0001B7C43F00403DAB2FB681A740D4B1B68CF
:1028E0007B6108E0FA687B699A4201D100230DE020
:1028F0007B69DB687B617B69002BF3D1054B1A6830
:10290000FB68DA60034AFB68136000231846183737
:10291000BD4680BD3C63002080B485B000AFF86048
:10292000B9607A60FB68BA689A61FB687A68DA61B4
:1029300000BF1437BD465DF8047B704780B584B096
:1029400000AF7860144B1B687A689A4205D1124B2D
:102950001B68DB68104A136016E00F4B1B68FB60B6
:102960000FE0FB68DB68002B08D0FB68DB687A6847
:102970009A4203D17B68DA68FB68DA60FB68DB683F
:10298000FB60FB68002BECD179680120FAF7B0FFFF
:1029900000BF1037BD4680BD3C63002080B582B0CB
:1029A00000AF0120FAF782FF78607B68002B07D028
:1029B0002022002178680BF0DAFC7B68FF229A72F3
:1029C0007B6818460837BD4680BD000080B582B0E0
:1029D00000AF786015497A6813469B0013449B004A
:1029E0000B441B68002B13D010497A6813469B00D8
:1029F00013449B000B441B681846FBF701FB0B4973
:102A00007A6813469B0013449B000B4400221A6013
:102A100006497A6813469B0013449B000B4412330B
:102A200000221A7000BF0837BD4680BD40630020F9
:102A300080B582B000AF0023FB715EE0FA793349C4
:102A400013469B0013449B000B4412331B78BB714D
:102A5000BB79002B4ED0FA792C4913469B001344C6
:102A60009B000B4413331B780133D8B2274913461C
:102A70009B0013449B000B44133302461A70FA79EF
:102A8000224913469B0013449B000B4413331B78CD
:102A9000EF2B15D8FA791D4913469B0013449B0070
:102AA0000B4412331B78012B0FD1FA7917491346C7
:102AB0009B0013449B000B4413331B78012B04D958
:102AC000FB791846FFF782FF14E0FA790F491346A5
:102AD0009B0013449B000B4412331B78032B09D13A
:102AE000FA790A4913469B0013449B000B441233A6
:102AF00002221A70FB790133FB71FB79092B9DD9F6
:102B000000BF00BF0837BD4680BD00BF4063002046
:102B100080B586B000AF78600B46FB700A23FB756A
:102B20000A23BB750A237B7500233B750023FB74C6
:102B30000023BB740A237B7400233B7400233B7582
:102B400086E03A7D6D4913469B0013449B000B447D
:102B500012331B78FB7397F915300A2B05D1FB7BD9
:102B6000002B02D13B7D7B756FE0FB7B002B6CD093
:102B70007B68002B0FD07B6819683A7D5F4813464D
:102B80009B0013449B00034404331B68994202D109
:102B900097F91430AEE0FB7B012B3BD13A7D5749CE
:102BA00013469B0013449B000B441B68002B18D05A
:102BB0003A7D524913469B0013449B000B44133348
:102BC0001B783A7C9A4240D83B7D7B743A7D4B49D6
:102BD00013469B0013449B000B4413331B783B7438
:102BE00033E03A7D454913469B0013449B000B4458
:102BF00013331B78FA7C9A4227D83B7DFB753A7DCC
:102C00003E4913469B0013449B000B4413331B782F
:102C1000FB741AE0FB7B012B17D93A7D3749134629
:102C20009B0013449B000B4413331B78BA7C9A42DD
:102C30000BD83B7DBB753A7D304913469B0013444E
:102C40009B000B4413331B78BB743B7D01333B75F6
:102C50003B7D092B7FF675AFFB7803F00203002B59
:102C600008D197F915300A2B07D1FB7803F001033F
:102C7000002B02D14FF0FF333CE097F91530092BC0
:102C800002DC7B7D3B751BE097F91630092B02DCDB
:102C9000BB7D3B7510E097F91730092B02DCFB7DFB
:102CA0003B7509E097F91130092B02DC7B7C3B7501
:102CB00002E04FF0FF331DE03B7D1846FFF786FE34
:102CC0007B68002B0AD03A7D7B6819680B48134655
:102CD0009B0013449B000344043319603A7D074969
:102CE00013469B0013449B000B44133300221A70BD
:102CF00097F9143018461837BD4680BD4063002050
:102D000080B586B000AFF860B9607A603B60BB68A0
:102D10005B687B617B690622396818460BF054FCBE
:102D20007B6906330622796818460BF04DFC7B69F7
:102D3000002242F008021A7300225A73FB689B6952
:102D4000B968F8689847034618461837BD4680BDED
:102D500080B586B000AFF860B9607A60FB70BB6880
:102D6000002B12D0BB681B68002B0ED0BB681B6801
:102D7000F9681846F9F70FFD0346002B05D1BB682B
:102D80001B6803F0F003E02B02D16FF00D0368E045
:102D9000FB781946B868FFF7BBFE0346FB7597F949
:102DA0001730002B02DA97F917305AE097F91720FD
:102DB0002E4913469B0013449B000B4412330222FE
:102DC0001A7097F91720294913469B0013449B005A
:102DD0000B440833FA681A6097F9172013469B00D2
:102DE00013449B000833214A1344043306227968B4
:102DF00018460BF0E9FB97F917201C4913469B0076
:102E000013449B000B44133300221A7097F91720C8
:102E1000164913469B0013449B000B441B68002B70
:102E20001ED097F91720114913469B0013449B00AD
:102E30000B441B683B6197F917200C4913469B0014
:102E400013449B000B4400221A60FB6803F1270225
:102E50007B683969F868FFF753FF3869FBF7D0F8EA
:102E6000002318461837BD4680BD00BF40630020D0
:102E700080B584B000AF78600023FB731FE0FA7B5D
:102E8000134913469B0013449B000B4412331B78D9
:102E9000BB73BB7B002B0FD0FA7B0D4913469B0005
:102EA00013449B000B4408331B687A689A4203D191
:102EB000FB7B1846FFF78AFDFB7B0133FB73FB7B33
:102EC000092BDCD900BF00BF1037BD4680BD00BF55
:102ED0004063002080B58AB000AFF860B9607A60C6
:102EE000FB68002B00F0A5807B685B89292B03D849
:102EF0007868FBF785F89CE07B685B683B623B6A1F
:102F00000E33FB61FB691B889BB2B3F5807F0CD14C
:102F1000FB691B79062B08D1FB695B79042B04D173
:102F2000FB695B889BB2082B03D07868FBF768F8D5
:102F30007FE0FB690E331B68BB61FB6918331B68BC
:102F40007B61FB680433002B03D0FB685B68002BBC
:102F500003D1002387F8273009E07A69FB685B68B2
:102F60009A420CBF01230023DBB287F82730FB69AC
:102F700003F1080297F82730002B01D0012300E06D
:102F8000022307F11801F868FFF7E2FEFB69DB880E
:102F90009BB2B3F5807F03D0B3F5007F3FD045E00F
:102FA00097F82730002B36D00220F7F7A7F8034612
:102FB0001A46FB69DA80FB691833FA690E32126827
:102FC0001A60FB690E33FA68043212681A60FB69F2
:102FD00003F11200FB690833062219460BF0F4FADC
:102FE000386AFB690833062219460BF0EDFAFB69D3
:102FF00008330622B96818460BF0E6FA3B6A063336
:103000000622B96818460BF0DFFAFB689B697968FD
:10301000F86898470AE0FB680433002B06E007F1E4
:1030200018031946F868F7F7D1FB00BF7868FAF77C
:10303000E7FF2837BD4680BD80B584B000AFF8609B
:10304000B9601346FB71FA79214913469B0013447A
:103050009B000B4412331B78022B23D1FA791C49B5
:1030600013469B0013449B000B4413331B78E32B44
:1030700018D9FA7913469B0013449B00144A134451
:1030800004331946F86800F073FA0346002B09D19F
:10309000FA790F4913469B0013449B000B441233EB
:1030A00003221A70FB6803F12701FA7913469B008B
:1030B00013449B000833064A134404330A46B96894
:1030C000F868FFF71DFE034618461037BD4680BD61
:1030D0004063002080B588B000AFF860B9607A60C6
:1030E0007B68BB610E21B868FAF71BFF0346002B13
:1030F00002D06FF00103AFE07B681B68F9681846E7
:10310000F9F749FB0346002B02D0554BFB619AE0CF
:103110007B681B6803F0F003E02B16D101233B749E
:1031200000237B745E23BB747B6801331B7803F040
:103130007F03DBB2FB747B689B783B757B68DB7835
:103140007B7507F11003FB617DE07B681A68FB6803
:103150005B685A40FB689B681340002B15D07B6866
:103160001B689BB24FF6A96293420ED0FB680C33EA
:10317000002B07D0FB68DB68002B03D0FB680C3307
:10318000BB6102E06FF0030366E0364B1B78194623
:10319000354A0B469B000B449B00134412331B78AB
:1031A000012B17D9BB691A682E4B1B7818462E497C
:1031B00003469B0003449B000B4404331B689A4264
:1031C00008D1284B1B781A46B968F868FFF734FF16
:1031D000034641E00023FB752AE097F917202249B6
:1031E00013469B0013449B000B4412331B78012BA6
:1031F00018D9BB69196897F917201B4813469B001B
:1032000013449B00034404331B6899420AD1FA7D9E
:10321000144B1A70FB7D1A46B968F868FFF70CFF6B
:10322000034619E097F91730DBB20133DBB2FB75C7
:1032300097F91730092BD0DDBA68B969F86800F042
:1032400015F8034608E0FB6803F12702FB69B9683B
:10325000F868FFF755FD034618462037BD4680BD88
:1032600064150208086400204063002080B58AB01D
:1032700000AFF860B9607A60FB682733BB61FF2359
:1032800087F82730BB681B68F9681846F9F783FA96
:103290000346002B0CD1BB681B6803F0F003E02B46
:1032A00006D0BB68002B03D0BB681B68002B02D183
:1032B0006FF00D03DCE00121B868FFF729FC03463D
:1032C000FB7597F91730002B02DA97F91730CFE02A
:1032D00097F91720684913469B0013449B000B4441
:1032E00012331B78002B0AD197F917206249134635
:1032F0009B0013449B000B44123301221A7097F970
:1033000017205D4913469B0013449B000B44123366
:103310001B78012B97F91720574913469B0013443C
:103320009B000B4412331B78012B02D07B68002BCF
:103330000CD1B968F86800F01BF9034687F827300C
:103340007B68002B02D197F9273091E097F917207D
:10335000494913469B0013449B000B4412331B78CE
:10336000012B15D9FA7D454B1A7097F91720134692
:103370009B0013449B0008333F4A13440433BA694B
:103380007968F868FFF7BCFC034687F827306DE0E2
:1033900097F91720384913469B0013449B000B44B0
:1033A00012331B78012B61D10023FB617B683B62E8
:1033B0000EE03B6A5A893B6A1B899A423B6A1B7B37
:1033C000012B02D00123FB6105E03B6A1B683B62D5
:1033D0003B6A002BEDD1FB69002B17D03B6A1B89A0
:1033E000002219460320FAF7E5FB38623B6A002BFE
:1033F00011D07968386AFAF7C6FE0346002B0AD066
:10340000386AFAF7FDFD00233B6204E07B683B620B
:10341000386AFAF768FE3B6A002B24D097F9172028
:10342000154913469B0013449B000B441B68002B5B
:103430000BD097F91720104913469B0013449B00AB
:103440000B441B681846FAF7DBFD97F917200A4969
:1034500013469B0013449B000B443A6A1A600023F6
:1034600087F8273002E0FF2387F8273097F92730C5
:1034700018462837BD4680BD406300200864002000
:1034800080B588B000AFF860B9607A603B60002317
:10349000FB7700222A210320FAF78CFBB861BB6975
:1034A000002B02D14FF0FF335DE0BB695B687B61AD
:1034B0007B690E333B61BB8E1846F6F71FFE034651
:1034C0001A463B69DA803B69083306223968184698
:1034D0000BF07AF83B6912330622F96A18460BF0B2
:1034E00073F87B690622796818460BF06DF87B69E2
:1034F00006330622B96818460BF066F83B690E33AE
:10350000BA6A12681A603B6918333A6B12681A601B
:103510003B6900221A70002242F001025A703B6996
:10352000002242F008029A700022DA703B690622FB
:103530001A713B6904225A717B69002242F0080229
:103540001A73002242F006025A73FB689B69B9693C
:10355000F86898470346FB77B869FAF751FD0023EE
:10356000BB6197F91F3018462037BD4680BD00006B
:1035700080B586B004AF786039607B6803F12701BD
:103580007B6803F127007B680433012203923A68C9
:103590000292064A019200930346054A7868FFF7B3
:1035A0006FFF034618460837BD4680BD6C150208FC
:1035B0006415020880B586B000AF786039600E23CC
:1035C000FB827B685B890E2B61D97B685B683B6102
:1035D0003B691A7B5B7B1B021343FB813B691B78B6
:1035E00003F00103002B23D03B691B78012B0FD183
:1035F0003B695B78002B1BD13B699B785E2B17D115
:103600007B685B7B43F01003DAB27B685A730FE090
:103610003B690622254918460AF080FE0346002B26
:1036200006D17B685B7B43F00803DAB27B685A7390
:10363000FB89082B03D0B3F5C16F17D02EE03B6890
:1036400093F82D3003F02003002B22D0FB8A5B423D
:103650009BB21BB219467868FAF763FC0346002B4D
:1036600019D139687868F8F7C3FE0EE03B6893F823
:103670002D3003F02003002B0FD03B6827337A68EE
:1036800019463868FFF726FC00BF00230AE000BF98
:1036900004E000BF02E000BF00E000BF7868FAF776
:1036A000AFFC002318461837BD4680BD64150208DC
:1036B00080B584B000AF78607B68062283F826204E
:1036C0002A4B1A787B6883F82720284B5A787B6826
:1036D00083F82820254B9A787B6883F82920234B90
:1036E000DA787B6883F82A20204B1A797B6883F884
:1036F0002B201E4B5A797B6883F82C207B6840F284
:10370000DC529A847B68322283F82D207B68273331
:1037100019460020EEF7A6FC154B1B68154A1168E8
:1037200005221846EEF728FD134B1B68134A116853
:1037300005221846EEF7CCFC0023FB600CE00C4B96
:103740001A68FB685B0113444FF440011846EEF71A
:103750005BFDFB680133FB60FB68042BEFDDEEF7DC
:1037600033FC002318461037BD4680BD0C64002092
:1037700080560020885600207C5600208456002069
:1037800080B586B000AF7860396000233B61F3F705
:103790002FFE0346FB603B687B6112E03B69FA68E1
:1037A000D0187B6959687B695B891A460AF00CFF5F
:1037B0007B695B891A463B6913443B617B691B68E3
:1037C0007B617B69002BE9D13B699BB21846F3F71B
:1037D000C7FD0346FB72FB7A002B02D14FF0FF338B
:1037E00000E0002318461837BD4680BD80B58AB07A
:1037F00000AF786000233B620023FB6107F1080300
:103800001846F3F73FFDBB687B83FB687B617B8BCE
:10381000032219460320FAF7CDF9F861FB69002B62
:1038200018D0FB697B6212E07B6A58683B6A7A6950
:10383000D1187B6A5B891A460AF0C6FE7B6A5B89EF
:103840001A463B6A13443B627B6A1B687B627B6A55
:10385000002BE9D13B694FF000421A600C4B03F595
:1038600080535B6903F08003002B0BD0084B03F5FA
:1038700080531A4680235361054B03F580531A4643
:1038800000239360FB6918462837BD4680BD00BF02
:103890000080024080B584B000AF78607868FFF7A0
:1038A000A5FFF860FB68002B02D14FF0FF3311E059
:1038B0007B681B697968F86898470346FB7297F93B
:1038C0000B30002B04D0F868FAF79AFB0023FB605A
:1038D00097F90B3018461037BD4680BD80B582B0D1
:1038E00000AF78607B68652283F82E207B686E22AB
:1038F00083F82F207B68064A5A617B68054A9A61E3
:103900007868FFF7D5FE002318460837BD4680BD0E
:10391000D53001088137010880B582B000AFF9F7D2
:1039200065FF78607968002004F062FE03460E4A65
:10393000136047F61C533B603968002004F058FEC2
:1039400003460A4A1360084B1B68002B03D0074B41
:103950001B68002B03D100F00BF8012300E00023CB
:1039600018460837BD4680BDD0620020986200200E
:1039700080B500AF064B1B681946002004F01AFE04
:10398000044B1B681946002004F014FE00BF80BDE4
:10399000D06200209862002080B485B000AF7860CB
:1039A000294B1B68FB607B68C0229A717B68A82248
:1039B000DA717B681F221A727B68AD225A727B68AB
:1039C00002221A707B6800225A707B6800229A706B
:1039D000FB681B0CDAB27B68DA70FB681B0ADAB290
:1039E0007B681A71FB68DAB27B685A717B68C02207
:1039F0009A727B68A822DA727B681F221A737B682E
:103A000001225A737B68FF229A737B68FF22DA7364
:103A10007B68FF221A747B6800225A747B68C0227C
:103A20009A747B68A822DA747B681F221A757B68F7
:103A3000A2225A757B6800229A7500BF1437BD46D2
:103A40005DF8047B704700BF107AFF1F80B588B017
:103A500004AF264B1B78012B11D0F3F7D5FC03469E
:103A6000002B01D001233DE0FFF756FF0346002B5A
:103A700001D0012336E01D4B01221A7000E000BF87
:103A8000F3F7E6FA0346002B01D002232AE0F8F709
:103A900047FA1748FFF780FF0023BB6000237B60D5
:103AA00000233B603B463A1D07F108011148029094
:103AB00011480190002000901048F9F741FFF8608C
:103AC0000B4B00229A750D48F6F7EAFDFB68002BB8
:103AD00001D1032306E00948FAF70EF80748FAF780
:103AE0001BF8002318461037BD4680BDEC66002049
:103AF0000C640020B5350108DD380108246400207D
:103B000080B500AF0248FFF7C5FE00BF80BD00BF13
:103B10002464002080B500AF234B1A68234B1B6838
:103B2000D31AF92B05D9204B1B68204A1360FAF7EA
:103B3000C9FC1D4B1A681E4B1B68D31A41F2873211
:103B4000934205D9184B1B68194A1360FEF770FFA2
:103B5000154B1A68174B1B68D31AB3F5FA7F11D3AC
:103B6000114B1B68134A1360F6F754FC124B9B7DF4
:103B7000DBB2022B06D0104B9B7DDBB2FF2B01D0BA
:103B800000F058F8084B1A680C4B1B68D31A4EF615
:103B90005F22934205D9044B1B68084A1360F6F76D
:103BA00009FC00BF80BD00BF606400205864002095
:103BB0005C640020646400200C64002068640020C1
:103BC00080B500AF044B1B680A33034A1360FFF74C
:103BD000A1FF00BF80BD00BF6064002080B500AFC2
:103BE0000948F9F7C5FF0848F7F75EF9074B0022C7
:103BF0009A75054B00225A60034B00229A60024BD3
:103C00000022DA6000BF80BD246400200C64002024
:103C100080B500AF0548F9F77FFF054B00229A7584
:103C20000248F6F73DFD00BF80BD00BF24640020C0
:103C30000C640020B0B588B004AF584B9B7DDBB25C
:103C4000002B02D0012B0BD052E15548F6F728FD8E
:103C5000524B01229A75534953480AF06FF947E1D4
:103C60004F4B5B68FB604E4B9B68BB604C4BDB680B
:103C70007B60FB68002B00F0A980484B02229A75FC
:103C8000464B1B781C46454B5B781D46434B9B7847
:103C90001A46424BDB781946404B1B7918463F4B7E
:103CA0005B7903930290019100922B4622463F4993
:103CB0003F480AF043F9FB681B0EDAB2374B5A73E0
:103CC000FB681B0CDAB2354B1A73FB681B0ADAB2BD
:103CD000324BDA72FB68DAB2304B9A722F4B9B7A16
:103CE00019462E4BDB7A18462C4B1B7B1A462B4B66
:103CF0005B7B0193009203460A462E492E480AF048
:103D00001DF9BB681B0EDAB2244B5A74BB681B0C3E
:103D1000DAB2224B1A74BB681B0ADAB21F4BDA7391
:103D2000BB68DAB21D4B9A731C4B9B7B19461B4B2D
:103D3000DB7B1846194B1B7C1A46184B5B7C0193A6
:103D4000009203460A461D491D480AF0F7F87B68B1
:103D50001B0EDAB2114B5A757B681B0CDAB20F4B93
:103D60001A757B681B0ADAB20C4BDA747B68DAB21C
:103D70000A4B9A74094B9B7C1946084BDB7C18460E
:103D8000064B1B7D1A46054B5B7D01930092034653
:103D90000A460C490C480AF0D1F8A8E00C6400204F
:103DA000246400202C0B02086C640020540B0208D1
:103DB000EC6400208C0B02086C650020BC0B020830
:103DC000EC650020EC0B02086C6600204A4B1B6A75
:103DD0005B7BC82B40F28B80484BFF229A75474B88
:103DE0005B7B1A06454B1B7B1B041A43434BDB7A58
:103DF0001B021343414A927A13433F4A53603F4B9D
:103E00005B7C1A063D4B1B7C1B041A433B4BDB7B44
:103E10001B021343394A927B1343374A9360374B53
:103E20005B7D1A06354B1B7D1B041A43334BDB7C31
:103E30001B021343314A927C13432F4AD36030490B
:103E400030480AF07BF82D4B1B781C462B4B5B78D7
:103E50001D462A4B9B781A46284BDB781946274B80
:103E60001B791846254B5B790393029001910092D0
:103E70002B462246244925480AF060F81F4B9B7ABE
:103E800019461E4BDB7A18461C4B1B7B1A461B4BF4
:103E90005B7B0193009203460A461D491D480AF0C8
:103EA0004DF8164B9B7B1946144BDB7B1846134B86
:103EB0001B7C1A46114B5B7C0193009203460A4619
:103EC000154916480AF03AF80C4B9B7C19460B4BE7
:103ED000DB7C1846094B1B7D1A46084B5B7D019322
:103EE000009203460A460E490E480AF027F800BF22
:103EF00000BF1037BD46B0BD246400200C64002014
:103F00001C0C02086C640020540B0208EC640020B6
:103F10003C0C02086C6500206C0C0208EC6500206B
:103F20009C0C02086C66002080B582B000AF114B7B
:103F30001B687B6007E07B68DB683B607868FAF7AA
:103F400079FC3B687B607B68002BF4D10A4B1B68D3
:103F50007B6007E07B68DB683B607868FAF76AFCA7
:103F60003B687B607B68002BF4D100BF00BF083743
:103F7000BD4680BDF0620020F462002080B582B0B2
:103F800000AF78607868ECF7CBFE03461846083738
:103F9000BD4680BD80B487B000AF78607B680021EB
:103FA0000A461A800A469A707B68043300221A6017
:103FB0005A609A607B683B613B697B613B69033374
:103FC000FB6007E07B69BB60BB6800221A707B69FD
:103FD00001337B617A69FB689A42F3D17B681846AA
:103FE0001C37BD465DF8047B704780B483B000AFDA
:103FF00078607B6818460C37BD465DF8047B7047D7
:1040000090B583B000AF7860054C064B9C4204D05D
:10401000183C204607F0FAFEF7E70C37BD4690BD86
:1040200038670020F066002090B583B000AF78605C
:10403000054C064B9C4204D0183C204607F0E6FE97
:10404000F7E70C37BD4690BD806700203867002039
:10405000B0B500AF124B02241D4604E0284607F01D
:10406000AFFE013C1835002CF8DA0E4A0E4900204C
:1040700006F0E1FC0D4B02241D4604E0284607F043
:104080009FFE013C1835002CF8DA064A084900204A
:1040900006F0D1FC0748FFF77DFF00BFB0BD00BFB1
:1040A000F066002000000020014001083867002071
:1040B000294001088067002080B500AFFFF7C8FFE6
:1040C00080BD000080B582B000AF0346FB80164B78
:1040D0001B68002B02D0144B1B6820E0134B1B689D
:1040E000BFF35B8F03F00103002B0CBF0123002300
:1040F000DBB2002B12D00D4807F055F90346002B18
:1041000014BF01230023DBB2002B07D0FB88194624
:10411000074800F00FF8054807F054F9044B18461B
:104120000837BD4680BD00BF90670020CC730020DB
:104130009467002080B582B000AF78600B467B802A
:104140007B6800225A607B6808334FF44362002189
:1041500018460AF00CF9094A7B6813607B687A8874
:104160001A807B6808334FF44362002118460AF036
:10417000FEF87B6818460837BD4680BD9067002072
:1041800080B584B000AF78607B685B68002B01D09D
:10419000012333E0FBF72AF90346FB60FB68002BA1
:1041A00001D100232AE07B681B881A461549F8686C
:1041B000FAF74CFB0346002B14BF01230023DBB2AC
:1041C000002B04D0F868FAF735FB002316E0FF2136
:1041D000F868FAF7BBFB02467B685A607B685B684D
:1041E000002B04D1F868FAF725FB002306E07B6872
:1041F0005B6805491846FBF73AF901231846103762
:10420000BD4680BD0C150208C542010880B586B0C8
:1042100000AF78607B6808333B613B697B613B6939
:1042200003F54363FB601AE07B69BB60BB681B78E6
:1042300083F00103DBB2002B0DD04FF4826200212A
:10424000B8680AF094F8BB6801221A70BB680122B2
:104250005A70BB6808E07B6903F582637B617A6909
:10426000FB689A42E0D1002318461837BD4680BD4E
:1042700080B582B000AF786039603B68002B1DD0FC
:104280003B689B68002B07D03B689B681846F9F792
:10429000B7FE3B6800229A603B6800225A603B6888
:1042A00000221A703B6800225A703B68002283F893
:1042B0000E243B680022A3F80C2400E000BF08375E
:1042C000BD4680BD80B586B000AFF860B9601346CA
:1042D000FB7141F28830FFF7F5FE03467B61786998
:1042E000FFF794FF38613B69002B05D1B868FAF7F6
:1042F000A1FA6FF0090318E03B69BA685A6039699E
:10430000B868FBF77BF80B49B868FBF785F80A49F2
:10431000B868FBF79DF802220849B868FBF7B5F8C2
:104320000749B868FBF786F8002318461837BD46DA
:1043300080BD00BF454301087B440108A544010836
:104340000F45010880B588B000AFF860B9607A60A9
:10435000FB70FB687B617B69002B08D17B68002BBD
:1043600002D07868F9F74CFE6FF0050381E07B68B6
:10437000002B12D17B6902225A707B699B68002B4B
:1043800009D141F28830FFF79DFE03467A69B9688A
:10439000184600F04AF900236BE097F90330002B30
:1043A00005D07868F9F72CFE97F9033061E07B6956
:1043B00093F80E34002B0AD07B681B891946B86825
:1043C000FAF78CFB7868F9F71BFE002351E0002315
:1043D000FB837B68BB611BE0BB695B891A46FB8B77
:1043E000C3F580639342A8BF13467B82FB8B0833DF
:1043F0007A691344181DBB695B687A8A19460AF00A
:10440000E3F8FA8B7B8A1344FB83BB691B68BB61AF
:10441000BB69002B03D0FB8BB3F5806FDCD37B69CA
:10442000FA8BA3F80C247B69B3F80C34B3F5806FD6
:104430000DD27B69B3F80C345A1C91B27A69A2F898
:104440000C141A467B69134400221A7303E07B693B
:10445000002283F80B247B69012283F80E247B68F9
:104460001B891946B868FAF739FB7868F9F7C8FD6F
:10447000002318462037BD4680BD80B584B000AF0C
:1044800078600B46FB707B68FB6041F28830FFF779
:1044900019FE0346F9681846FFF7EAFE00BF103719
:1044A000BD4680BD80B584B000AF786039607B6860
:1044B000FB60FB68002B05D13868FAF7BBF96FF099
:1044C000090320E0FB689B68002B09D041F288308B
:1044D000FFF7F8FD0346FA683968184600F06CF8F3
:1044E000FB685B78022B0DD1FB689B68002B09D120
:1044F00041F28830FFF7E6FD0346FA68396818464E
:1045000000F093F8002318461037BD4680BD80B5F3
:1045100086B000AFF860B9601346FB80FB687B6132
:104520007B69002B0DD07B699B68002B09D041F281
:104530008830FFF7C7FD03467A69B968184600F06E
:104540003BF8002318461837BD4680BD80B586B0BD
:1045500000AFF860B9607A607B80BB68002B25D023
:104560007B68002B22D07B88002B1FD07B88032206
:1045700019460020F9F71EFB03467B617B69002B7F
:1045800016D07B881A4679687869F9F7E8FEBB6827
:104590009B68002B03D1BB687A699A6009E0BB680D
:1045A0009B6879691846F9F7B1FD02E000BF00E0A9
:1045B00000BF1837BD4680BD80B586B000AFF8603B
:1045C000B9607A6026E07B689B687B617B695A8969
:1045D000BB68B3F866309A4221D87B6959687B6919
:1045E0005A890123B868FCF77AFE0346002B14BFF2
:1045F00001230023DBB2002B13D17B691A687B688F
:104600009A607B6900221A607869F9F7F9FCB8684A
:10461000FDF794F97B689B68002BD4D102E000BFC2
:1046200000E000BF1837BD4680BD80B584B000AF44
:10463000F860B9607A600021B868FAF7DFFE0021FF
:10464000B868FAF7E9FE0021B868FAF7F3FE00212E
:10465000B868FAF7FDFE00220021B868FAF715FFE6
:10466000B868FAF76FF80346002B14BF0123002344
:10467000DBB2002B02D0B868FAF7DCF87968F8688A
:10468000FFF7F6FD00BF1037BD4680BD80B485B092
:1046900000AF78600B46FB70FB78022B01D900233A
:1046A00015E0FA7813469B0113441B0108337A681E
:1046B0001344FB60FB681B78002B06D0FB6893F863
:1046C0000E34002B01D0012300E0002300BF184668
:1046D0001437BD465DF8047B704780B586B000AFE7
:1046E000F8607A601A460B46FB7213463B81FB7AF0
:1046F000022B01D9002323E0FA7A13469B011344CD
:104700001B010833FA6813447B617B691B7883F0D3
:104710000103DBB2002B03D17B695B78012B01D055
:1047200000230DE03B897A687969F868FFF70EFF8E
:104730007B695B687A691946F868FFF73DFF0123DA
:1047400018461837BD4680BD90B585B000AFF860FB
:104750000B467A60FB72786807F027FD044678689C
:1047600007F060FB03469BB2F97A2246F868FFF730
:10477000B4FF034618461437BD4690BD80B485B0DB
:1047800000AF78600B46FB70FB78022B01D9002349
:1047900018E0FA7813469B0113441B0108337A682A
:1047A0001344FB60FB681B78002B09D0FB685B7827
:1047B000012B05D1FB685B68002B01D0012300E0D1
:1047C000002300BF18461437BD465DF8047B7047D0
:1047D00080B592B000AFF860B9601346FB71FB7909
:1047E000022B0FD907F12C033B6407F12C031A4667
:1047F0003A49F86807F018FD07F12C031846FFF74F
:10480000F4FB66E0FA7913469B0113441B0108335D
:10481000BA6813447B647B6C1B7883F00103DBB2C2
:10482000002B07D17B6C93F80E3483F00103DBB2CD
:10483000002B0FD007F13003FB6307F130031A465A
:104840002649F86807F0F0FC07F130031846FFF737
:10485000CCFB3EE07B6C03F10C017B6CB3F80C34B9
:10486000013B1A4607F13403BB6307F1340307F138
:10487000140007F0C5FC07F134031846FFF7B5FB39
:104880007B6C0022A3F80C247B6C002283F80E249E
:1048900007F114031946F86807F099FA07F11403B1
:1048A000184607F0B3FA14E007F12C031846FFF797
:1048B0009CFB06F0DBF907F130031846FFF795FB88
:1048C00006F0D4F907F134031846FFF78EFB06F023
:1048D000CDF9F8684837BD4680BD00BFCC0C020852
:1048E00080B584B000AF78600B46FB70FB78022B7C
:1048F00001D9002355E0FA7813469B0113441B01AC
:1049000008337A681344FB60FB681B7883F001036B
:10491000DBB2002B03D1FB685B68002B01D10023C5
:104920003FE0FB685B6800211846FAF767FDFB680B
:104930005B6800211846FAF76FFDFB685B68002191
:104940001846FAF777FDFB685B6800211846FAF70E
:104950007FFDFB685B68002200211846FAF795FD91
:10496000FB689B68002B07D0FB689B681846F9F72B
:1049700047FBFB6800229A60FB685B681846F9F702
:10498000E1FE0346FB7297F90B30002B04D0FB6865
:104990005B681846F9F74EFFF9687868FFF768FC1E
:1049A000012318461037BD4680BD80B584B000AFE6
:1049B00078600023FB7312E0FA7B796813469B0151
:1049C00013441B010B4408331B78002B04D0FB7BE2
:1049D00019467868FFF784FFFB7B0133FB73FB7B91
:1049E000022BE9D900BF00BF1037BD4680BD80B59E
:1049F00084B000AF78607868FFF7D7FF7B685B68AA
:104A0000002B01D1012313E07B685B681846F9F79E
:104A100099FE0346FB7397F90F30002B04D07B6897
:104A20005B681846F9F706FF7B6800225A6001238D
:104A300018461037BD4680BD80B584B000AFF86021
:104A4000B9607A607B68002B01D1002306E07A68A8
:104A5000B968F86809F062FC034600BF18461037D1
:104A6000BD4680BD80B483B000AF78607B68002213
:104A70001A707B6800225A7000BF0C37BD465DF883
:104A8000047B704790B583B000AF0346FB80174BA3
:104A90001B68BFF35B8F03F00103002B0CBF0123E6
:104AA0000023DBB2002B13D0104806F07CFC034639
:104AB000002B14BF01230023DBB2002B08D00024FD
:104AC000FB8819460A4800F015F8084806F07AFCF9
:104AD000074B06E0002C02D1044806F070FC06F0FB
:104AE000C5F818460C37BD4690BD00BF18800020A1
:104AF000D073002080B58AB000AF78600B467B8011
:104B00007B6804337A8811461846FFF713FB1A4A6C
:104B10007B681A607B6803F63C43FB61FB697B6240
:104B2000FB690633BB6107E07B6ABB60B868FFF7CF
:104B300099FF7B6A02337B627A6ABB699A42F3D13E
:104B40007B6803F642437B617B693B627B6903338D
:104B50003B6107E03B6AFB60FB6800221A703B6A1E
:104B600001333B623A6A3B699A42F3D17B6818464B
:104B70002837BD4680BD00BF7C15020880B582B0D5
:104B800000AF78600B46FB70FB78022B09D8FB78EE
:104B900003F21C635B007A68134404331846FFF782
:104BA00061FF00BF0837BD4680BD000090B58FB0E3
:104BB00000AFF8607A603B600B46FB7207F11803A8
:104BC0007968184607F0F3FA04E007F1180318466D
:104BD00007F0DAF907F11803184607F088F90346D9
:104BE00083F00103DBB2002B13D007F11803184642
:104BF00007F087F903461B780D2B08D007F118033F
:104C0000184607F07EF903461B780A2B01D10123D1
:104C100000E00023002BD8D107F118037B63786BE9
:104C200007F0FAF803467B61786B07F0F7F8034664
:104C30003B6118E007F11403184600F061F938638E
:104C40003B6B1B78602B09D93B6B1B787A2B05D803
:104C50003B6B1B78203BDAB23B6B1A7007F11403F5
:104C6000184600F03DF907F1100207F11403114650
:104C7000184600F01DF90346002BDBD107F118039D
:104C80003749184600F048F90346002B08D107F1D0
:104C900018033449184600F03FF90346002B01D0B1
:104CA000012300E00023002B0DD0FB7AFA6803F209
:104CB0001C635B00134400221A712B49386807F00B
:104CC0006EFA00243AE007F118032849184600F06C
:104CD00023F90346002B11D0FB7AFA6803F21C6318
:104CE0005B0013441B79012B01D1214B00E0214BC8
:104CF0001946386807F053FA00241FE007F118033B
:104D00001D49184600F008F90346002B11D0FB7A24
:104D1000FA6803F21C635B0013445B79002B01D03B
:104D2000164B00E0164B1946386807F038FA002495
:104D300004E01449386807F032FA012407F1180337
:104D4000184607F063F8012C06E007F1180318462F
:104D500007F05CF805F08AFF3C37BD4690BD00BF08
:104D6000F00C0208F80C0208FC0C02080C0D0208FA
:104D7000140D02081C0D0208280D0208300D02084F
:104D80003C0D0208480D020880B584B000AF786081
:104D90000023FB60786807F045F8B86002E0FB6824
:104DA0000133FB60FA68BB689A4221D2F9687868DF
:104DB00007F0A2F803461B78202B17D0F968786813
:104DC00007F09AF803461B780D2B0FD0F968786826
:104DD00007F092F803461B780A2B07D0F968786829
:104DE00007F08AF803461B78092B01D1012300E064
:104DF0000023002BD3D102E0BB68013BBB60BA6843
:104E0000FB689A4229D9BB68013B1946786807F0CC
:104E100073F803461B78202B1DD0BB68013B194655
:104E2000786807F069F803461B780D2B13D0BB6830
:104E3000013B1946786807F05FF803461B780A2B98
:104E400009D0BB68013B1946786807F055F803465E
:104E50001B78092B01D1012300E00023002BCBD1CB
:104E6000BA68FB68D31A032B1DD1F968786807F07C
:104E700043F803461B782B2B15D1FB6801331946E9
:104E8000786807F039F803461B782B2B0BD1FB68A9
:104E900002331946786807F02FF803461B782B2B4E
:104EA00001D1012300E0002318461037BD4680BD24
:104EB00090B583B000AF78603960786800F052F840
:104EC00003461C68386800F04DF803461B689C4296
:104ED00014BF01230023DBB218460C37BD4690BD3A
:104EE00080B483B000AF78607B681B685A1C7B6815
:104EF0001A607B6818460C37BD465DF8047B704726
:104F000080B483B000AF78607B681B6818460C37AC
:104F1000BD465DF8047B704790B583B000AF786004
:104F20003960786806F07EFF04463868FFF726F897
:104F300003469C4211D1786807F037F90446786837
:104F400006F070FF03461A4639682046FFF774FDE5
:104F50000346002B01D1012300E0002318460C3743
:104F6000BD4690BD80B483B000AF78607B681846C2
:104F70000C37BD465DF8047B7047000080B500AF7C
:104F8000044806F01DFF044A0449024805F053FD99
:104F900000BF80BD1C800020000000200DBE010865
:104FA00080B500AFFFF7EAFF80BD80B485B000AFE9
:104FB000F860B9601346FB71012318461437BD46EB
:104FC0005DF8047B704780B586B000AFF860B960CB
:104FD0007A607B800023FB8210E0FB681B680C3347
:104FE0001B68F98ABA688818FA8A79680A441278BC
:104FF0000146F8689847FB8A0133FB82FA8A7B886E
:105000009A42EAD37B8818461837BD4680BD80B4E3
:1050100083B000AF78603960002318460C37BD4676
:105020005DF8047B704780B584B000AFF860B9606C
:105030007A60FB681B6814331B68B968F868984786
:1050400003461A467B681A7000BF1037BD4680BD04
:1050500090B587B000AFF860B9607A607B800023BC
:10506000FB8211E0FB681B6814331B68F98ABA687D
:105070008818FA8A79688C180146F86898470346B8
:105080002370FB8A0133FB82FA8A7B889A42E9D338
:1050900000BF00BF1C37BD4690BD80B483B000AFD9
:1050A00078607B6801221A73012318460C37BD46CD
:1050B0005DF8047B704780B582B000AF78607B6894
:1050C0001B7B83F00103DBB2002B06D07B681B68DF
:1050D0001B6878689847034600E0012318460837A4
:1050E000BD4680BD80B483B000AF78600023184611
:1050F0000C37BD465DF8047B704780B483B000AFC9
:105100007860012318460C37BD465DF8047B704774
:1051100080B483B000AF786039607B683A681A6108
:1051200000BF0C37BD465DF8047B704780B483B088
:1051300000AF786039607B683A685A6100BF0C370D
:10514000BD465DF8047B704790B585B000AFF86050
:10515000B9607A603B60FB681B6810331C683B6871
:105160009BB27A68B968F868A047012318461437DB
:10517000BD4690BD90B585B000AFF860B9607A606B
:105180003B60FB681B681C331C683B689BB27A68F9
:10519000B968F868A047012318461437BD4690BD8A
:1051A00080B582B000AF7860064A7B681A607B6881
:1051B0006C331846F2F796FA7B6818460837BD46F6
:1051C00080BD00BFD814020880B483B000AF7860FF
:1051D00039607B683A681A607B6818460C37BD46B0
:1051E0005DF8047B704780B582B000AF78607B6863
:1051F0001B68002B04D07B681B68184606F066FD10
:105200007B6818460837BD4680BD80B58CB000AFBE
:10521000F860B9607A603B70BB687B617B68FB6259
:105220007B6900BFBB62FB6A7B627A6ABB6AD31A86
:1052300000BFFB61FB690F2B11D907F11C03002292
:105240001946F86806F024FD03461946F86806F08A
:105250000EFDFB691946F86806F00DFD02E0FB68DB
:105260003B6200BF07F11803F9681846FFF7ACFF6F
:10527000F86806F0FEFC03467A68B968184606F03E
:1052800080FD0023BB61FB691946F86806F0F5FC58
:1052900007F118031846FFF7A6FF06E007F1180309
:1052A0001846FFF7A0FF05F0E1FC3037BD4680BD92
:1052B00080B582B000AF78607B6804331846F1F7A0
:1052C0002EFD084A7B681A607B6800221A737B688F
:1052D00000221A617B6800225A617B6818460837F1
:1052E000BD4680BDC815020880B584B000AFF86027
:1052F000B9601346FB80FB681846FFF7D9FF0A4ADE
:10530000FB681A60FB6800221A83FB680022DA61DE
:10531000FB68BA68DA61FB68FA881A83FB6818468A
:105320001037BD4680BD00BF2016020880B584B08E
:1053300000AF786039600023FB737B68DB69184637
:10534000F1F7F4F87B68DB691846F1F751FD7B68EB
:105350001B8BB3F5006F14D37B68DB69A021184663
:10536000F1F7F5FD7B68DB691846F1F77BFD7B689B
:10537000DA693B681B0ADBB219461046F1F7E7FD14
:105380000CE07B68DA693B681B0ADBB25B00DBB2CE
:10539000603BDBB219461046F1F7D9FD7B68DB694B
:1053A0001846F1F75FFD7B68DB693A68D2B21146B7
:1053B0001846F1F7CCFD7B68DB691846F1F752FD22
:1053C0007B68DB691846F1F713FD7B68DB69A12177
:1053D0001846F1F7BCFD7B68DB691846F1F742FD22
:1053E0007B68DB6900211846F1F7EAFD0346FB7391
:1053F0007B68DB691846F1F718FD7B68DB691846A6
:10540000F1F7B0F80A2002F053FFFB7B1846103783
:10541000BD4680BD80B584B000AFF860B9607A60E9
:10542000FB681B6814331B68B968F8689847034623
:105430001A467B681A7000BF1037BD4680BD90B514
:1054400085B000AFF860B9607A607B8011E0FB68DE
:105450001B6814331A68BB68591CB9607C68611CEE
:1054600079601946F8689047034623707B88013BB2
:105470007B807B88002BEAD100BF00BF1437BD467C
:1054800090BD80B584B000AFF860B9601346FB7181
:10549000FB68DB691846F1F749F8FB68DB691846D9
:1054A000F1F7A6FCFB681B8BB3F5006F14D3FB6808
:1054B000DB69A0211846F1F74AFDFB68DB69184655
:1054C000F1F7D0FCFB68DA69BB681B0ADBB219464E
:1054D0001046F1F73CFD0CE0FB68DA69BB681B0A7B
:1054E000DBB25B00DBB2603BDBB219461046F1F782
:1054F0002EFDFB68DB691846F1F7B4FCFB68DB693D
:10550000BA68D2B211461846F1F721FDFB68DB6993
:105510001846F1F7A7FCFB68DB69FA7911461846D3
:10552000F1F715FDFB68DB691846F1F79BFCFB689A
:10553000DB691846F1F779FCFB68DB691846F1F77F
:1055400011F80A2002F0B4FE012318461037BD46B8
:1055500080BD80B584B000AFF860B9607A607B80B0
:105560000EE0FB681B680C331B687A681278B96818
:10557000F8689847BB680133BB607B6801337B6088
:105580007B885A1E7A80002B14BF01230023DBB2D4
:10559000002BE6D17B8818461037BD4680BD80B50C
:1055A00082B000AF78607B6834331846F2F79AF81F
:1055B0007B6818460837BD4680BD80B582B000AF15
:1055C0007860084611461A460346FB700B46BB70CE
:1055D00013467B707B681846F1F7F6FF7B681C3337
:1055E0001846F1F7F1FF7B6838331846F1F7ECFF06
:1055F0007B6854331846F2F7C1F87B683A7D83F82C
:1056000098207B680022C3F8A0207B681C33B978FF
:1056100001221846F1F7EEFF7B68383379780022D3
:105620001846F1F7E7FF7B68F97800221846F1F792
:10563000E1FF7B685433397C01221846F2F7CFF83A
:105640007B6806E07B6854331846FFF7A8FF05F037
:105650000DFB18460837BD4680BD80B584B000AF4D
:1056600078607B68D3F8A030002B3DD17B6893F83D
:105670009830184605F0BAFE03461A467B68C3F810
:10568000A0207B6893F89830B3F1805F0BD2DB00E9
:10569000184605F0ABFE03461A467B68C3F89C200B
:1056A0000023FB6019E005F08DFB0023BB600EE0DA
:1056B0007B68D3F89C20FB68DB001A44BB68D9B236
:1056C000BB6813440A461A70BB680133BB60BB68F1
:1056D000072BEDDDFB680133FB607B6893F89830A6
:1056E0001A46FB689342E0DB0121786800F030F84D
:1056F000786800F042F800BF1037BD4680BD80B426
:1057000087B000AFF8600B467A60FB72FB6893F8D5
:105710009830FA7A9A4215D20023FB750EE0FB7D91
:105720007A68D118FB68D3F89C20FB7ADB001A4416
:10573000FB7D0978D154FB7D0133FB75FB7D072B85
:10574000EDD900E000BF1C37BD465DF8047B704713
:1057500080B582B000AF78600B46FB707A68FB784A
:10576000002B01D0012300E0002319461046F1F779
:1057700065FF00BF0837BD4680BD80B485B000AF6F
:1057800078600023FB6009E07B68D3F8A020FB6809
:10579000134400221A70FB680133FB607B6893F8A6
:1057A00098301A46FB689342EEDB00BF00BF143707
:1057B000BD465DF8047B704780B588B000AF786067
:1057C0007B68383301211846F1F738FF7B6838339E
:1057D00000211846F1F732FF0023BB774CE000238D
:1057E000FB777B68D3F89C207B6893F89830591E30
:1057F000BB7FCB1ADB0013447B617B69BB617B6998
:1058000008333B6123E0BB691B78FB737B6854332F
:105810001846F2F7EFF90346002B09D0FB7B012273
:1058200002FA03F35AB297F91F3013435BB2FB77C6
:105830007B681C3301211846F1F700FF7B681C339D
:1058400000211846F1F7FAFEBB690133BB61BA6962
:105850003B699A42D7D17B68D3F8A0307A6892F836
:105860009820511EBA7F8A1A1344FA7FD243D2B2CB
:105870001A70BB7F0133BB777B6893F89830BA7F8F
:105880009A42ACD300BF00BF2037BD4680BD80B474
:1058900085B000AF786039600023FB730CE07B6853
:1058A000D3F8A020FB7B1A44FB7B39680B441278A9
:1058B0001A70FB7B0133FB737B6893F89830FA7B9B
:1058C0009A42ECD300BF00BF1437BD465DF8047B9D
:1058D000704780B582B000AF78607B68D3F8A030A5
:1058E000002B05D07B68D3F8A030184605F020F9CE
:1058F0007B68D3F89C30002B05D07B68D3F89C30B4
:10590000184605F015F97B6854331846FFF747FE33
:105910007B6818460837BD4680BD80B582B000AFB1
:105920007860084611461A460346FB700B46BB706A
:1059300013467B707B681846F1F746FE7B681C3384
:105940001846F1F741FE7B6838331846F1F73CFE04
:105950007B6854331846F1F737FE7B68703318467E
:10596000F1F732FE7B683A7E83F88C207B68002258
:10597000C3F894207B68F97800221846F1F73AFEC4
:105980007B681C33B97801221846F1F733FE7B6837
:105990003833797801221846F1F72CFE7B685433AE
:1059A000397C01221846F1F725FE7B687033397D7A
:1059B00000221846F1F71EFE7B6818460837BD46E0
:1059C00080BD80B584B000AF78607B68D3F8943038
:1059D000002B40D17B6893F88C30184605F006FD0B
:1059E00003461A467B68C3F89420786800F039F9BA
:1059F0007B6893F88C30B3F1805F0BD2DB001846E4
:105A000005F0F4FC03461A467B68C3F89020002397
:105A1000FB6019E005F0D6F90023BB600EE07B685F
:105A2000D3F89020FB68DB001A44BB68D9B2BB688E
:105A300013440A461A70BB680133BB60BB68072B6E
:105A4000EDDDFB680133FB607B6893F88C301A4610
:105A5000FB689342E0DB0121786800F031F8012116
:105A6000786800F042F800BF1037BD4680BD80B4B2
:105A700087B000AFF8600B467A60FB72FB6893F862
:105A80008C30FA7A9A4215D20023FB750EE0FB7D2A
:105A90007A68D118FB68D3F89020FB7ADB001A44AF
:105AA000FB7D0978D154FB7D0133FB75FB7D072B12
:105AB000EDD900E000BF1C37BD465DF8047B7047A0
:105AC00080B582B000AF78600B46FB707A68FB78D7
:105AD000002B01D0012300E0002319461046F1F706
:105AE000ADFD00BF0837BD4680BD80B582B000AFB8
:105AF00078600B46FB707B68703301211846F1F724
:105B00009DFD786800F0ADF80A2002F0D1FB7B68BB
:105B1000703300211846F1F791FDFB78002B02D07D
:105B2000786800F004F800BF0837BD4680BD80B536
:105B300088B000AF78600023FB7745E07B68D3F83E
:105B400090207B6893F88C30591EFB7FCB1ADB00CA
:105B500013447B617B69BB617B6908333B612CE04B
:105B6000BB691B78FB737B68D3F894207B6893F840
:105B70008C301946FB7FCB1A013B13441B781A4625
:105B8000FB7B42FA03F3DBB203F00103BB737B68D8
:105B90005433BA7B11461846F1F750FD7B68383311
:105BA00001211846F1F74AFD7B6838330021184679
:105BB000F1F744FDBB690133BB61BA693B699A42A5
:105BC000CED1FB7F0133FB777B6893F88C30FA7F73
:105BD0009A42B3D37B681C3301211846F1F72EFD9E
:105BE0007B681C3300211846F1F728FD00BF2037E1
:105BF000BD4680BD80B584B000AF786039600023B9
:105C0000FB600CE0FB683A681A447B68D3F8941098
:105C1000FB680B4412781A70FB680133FB607B68E9
:105C200093F88C301A46FB689342EBDB7868FFF7F9
:105C30007EFF00BF1037BD4680BD80B582B000AF8B
:105C400078607B68D3F89430002B05D07B68D3F85C
:105C50009430184604F06CFF7B6818460837BD4640
:105C600080BD80B485B000AF78600023FB6009E0A0
:105C70007B68D3F89420FB68134400221A70FB68F9
:105C80000133FB607B6893F88C301A46FB689342C3
:105C9000EEDB00BF00BF1437BD465DF8047B7047E4
:105CA00080B586B002AFF860B96011461A460B465F
:105CB000FB711346BB71FB681846F3F715FB114ADD
:105CC000FB681A60FB687C331846F1F77DFCFB68C3
:105CD000002283F89820B979FA79FB6901933B7E19
:105CE00000930B46B968F86800F00EF8FB6805E011
:105CF000FB681846FFF754FA04F0B8FF184610374F
:105D0000BD4680BD6816020880B586B002AFF86057
:105D1000B96011461A460B46FB711346BB71F86811
:105D2000B979FA79FB6900930B46B968F3F77AFC05
:105D3000FB687C33397E01221846F1F75BFC0221B7
:105D4000F86800F004F800BF1037BD4680BD80B48D
:105D500083B000AF78600B46FB707B68FA7883F8FD
:105D6000982000BF0C37BD465DF8047B704780B5B6
:105D700084B000AFF860B9601346FB80FB687C33E9
:105D800001211846F1F77EFCFB6893F8983018461D
:105D900002F08EFAFB68FA88B9681846F3F71CFF20
:105DA000FB6893F84030002B1DD005E0FB6893F8AA
:105DB0009830184602F07CFAFB689A6BFB68DB6B44
:105DC00019461046ECF7C6FD0346002B14BF01230D
:105DD0000023DBB2002BE9D1FB687C33002118469D
:105DE000F1F750FC0BE0FB6893F89830184602F08E
:105DF0005FFAFB687C3300211846F1F743FC00BFD3
:105E00001037BD4680BD80B584B000AFF860B96082
:105E10001346FB80FB681B681B68FA88B968F86842
:105E2000984700BF1037BD4680BDB0B582B000AF07
:105E3000786039607B681B681C68386806F0B3F9C5
:105E40000546386805F0F0FF03469BB21A4629461E
:105E50007868A04700BF0837BD46B0BD80B584B0A4
:105E600000AFF860B96011461A460B46FB71134645
:105E7000BB80FB681846FFF71BFA1A4AFB681A60DA
:105E8000FB6800221A83FB6800225A83FB68002209
:105E90009A83FB6800221A62FB6824331846F1F7E4
:105EA00093FBFB6800221A64FB68BA889A83FB683C
:105EB000BA681A64FB6804333A7E11461846F0F754
:105EC00023FB44F62061F86800F0DBF9FB6824331B
:105ED000F97900221846F1F78DFBFB681846103758
:105EE000BD4680BDA416020880B582B000AF7860C0
:105EF0007B681B6C002B45D07B6804331846F0F799
:105F000015FB7B681B6C04331846F0F70FFB7B68AE
:105F10004FF400711846FFF7FBF87B68082118461C
:105F2000FFF704F97B68243300211846F1F786FB5C
:105F30007B68186C7B681B6C1B681B687A68928B8B
:105F4000D2B211469847786800F059F9786800F0A5
:105F500077F97B6801221A730A21786800F00DFD39
:105F6000786800F013F803461A467B681A837B684A
:105F70001B6C04331846F0F7F5FA7B6804331846B7
:105F8000F0F7F0FA00BF0837BD4680BD80B584B099
:105F900000AF78600023FB817B6824330121184621
:105FA000F1F74CFB7B681A6C7B681B6C1B68043335
:105FB0001B689021104698477B681A6C7B681B6CA5
:105FC0001B6804331B680021104698477B681A6CD5
:105FD0007B681B6C1B6804331B68002110469847C4
:105FE0007B681A6C7B681B6C1B6804331B68002180
:105FF000104698477B681A6C7B681B6C1B680433DF
:106000001B68FF211046984703461B021AB2B7F9D6
:106010000E3013431BB2FB817B681A6C7B681B6CD0
:106020001B6804331B68FF211046984703461A4635
:10603000FB891343FB817B68243300211846F1F769
:10604000FDFAFB8918461037BD4680BD80B584B087
:1060500000AF78607B68243301211846F1F7EEFA2F
:106060007B681A6C7B681B6C1B6804331B680521FA
:10607000104698477B681A6C7B681B6C1B6804335E
:106080001B68FF21104698470346FB737B68243347
:1060900000211846F1F7D2FAFB7B18461037BD46AF
:1060A00080BD80B582B000AF78607B682433012169
:1060B0001846F1F7C3FA7B681A6C7B681B6C1B6887
:1060C00004331B680621104698477B68243300215F
:1060D0001846F1F7B3FA00BF0837BD4680BD80B55A
:1060E00084B000AF78607B685B8BFB810023BB8151
:1060F0000EE0BB890133BB81BB89B3F57A7F07D33F
:10610000FB89013BFB810023BB81FB89002B0DD068
:106110007868FFF79BFF034603F00103012B0CBFD8
:1061200001230023DBB2002BE3D100E000BF00BF5E
:106130001037BD4680BD80B582B000AF7860396051
:106140007B6804331846F0F7F1F97B681B6C043365
:106150001846F0F7EBF93B681B033B607868FFF7E4
:10616000A0FF7868FFF7BBFF7B6824330121184646
:10617000F1F764FA7B681A6C7B681B6C1B6804334C
:106180001B682021104698477B68186C7B681B6C45
:106190001B6804331B683A68120CD2B21146984748
:1061A0007B68186C7B681B6C1B6804331B683A683F
:1061B000120AD2B2114698477B681A6C7B681B6C36
:1061C0001B6804331B683968C9B2104698477B685E
:1061D000243300211846F1F731FA7868FFF77FFF82
:1061E0007B681B6C04331846F0F7BCF97B680433FA
:1061F0001846F0F7B7F900BF0837BD4680BD80B537
:1062000082B000AF78607B68243301211846F1F733
:1062100015FA7B681A6C7B681B6C1B6804331B685F
:10622000B921104698477B68243300211846F1F7BE
:1062300005FA032001F0FCFF00BF0837BD4680BD12
:1062400080B582B000AF78607B68243301211846A6
:10625000F1F7F4F97B681A6C7B681B6C1B680433DC
:106260001B68AB21104698477B68243300211846F1
:10627000F1F7E4F9032001F0DBFF00BF0837BD466A
:1062800080BD80B483B000AF78600B467B807B68B4
:106290007A885A8300BF0C37BD465DF8047B70478F
:1062A00080B586B000AFF860B9607A607B80F8682E
:1062B000FFF7F7FEFB68243301211846F1F7BEF91A
:1062C000FB681A6CFB681B6C1B6804331B6802219B
:1062D00010469847FB68186CFB681B6C1B680433FE
:1062E0001B68BA68120CD2B211469847FB68186C4A
:1062F000FB681B6C1B6804331B68BA68120AD2B2B5
:1063000011469847FB681A6CFB681B6C1B680433CA
:106310001B68B968C9B2104698470023FB820FE09A
:10632000FB68186CFB681B6C1B6804331B68FA8ADB
:1063300079680A44127811469847FB8A0133FB8238
:10634000FA8A7B889A42EBD3FB68243300211846F3
:10635000F1F774F9F868FFF7C2FE00BF1837BD46C1
:1063600080BD80B586B000AFF860B9607A607B8090
:10637000FB6804331846F0F7D9F8FB681B6C04334C
:106380001846F0F7D3F8BB689BB2DBB29BB2C3F5FB
:106390008073FB827A88FB8A9A4201D87B88FB82D1
:1063A000FB8A7A68B968F868FFF77AFF7A88FB8A0F
:1063B0009A4216D0FB8A7A6813447B60FB8ABA68DB
:1063C0001344BB607A88FB8AD31A7B807B88B3F541
:1063D000807F03D94FF48073FB82E1E77B88FB82E7
:1063E000DEE700BFFB681B6C04331846F0F7BAF811
:1063F000FB6804331846F0F7B5F800BF1837BD4600
:1064000080BD90B5ADF5815D81B000AF07F120048E
:1064100044F8140C07F1200040F8181C07F1200183
:1064200041F81C2C1A4607F1200323F81E2C07F113
:10643000200353F8183C1B0B07F5805202F11C0295
:10644000136007F1200353F8183C9BB2C3F30B030E
:1064500007F5805202F11A02138007F5805303F109
:106460001A031B88C3F5805307F5805202F1180206
:10647000138007F1200333F81E2C07F5805303F136
:1064800018031B889A4208D807F1200333F81E3CF2
:1064900007F5805202F11802138007F1200353F828
:1064A000143C186C07F1200353F8143C1B6C1B6858
:1064B0001B6807F1200252F8142C928BD2B21146BD
:1064C000984707F1200353F8143C1B681C331C68E1
:1064D00007F5805303F11C031B68190307F1200221
:1064E0000C3A07F1200318464FF4805350F8140C6F
:1064F000A047002307F5805202F1160213801CE02A
:1065000007F5805303F11A031A8807F5805303F146
:1065100016031B88134407F12002134413F80C3CA4
:10652000FF2B17D107F5805303F116031B880133A6
:1065300007F5805202F11602138007F5805303F12C
:1065400016031A8807F5805303F118031B889A4233
:10655000D6D300E000BF07F5805303F116031A8875
:1065600007F5805303F118031B889A4256D207F1AE
:10657000200307F5805202F11C02116853F8140C35
:10658000FFF7D9FD002307F5805202F116021380B0
:1065900025E007F5805303F116031B8807F120025D
:1065A00052F81C2C1A4407F5805303F1160319887E
:1065B00007F5805303F11A031B880B44127807F187
:1065C00020010B4403F80C2C07F5805303F116034C
:1065D0001B88013307F5805202F11602138007F57C
:1065E000805303F116031A8807F5805303F118034B
:1065F0001B889A42CDD307F5805303F11C031B6817
:10660000190307F120020C3A07F1200318464FF452
:10661000805350F8140CFFF7A4FE12E007F58053E6
:1066200003F118031B8807F1200207F1200107F18D
:10663000200052F81C2C51F8181C50F8140CFFF7CD
:1066400090FE07F1200333F81E2C07F5805303F169
:1066500018031B889A4256D007F5805303F11C0398
:106660001B68013307F5805202F11C0213600023FE
:1066700007F5805202F11A02138007F5805303F1E7
:1066800018031B8807F12002114607F1200252F877
:106690001C2C134441F81C3C07F5805303F11803EC
:1066A0001B8807F12002114607F1200252F8182C2E
:1066B000134441F8183C07F12003194607F1200361
:1066C00033F81E2C07F5805303F118031B88D31AE7
:1066D00021F81E3C07F1200333F81E3CB3F5805F20
:1066E00007D94FF4805307F5805202F11802138046
:1066F000E7E607F1200333F81E3C07F5805202F16C
:1067000018021380DDE600BF07F1200333F81E3CBA
:10671000184607F581570437BD4690BD90B585B042
:1067200000AFF860B9601346FB71FB681B6810335B
:106730001C68FA1D0123B968F868A047034618468B
:106740001437BD4690BD80B586B000AFF860B96023
:106750007A607B80FB6804331846EFF7E7FEFB683E
:106760001B6C04331846EFF7E1FEFB68243301216C
:106770001846F0F763FFFB681A6CFB681B6C1B681C
:1067800004331B68032110469847FB68186CFB68AC
:106790001B6C1B6804331B68BA68120CD2B211461A
:1067A0009847FB68186CFB681B6C1B6804331B68FC
:1067B000BA68120AD2B211469847FB681A6CFB6895
:1067C0001B6C1B6804331B68B968C9B21046984734
:1067D0000023FB8213E0FB681A6CFB681B6C1B68D0
:1067E00004331B68FF211046984703461946FB8A6D
:1067F0007A681344CAB21A70FB8A0133FB82FA8AA0
:106800007B889A42E7D3FB68243300211846F0F7CF
:1068100015FFFB681B6C04331846EFF7A3FEFB68FB
:1068200004331846EFF79EFE00BF1837BD4680BD03
:1068300090B589B000AFF860B9607A603B60BB6822
:106840005B02BB613B685B027B610023FB6119E07B
:106850007A69FB69D31AB3F5805F28BF4FF4805380
:106860007B82FB681B6810331C68BA69FB69D1180E
:106870007A68FB691A447B8AF868A0477B8AFA69C0
:106880001344FB61FA697B699A42E1D301231846FC
:106890002437BD4690BD90B589B000AFF860B960AF
:1068A0007A603B60BB685B02BB613B685B027B61FB
:1068B0000023FB6119E07A69FB69D31AB3F5805FA5
:1068C00028BF4FF480537B82FB681B681C331C6815
:1068D000BA69FB69D1187A68FB691A447B8AF8683F
:1068E000A0477B8AFA691344FB61FA697B699A4283
:1068F000E1D3012318462437BD4690BD90B585B03D
:1069000000AF786039607B681B681C331C6807F136
:106910000F02012339687868A047FB7B18461437BB
:10692000BD4690BD90B585B000AFF860B9607A60A3
:10693000FB681B681C331C6801237A68B968F86817
:10694000A04700BF1437BD4690BD80B582B000AFF0
:1069500078607868FFF7C8FA012318460837BD4603
:1069600080BD80B483B000AF78607B681B6A184636
:106970000C37BD465DF8047B704780B483B000AF30
:10698000786039603B68DA027B681A6200BF0C37B6
:10699000BD465DF8047B704780B485B000AF786079
:1069A0000B467B8013467B707B88DB089BB21A46C4
:1069B0007B681344FB607B8803F00703012202FA23
:1069C00003F3FB727B78002B07D0FB681A78FB7A05
:1069D0001343DAB2FB681A7008E0FB681A78FB7A96
:1069E000DB43DBB21340DAB2FB681A7000BF143726
:1069F000BD465DF8047B704780B586B000AFF86097
:106A00007B600B467B8113463B813B890733002B20
:106A100000DA0733DB101A460021786807F0A7FC7C
:106A20007B89FB823B89BB8200237B8230E0FB8A2F
:106A3000DB089BB21A46FB6813441B781A46FB8A94
:106A400003F0070342FA03F303F00103002B16D00F
:106A50007B8ADB089BB21A467B68134419787B8AD1
:106A600003F00703012202FA03F3DAB27B8ADB08A0
:106A70009BB218467B6803440A43D2B21A70FB8A61
:106A80000133FB827B8A01337B82BB8A013BBB8261
:106A9000FB8A03F00703002B02D0BB8A002BC6D170
:106AA000BB8A072B56D9BB8ADB083B827B8ADB0873
:106AB0009BB21A467B689818FB8ADB089BB21A4681
:106AC000FB6813443A8A194607F07EFD3B8ADB00D7
:106AD0009AB2FB8A1344FB823B8ADB009AB27B8A20
:106AE00013447B823B8ADB009BB2BA8AD31ABB82F7
:106AF00030E0FB8ADB089BB21A46FB6813441B7824
:106B00001A46FB8A03F0070342FA03F303F001037A
:106B1000002B16D07B8ADB089BB21A467B68134495
:106B200019787B8A03F00703012202FA03F3DAB231
:106B30007B8ADB089BB218467B6803440A43D2B2C7
:106B40001A70FB8A0133FB827B8A01337B82BB8A0A
:106B5000013BBB82BB8A002BCBD100BF00BF1837E3
:106B6000BD4680BD80B58CB000AFF8607B600B4641
:106B70007B8113463B817B89FB853B89BB85002359
:106B80007B8543E07B8DDB089BB21A467B68134410
:106B90001B781A467B8D03F0070342FA03F303F0D8
:106BA0000103002B14BF0123002387F82930FB8D3C
:106BB000DB089BB21A46FB6813447B62FB8D03F033
:106BC0000703012202FA03F387F8233097F82930EC
:106BD000002B08D07B6A1A7897F823301343DAB277
:106BE0007B6A1A7009E07B6A1A7897F82330DB43D6
:106BF000DBB21340DAB27B6A1A70FB8D0133FB857E
:106C00007B8D01337B85BB8D013BBB85FB8D03F009
:106C10000703002B02D0BB8D002BB3D1BB8D072BFC
:106C200064D9BB8DDB083B84FB8DDB089BB21A4625
:106C3000FB6898187B8DDB089BB21A467B6813446F
:106C40003A8C194607F0C0FC3B8CDB009AB2FB8DF6
:106C50001344FB853B8CDB009AB27B8D13447B8510
:106C60003B8CDB009BB2BA8DD31ABB853EE07B8D9B
:106C7000DB089BB21A467B6813441B781A467B8D4F
:106C800003F0070342FA03F303F00103002B14BFE0
:106C900001230023FB77FB8DDB089BB21A46FB68C0
:106CA0001344BB61FB8D03F00703012202FA03F3D7
:106CB000FB75FB7F002B07D0BB691A78FB7D134364
:106CC000DAB2BB691A7008E0BB691A78FB7DDB4356
:106CD000DBB21340DAB2BB691A70FB8D0133FB855E
:106CE0007B8D01337B85BB8D013BBB85BB8D002B31
:106CF000BDD100BF00BF3037BD4680BD80B582B07A
:106D000000AF78607B6800221A607B6800225A60BE
:106D10007B6800229A607B6800229A817B6800224F
:106D2000DA817B6800221A827B68143340220021BA
:106D3000184607F01CFB7B6800221A607B68002263
:106D40005A607B6800229A607B6800221A827B6806
:106D50001A8A7B68DA817B68DA897B689A817B682A
:106D6000002283F854207B6818460837BD4680BD52
:106D700080B485B000AFF860B9601346FB80FB6853
:106D8000BA681A60FB68FA889A8100BF1437BD465A
:106D90005DF8047B704780B485B000AFF860B960DF
:106DA0001346FB80FB68BA685A60FB68FA88DA8190
:106DB00000BF1437BD465DF8047B704780B485B0D2
:106DC00000AFF860B9601346FB80FB68BA689A6050
:106DD000FB68FA881A8200BF1437BD465DF8047B51
:106DE000704780B485B000AFF8607A601A460B46F1
:106DF0007B8113463B81FB6893F85430032B01D908
:106E0000002329E0FB6893F854305A1CD1B2FA6889
:106E100082F85410F9685A1C12010A440432798924
:106E20001180F9685A1C12010A440632398911800E
:106E3000F9685A1C12010A44083279681160F9682D
:106E40001A010A441C3200211160FA681B01134424
:106E5000203300221A60012318461437BD465DF81E
:106E6000047B704780B485B000AFF8607A603B6007
:106E70000B467B81FB6893F85430032B01D9002328
:106E800029E0FB6893F854305A1CD1B2FA6882F8B2
:106E90005410F9685A1C12010A440432798911808D
:106EA000F9685A1C12010A440632398B1180F968BC
:106EB0005A1C12010A44083200211160F9681A01B3
:106EC0000A441C3279681160FA681B0113442033AC
:106ED0003A681A60012318461437BD465DF8047BF2
:106EE0007047000080B584B000AFF860B9603B60C7
:106EF0001346FB80BB6900221A80BB681B78013BEC
:106F00000F2B5BD801A252F823F000BF4D6F010890
:106F10005B6F0108696F0108776F0108856F0108D1
:106F2000936F0108BD6F0108BD6F0108BD6F0108B7
:106F3000BD6F0108BD6F0108BD6F0108BD6F01087D
:106F4000BD6F0108A16F0108AF6F0108BB693A6806
:106F5000B968F86800F046F838E0BB693A68B96883
:106F6000F86800F0AAF831E0BB693A68B968F868D7
:106F700000F00EF92AE0BB693A68B968F86800F0D9
:106F80009DF923E0BB693A68B968F86800F01CFA1B
:106F90001CE0BB693A68B968F86800F079FA15E056
:106FA000BB693A68B968F86800F0D8FA0EE0BB69C6
:106FB0003A68B968F86800F03CFB07E0BB681878ED
:106FC000BB693A68012100F0C5FB00BFBB691B88A3
:106FD000002B14BF01230023DBB218461037BD4637
:106FE00080BD00BF80B586B000AFF860B9607A6040
:106FF0003B60FB681B68002B06D13B687A68022166
:10700000012000F0A7FB55E0BB6801331B781BB2E1
:107010001B021AB2BB6802331B781BB213431BB2AC
:10702000FB82BB6803331B781BB21B021AB2BB681E
:1070300004331B781BB213431BB2BB82BB8A002BE9
:1070400010D0BB8AB3F5FA6F0CD8FB689A89B98A5D
:10705000FB8A184600F09AFB034683F00103DBB27B
:10706000002B01D0012300E00023002B06D03B6859
:107070007A680321012000F06DFB1BE0BB8A073317
:10708000002B00DA0733DB10FB747B6801221A70D7
:107090007B680133FA7C1A70FB6818687B680233DE
:1070A000BA8AF98AFFF7A8FCFB7C9BB202339AB23A
:1070B0003B681A801837BD4680BD80B586B000AFEA
:1070C000F860B9607A603B60FB685B68002B06D1B2
:1070D0003B687A680221022000F03CFB55E0BB6867
:1070E00001331B781BB21B021AB2BB6802331B7838
:1070F0001BB213431BB2FB82BB6803331B781BB26A
:107100001B021AB2BB6804331B781BB213431BB2B9
:10711000BB82BB8A002B10D0BB8AB3F5FA6F0CD8A8
:10712000FB68DA89B98AFB8A184600F02FFB034610
:1071300083F00103DBB2002B01D0012300E0002328
:10714000002B06D03B687A680321022000F002FB86
:107150001BE0BB8A0733002B00DA0733DB10FB741C
:107160007B6802221A707B680133FA7C1A70FB6814
:1071700058687B680233BA8AF98AFFF73DFCFB7CCA
:107180009BB202339AB23B681A801837BD4680BD65
:1071900090B589B000AFF860B9607A603B60BB68B9
:1071A00001331B781BB21B021AB2BB6802331B7877
:1071B0001BB213431BB2BB83BB6803331B781BB2E8
:1071C0001B021AB2BB6804331B781BB213431BB2F9
:1071D0007B837B8B002B02D07B8B7D2B06D93B687E
:1071E0007A680321032000F0B5FA64E07A8BBB8B48
:1071F0001946F86800F0EDFA78617B69002B06D13A
:107200003B687A680221032000F0A4FA53E07B680F
:1072100003221A707B8BDAB27B6801335200D2B240
:107220001A707B691B88BA8BD31A7B827B695B6877
:10723000002B27D00023FB831FE07B695A68798AE3
:10724000FB8B0B445B0013441B883B823B8A1B0A6D
:107250009AB2FB8B01335B0019467B680B44D2B2B8
:107260001A70FB8B5B0003331A467B6813443A8A1F
:10727000D2B21A70FB8B0133FB83FA8B7B8B9A4261
:10728000DBD311E07B6998687B699B681B681C33C2
:107290001C687B69DB687A8A520099187B689A1CA3
:1072A0007B8B5B009BB2A0477B8B01339BB25B0067
:1072B0009AB23B681A802437BD4690BD80B586B02F
:1072C00000AFF860B9607A603B60FB689B68002B98
:1072D00006D13B687A680221042000F03BFA70E096
:1072E000BB6801331B781BB21B021AB2BB680233A6
:1072F0001B781BB213431BB2BB82BB6803331B78E2
:107300001BB21B021AB2BB6804331B781BB21343B7
:107310001BB27B827B8A002B0FD07B8A7D2B0CD803
:10732000FB681A8A798ABB8A184600F02FFA03464E
:1073300083F00103DBB2002B01D0012300E0002326
:10734000002B06D03B687A680321042000F002FA83
:1073500037E07B6804221A707B8ADAB27B680133DB
:107360005200D2B21A700023FB821FE0FB689A68B9
:10737000B98AFB8A0B445B0013441B883B823B8A1F
:107380001B0A9AB2FB8A01335B0019467B680B44E7
:10739000D2B21A70FB8A5B0003331A467B6813442F
:1073A0003A8AD2B21A70FB8A0133FB82FA8A7B8A4C
:1073B0009A42DBD37B8A01339BB25B009AB23B6873
:1073C0001A801837BD4680BD80B586B000AFF86022
:1073D000B9607A603B60FB681B68002B06D13B6894
:1073E0007A680221052000F0B5F94EE0BB68013350
:1073F0001B781BB21B021AB2BB6802331B781BB28C
:1074000013431BB2FB82BB6803331B781BB21B0206
:107410001AB2BB6804331B781BB213431BB2BB8286
:10742000FB689A89FB8A0121184600F0AFF90346F0
:1074300083F00103DBB2002B06D1BB8AB3F57F4F8B
:1074400004D0BB8A002B01D0012300E00023002BD5
:1074500006D03B687A680321052000F07BF914E030
:10746000FB681868BB8AB3F57F4F0CBF012300236C
:10747000DAB2FB8A1946FFF78FFA0522B9687868F5
:1074800007F0A2F83B6805221A801837BD4680BD78
:1074900090B589B000AFF860B9607A603B60BB68B6
:1074A00001331B781BB21B021AB2BB6802331B7874
:1074B0001BB213431BB2FB83BB6803331B781BB2A5
:1074C0001B021AB2BB6804331B781BB213431BB2F6
:1074D000BB83FB8B01221946F86800F07AF9B8618A
:1074E000BB69002B06D13B687A680221062000F0B8
:1074F00031F930E0BB691B88FA8BD31AFB82BB6978
:107500005B68002B07D0BB695A68FB8A5B00134499
:10751000BA8B1A8017E0BB8B1B0A9BB2DBB23B75A0
:10752000BB8BDBB27B75BB699868BB699B681B68CA
:1075300010331C68BB69DB68FA8A5200991807F19E
:1075400014020223A0470522B968786807F03CF8C6
:107550003B6805221A802437BD4690BD80B586B0B1
:1075600000AFF860B9607A603B60FB681B68002B75
:1075700006D13B687A6802210F2000F0EBF855E055
:10758000BB6801331B781BB21B021AB2BB68023303
:107590001B781BB213431BB2FB82BB6803331B78FF
:1075A0001BB21B021AB2BB6804331B781BB2134315
:1075B0001BB2BB82BB685B79FB74BB8A002B19D002
:1075C000BB8AB3F5F66F15D8FA7CBB8A0733002B5C
:1075D00000DA0733DB109A420CD1FB689A89B98A2A
:1075E000FB8A184600F0D2F8034683F00103DBB2B1
:1075F000002B01D0012300E00023002B06D03B68C4
:107600007A6803210F2000F0A5F80FE0FB681868E6
:10761000BB680633BA8AF98AFFF7A4FA0522B9686B
:10762000786806F0D1FF3B6805221A801837BD46FE
:1076300080BD90B58BB000AFF860B9607A603B60F8
:10764000BB6801331B781BB21B021AB2BB68023342
:107650001B781BB213431BB23B84BB6803331B78FC
:107660001BB21B021AB2BB6804331B781BB2134354
:107670001BB2FB83BB685B797B77FB8B002B07D04E
:10768000FB8B7B2B04D87A7FFB8B5B009A4206D066
:107690003B687A680321102000F05CF857E0FA8B11
:1076A0003B8C1946F86800F094F8B861BB69002B70
:1076B00006D13B687A680221102000F04BF846E0C2
:1076C000BB691B883A8CD31AFB82BB695B68002BB1
:1076D00024D0BB6806337B6200237B8419E07B6A7D
:1076E0001B781BB21B021AB27B6A01331B781BB2D8
:1076F000134318B2BB695A68F98A7B8C0B445B0050
:10770000134482B21A807B6A02337B627B8C013322
:107710007B847A8CFB8B9A42E1D310E0BB6998683A
:10772000BB699B681B6810331C68BB69DB68FA8AFD
:1077300052009918BB689A1D7B7F9BB2A047052217
:10774000B968786806F040FF3B6805221A802C373C
:10775000BD4690BD80B485B000AFBA607B60034683
:10776000FB730B46BB73FB7B63F07F03DAB2BB6832
:107770001A70BB680133BA7B1A707B6802221A80C8
:1077800000BF1437BD465DF8047B704780B483B0FA
:1077900000AF0346FB800B46BB8013467B80BB8853
:1077A000002B01D100230EE0FA887B889A4201D396
:1077B000002308E0FA88BB881A447B889A4201DDDE
:1077C000002300E0012318460C37BD465DF8047B1A
:1077D000704780B485B000AF78600B467B8013465D
:1077E0003B800023FB731BE0FB7B01331B017A68AA
:1077F00013440433BB60BB681B887A889A420CD35D
:107800007A883B881A44BB681B881946BB685B882A
:107810000B449A4201DCBB6809E0FB7B0133FB733C
:107820007B6893F85430FA7B9A42DDD300231846E4
:107830001437BD465DF8047B704780B483B000AF59
:107840000346FB80FB881B0A9BB21AB2B7F90630CD
:107850001B021BB213431BB29BB218460C37BD462A
:107860005DF8047B704780B483B000AF0346FB80B3
:10787000FB881B0A9BB21AB2B7F906301B021BB277
:1078800013431BB29BB218460C37BD465DF8047B10
:10789000704780B58EB002AFF860B9603B601346A8
:1078A000FB80BB6B00221A80FB88072B01D80023CA
:1078B00062E0BB68FB62FB6A5B889BB21846FFF71D
:1078C000BCFF0346002B14BF01230023DBB2002BB7
:1078D00001D0002350E0FB6A9B889BB21846FFF75B
:1078E000ACFF03467B857B8D012B01D8002343E051
:1078F000BB6807337B627B8D013B7B843B6807332E
:10790000FB6100237B82F8687A8C07F112030093F5
:10791000FB69796AFFF7E6FA034683F00103DBB2FD
:10792000002B09D07B6A1B78FB7607F11203F87EE7
:10793000FA690121FFF70EFF3B687B61FB6A1B8838
:107940009AB27B691A807B6900229A700022DA70F1
:10795000FB6A9A797B699A717B8A01339BB21846DC
:10796000FFF781FF03461A467B699A807B8A0733BB
:107970009AB2BB6B1A80012318463037BD4680BDD2
:1079800080B5CCB002AF07F59473A3F58E73186081
:1079900007F59473A3F59073196007F59473A3F535
:1079A00092731A6007F59473A3F59073186804F046
:1079B000FCFBC7F8240107F59473A3F590731868CE
:1079C00004F030FA0346A7F822314FF48273A7F887
:1079D0002031B7F82231B3F5827F08D907F59473C7
:1079E000A3F59273186804F07DFA002339E007F5D7
:1079F0009473A3F5897300221A8007F11801B7F870
:107A0000222107F59473A3F58E7007F116030093F6
:107A10000B46D7F824110068FFF73BFF034687F8B1
:107A20001F3197F81F3183F00103DBB2002B08D020
:107A300007F59473A3F59273186804F053FA0023C2
:107A40000FE007F59473A3F589731B881A4607F1B5
:107A5000180107F59473A3F59273186804F086FB78
:107A60000123184607F59477BD4680BD80B582B0E6
:107A700000AF78600B46FB707B681846F0F7B4FAED
:107A8000134A7B681A607B6800221A737B680022A5
:107A90001A617B6800225A617B6800229A617B68C8
:107AA0000022DA617B6800221A847B6800225A84F3
:107AB0007B6800229A847B680022DA847B68FA78EB
:107AC00083F828207B6818460837BD4680BD00BF74
:107AD000E816020880B582B000AF7860234A7B6860
:107AE0001A607B681B69002B0BD07B6893F82820F9
:107AF0007B681B691946104600F05CFD7B6800221C
:107B00001A617B685B69002B0BD07B6893F8282097
:107B10007B685B691946104600F04CFD7B680022CB
:107B20005A617B689B69002B0BD07B6893F82820F7
:107B30007B689B691946104600F03CFD7B6800227B
:107B40009A617B68DB69002B0BD07B6893F8282057
:107B50007B68DB691946104600F02CFD7B6800222B
:107B6000DA617B6818460837BD4680BDE816020812
:107B700080B582B000AF0346FB71154B1B68BFF3A5
:107B80005B8F03F00103002B0CBF01230023DBB24A
:107B9000002B17D00E4803F006FC0346002B14BF41
:107BA00001230023DBB2002B0CD0FB7919460948D6
:107BB000FFF75CFF084A0949064802F03CFF044809
:107BC00003F000FC034B18460837BD4680BD00BFDC
:107BD000608000203480002000000020D57A010859
:107BE00080B586B000AFF860084611461A460346D5
:107BF0007B810B463B811346FB80FB6893F8293061
:107C0000002B01D000237AE0FB687A891A84FB6894
:107C10003A895A84FB68FA889A84FB683A8CDA8439
:107C20007B890733002B00DA0733DB107B613B894C
:107C30000733002B00DA0733DB103B61FB6893F856
:107C400028307969184600F0D3FC0246FB681A61B7
:107C5000FB6893F828303969184600F0C9FC0246E1
:107C6000FB685A61FB6893F82820FB885B00194683
:107C7000104600F0BDFC0246FB689A61FB6893F871
:107C800028203B8C5B001946104600F0B1FC0246F0
:107C9000FB68DA61FB681B69002B0BD0FB685B6932
:107CA000002B07D0FB689B69002B03D0FB68DB69C6
:107CB000002B01D1002322E0FB681B697A690021B7
:107CC000184606F054FBFB685B693A6900211846C8
:107CD00006F04DFBFB689869FB885B001A460021A3
:107CE00006F045FBFB68D8693B8C5B001A46002117
:107CF00006F03DFBFB68012283F82920012318468A
:107D00001837BD4680BD80B483B000AF78607B6813
:107D10001B6918460C37BD465DF8047B704780B47C
:107D200083B000AF78607B685B6918460C37BD464E
:107D30005DF8047B704780B483B000AF78607B68E7
:107D40009B6918460C37BD465DF8047B704780B4CC
:107D500083B000AF78607B68DB6918460C37BD469E
:107D60005DF8047B704780B483B000AF78607B68B7
:107D70001B8C18460C37BD465DF8047B704780B4F9
:107D800083B000AF78607B685B8C18460C37BD46CB
:107D90005DF8047B704780B483B000AF78607B6887
:107DA0009B8C18460C37BD465DF8047B704780B449
:107DB00083B000AF78607B68DB8C18460C37BD461B
:107DC0005DF8047B704790B587B000AFF860B9608C
:107DD0007A607B681B681B78002B40F08280002350
:107DE000FB7578E07B6804331B681C78FB7DFA68C0
:107DF0009B0013445B681846EFF712FF03469C4252
:107E00000CBF01230023DBB2002B61D0FB7D1033BC
:107E1000BB75FB685B69002B3FD0BB7DFA68528C59
:107E200093423ADABB7DDB087B75BB7D03F0070329
:107E30003B75FB7DFA689B0013445B681846EFF7BF
:107E4000D9FE0346002B13D0FB685A697B7D13448F
:107E50001B785AB23B7D012101FA03F35BB2134355
:107E600059B2FB685A697B7D1344CAB21A7014E098
:107E7000FB685A697B7D13441B785AB23B7D012114
:107E800001FA03F35BB2DB435BB2134059B2FB6808
:107E90005A697B7D1344CAB21A70FB7D0433DBB28E
:107EA0005B00BB75FB689B69002B1CD0BB7D01335D
:107EB000FA68928C934216DAFB689A69BB7D5B0084
:107EC00013443B613B691B685A1C3B691A600AE01A
:107ED000FB7D0133FB75FB681B7BFA7D9A4281D3E6
:107EE00002E000BF00E000BF1C37BD4690BD80B57A
:107EF00082B000AF786039607B681B7B012B2AD889
:107F00007B681B7B7A689B0013443A685A607B68E5
:107F10001B7B7A689B0013445B681846EFF78CFC68
:107F20007B681B7B7A689B0013445B6810211846B2
:107F3000EFF720FD7B681B7B7A689B0013445B682E
:107F40007A6811461846EFF733FE7B681B7B0133D6
:107F5000DAB27B681A7300BF0837BD4680BD0000E7
:107F600080B582B000AF7860054A7B681A607B6894
:107F70001846FDF715F97B6818460837BD4680BDE1
:107F80006816020880B485B000AFF8600846114654
:107F90001A4603467B810B463B811346FB80FB68F8
:107FA0007A891A80FB683A895A80FB68FA889A8035
:107FB000FB683A8BDA80FB68BA8B1A81FB683A8CD3
:107FC0005A81FB6818461437BD465DF8047B70473C
:107FD00080B584B004AF4FF48773029347230193B5
:107FE000EE230093232306224FF44C510A48FFF757
:107FF000C9FF4FF4AA730293472301934FF4997377
:108000000093232306224FF44C510448FFF7BAFF94
:1080100000BFBD4680BD00BF64800020708000208E
:1080200080B500AFFFF7D4FF80BD000080B582B0FF
:1080300000AF786039607B681B680C331B683A6856
:108040000349786898477B6818460837BD4680BD65
:108050005C0D020880B594B000AFF860B9607A603A
:108060003B60FB68304A934205D301214FF4800006
:10807000EAF754FF04E001214FF40010EAF74EFF45
:10808000F868EAF707FB00BFF868EAF74BFC03461D
:10809000002BF9D1BB687B617B68BB613B68FB61EE
:1080A000FB6D3B62B7F858307B620023BB624FF434
:1080B0008063FB6297F86030202B12D0202B17DCF6
:1080C000082B02D0102B05D012E000233B630023C5
:1080D0007B6312E04FF400633B634FF400537B6318
:1080E0000BE04FF480533B634FF480437B6304E029
:1080F00000233B6300237B6300BF0023BB634FF47B
:108100008033FB6300233B6403237B640023BB6455
:108110000023FB6407F114031946F868EAF78EFBA5
:1081200000BF5037BD4680BD0064024080B582B0BC
:1081300000AF786000217868EAF7D8FB00BF786864
:10814000EAF7F0FB0346002BF9D101217868EAF742
:10815000CDFB00BF0837BD4680BD80B588B004AFF9
:10816000F860B9607A603B6097F820300293FB6951
:1081700001933B8B00933B687A68B968F868FFF716
:1081800069FFF868FFF7D2FF00BF1037BD4680BD1A
:1081900080B500AFEAF706FE00BF80BD80B500AF36
:1081A000FFF7F6FF00BF80BD80B500AF00F040FADA
:1081B000EBF778FB00BF80BD80B500AFEDF75AF854
:1081C0000346012B01D0EEF717F900BF80BD000078
:1081D00080B584B000AF0346FB710420E9F72CFCA6
:1081E000104AFB791370FB79FB60FB684FF47A72DD
:1081F00002FB03F3FB600C4B01221A800B4B1B6844
:108200000A4A43F002031360084AFB685360074BB5
:108210001B68064A43F00103136000BF1037BD46D8
:1082200080BD00BF7C8000207E80002010E000E048
:1082300080B489B000AF78600023BB611A4B5B68E3
:108240007B611A4B1B781A467B6802FB03F33B6188
:10825000154B9B68FB61144B9B68FB60FA68FB69DC
:108260009A42F8D0FA68FB699A4206D2FA69FB682A
:10827000D31ABA691344BB6107E07A69FB68D21A62
:10828000FB691344BA691344BB61FB68FB61BA69BB
:108290003B699A4200D2DEE700BF00BF2437BD46EB
:1082A0005DF8047B704700BF10E000E07C80002098
:1082B00080B582B000AF7860ECF7DCFF0346012B9D
:1082C00018D0124B1B881A467B68934208D30F4B79
:1082D0001B881A467B68B3FBF2F31846ECF79CFB4D
:1082E0000A4B1B881A467B68B3FBF2F101FB02F2D2
:1082F0009B1A7B607B684FF47A7202FB03F318468B
:10830000FFF796FF00BF0837BD4680BD7E80002086
:1083100080B487B000AFF8600B467A60FB72FB68F0
:108320007B6104E07B695A1C7A61FA7A1A707B6877
:108330005A1E7A60002BF5D100BF00BF1C37BD4626
:108340005DF8047B7047000080B582B000AF034643
:10835000FB71FB79114A043352F82300FB79104A70
:1083600052F823305B001A460021FFF7D1FFFB795A
:108370000A4A023352F82300FB790A4A52F82330A2
:108380001A460021FFF7C4FFFB79044A1344012277
:108390001A7600BF0837BD4680BD00BF1800002018
:1083A0000C1702081C17020880B485B000AF034602
:1083B000FB710023FB600023BB6010E0FB79144AD3
:1083C000043352F82320BB685B0013441B88002B46
:1083D00002D0FB680133FB60BB680133BB60FB79F3
:1083E0000C4A52F82330BA689A42E7D3FB686422F9
:1083F00003FB02F2FB79074951F82330B2FBF3F398
:10840000DBB218461437BD465DF8047B704700BFE9
:10841000180000200C17020880B586B000AF034694
:108420003960FB710023FB60FB79374A13441B7EE4
:10843000002B04D1344B1B68FA79104698473B68EF
:10844000002B02D14FF0FF3359E0FB792F4A52F84D
:1084500023303A68B2FBF3F33B61FB792B4A52F8C5
:1084600023203B68B3FBF2F101FB02F29B1A002BC5
:1084700002D03B6901333B61FB79254A52F8233036
:10848000013B7B6136E0FB791F4A043352F823201D
:108490007B695B0013441B88002B03D1FB6801330D
:1084A000FB6001E00023FB60FA683B699A421ED141
:1084B0000023BB600FE0FB79134A043352F82320FA
:1084C0007969BB680B445B0013443A6992B21A8025
:1084D000BB680133BB60BA683B699A42EBD3FB7956
:1084E0000A4A52F823307A6902FB03F307E07B69FA
:1084F000013B7B617B69002BC5DA4FF0FF331846E7
:108500001837BD4680BD00BF1800002014170208B0
:108510000C17020880B586B000AF03463960FB71C6
:10852000FB79214A13441B7E002B06D11E4B1B688E
:10853000FA7910469847012331E0FB791B4A52F83B
:1085400023303A689A4229D2FB79194A52F82330EB
:108550003A68B2FBF3F33B61FB79134A043352F8F8
:1085600023203B695B0013441B88FB6000237B6175
:108570000EE0FB790C4A043352F8232079693B69F9
:108580000B445B00134400221A807B6901337B613A
:108590007A69FB689A42ECDB002300E0022318466C
:1085A0001837BD4680BD00BF180000201C17020808
:1085B0001417020880B584B000AF03463960FB7120
:1085C0003B68002B0DD03B68FA790849023251F81C
:1085D00022209B1AFB60FB79F9681846FFF79AFF87
:1085E00000E000BF1037BD4680BD00BF180000206E
:1085F00080B584B000AF03463960FB71FB79396800
:108600001846FFF709FFF860FB68B3F1FF3F01D19F
:10861000002307E0FB79054A023352F823301A465B
:10862000FB68134418461037BD4680BD1800002073
:1086300080B400AF72B600BFBD465DF8047B7047E2
:1086400080B582B000AF78607868FFF731FE00BF78
:108650000837BD4680BD000080B500AF024800F07D
:10866000C5F900BF80BD00BF8090012080B483B0F9
:1086700000AF78607B680122C3F8102300231846FE
:108680000C37BD465DF8047B704780B483B000AF03
:1086900078607B680022C3F81023002318460C374B
:1086A000BD465DF8047B704780B483B000AF78604E
:1086B000002318460C37BD465DF8047B704780B434
:1086C00089B000AFF860B96011461A460B46FB71DD
:1086D0001346BB800023FB76FB68DB78002B22D19E
:1086E00000237B610023FB61BB880333002B00DA8E
:1086F00003339B107B61FB79FA6832339B00134490
:108700009B683B610023FB6109E0BB681A683B6919
:108710001A60FB690133FB61BB680433BB60FA6913
:108720007B699A42F1D3FB7E18462437BD465DF83B
:10873000047B704780B489B000AFF860B96013461D
:10874000FB800023FB61FB880333002B00DA03333B
:108750009B10BB61FB68D3F8D0307B610023FB61C9
:1087600009E07B691A68BB681A60FB690133FB6129
:10877000BB680433BB60FA69BB699A42F1D3BB683A
:1087800018462437BD465DF8047B704780B483B03B
:1087900000AF78607B68DB685B6903F00103184613
:1087A0000C37BD465DF8047B704780B582B000AFE2
:1087B00078607868FFF7EAFF0346012B0CBF0123BE
:1087C0000023DBB218460837BD4680BD80B485B0B3
:1087D00000AF78600023FB607B68DB685B69FB604F
:1087E0007B68DB689B69FA681340FB60FB6818468E
:1087F0001437BD465DF8047B704780B485B000AF88
:1088000078600B46FB707B685B691B68FB60FB78DC
:1088100003F00303DAB23B7B62F301033B737B6833
:108820005B69FA681A6000BF1437BD465DF8047BC7
:10883000704780B485B000AF78607B68D3F8CC30E7
:108840001B68FB603B7B23F004033B733B7B23F003
:1088500002033B733B7B23F008033B733B7B23F01A
:1088600020033B73FB6818461437BD465DF8047B54
:10887000704780B483B000AF78607B685B695B69E8
:1088800018460C37BD465DF8047B704780B584B050
:1088900000AF78607868FFF7CCFF0346FB607B7B16
:1088A00043F001037B737B68D3F8CC30FA681A601D
:1088B0000A20FFF7C5FE7B7B23F001037B737B68F7
:1088C000D3F8CC30FA681A601420FFF7B9FE012300
:1088D00018461037BD4680BD80B48BB000AF7860BD
:1088E0000B46FB70002387F827300023BB61002371
:1088F0003B61FB787A6822339B0013449B681B68BA
:10890000FB60FB7B43F08003FB73FB7B43F0400386
:10891000FB73BB7B03F00C03DBB2002B05D0BB7BEE
:1089200003F00C03DBB2082B0BD17B68DB68DB6A3E
:10893000BB61BB7E002B0FD1FB7B23F08003FB735D
:108940000AE07B685B691B693B61BB7C002B03D140
:10895000FB7B23F08003FB73FB787A6822339B0058
:1089600013449B68FA681A6097F8273018462C372A
:10897000BD465DF8047B704780B487B000AF786077
:108980000B46FB700023FB750023FB60FB7B43F071
:108990008003FB73FB89012262F3CC03FB81FB782C
:1089A0007A6822339B0013449B68FA681A61FB784B
:1089B0007A6822339B0013449B681B683B61FB7CF5
:1089C00043F08003FB74FB7C23F04003FB74FB78D3
:1089D0007A6822339B0013449B683A691A60FB7DD6
:1089E00018461C37BD465DF8047B704780B584B0DF
:1089F00000AF78600023FB600023BB607868FFF75E
:108A0000D4FE0346002B71D07868FFF7DFFE0346E3
:108A1000BB60BB68002B01D1002368E03B7A03F008
:108A20000803DBB2002B06D0786800F0ABF80246F2
:108A3000FB681343FB603B7A03F01003DBB2002BAF
:108A400006D0786801F080F80246FB681343FB60AB
:108A50003B7A03F02003DBB2002B06D0786800F0ED
:108A6000C5F80246FB681343FB60FB7A03F004037E
:108A7000DBB2002B06D0786800F077F90246FB687D
:108A80001343FB60FB7A03F00203DBB2002B06D03A
:108A9000786800F030F80246FB681343FB60FB7A0D
:108AA00003F00103DBB2002B06D0786800F01CFA5B
:108AB0000246FB681343FB60FB7A03F02003DBB242
:108AC000002B06D0786800F077F80246FB68134365
:108AD000FB60BB7A03F02003DBB2002B06D0786882
:108AE00001F0FFF80246FB681343FB60FB68184681
:108AF0001037BD4680BD80B586B000AF78600023DA
:108B00007B6100233B617868FFF7B3FE0346FB609F
:108B100000237B612AE0BB891A467B6942FA03F392
:108B200003F00103002B1ED07A687B6922339B007F
:108B300013449B681B68BB607B7A23F07F03DBB226
:108B4000002B08D07969786800F027FD02463B6960
:108B500013433B6107E07969786800F077FA0246D1
:108B60003B6913433B617B6901337B617B681B7805
:108B70001A467B699342CED33B6918461837BD46E7
:108B800080BD000080B584B000AF78600023FB603A
:108B9000084B1B681B68786898473B7B43F00803C9
:108BA0003B737B68DB68FA685A610123184610370B
:108BB000BD4680BD4000002080B584B000AF786025
:108BC0000023FB60084B1B689B6878689847FB7B19
:108BD00043F02003FB737B68DB68FA685A6101236A
:108BE00018461037BD4680BD4000002080B588B0D3
:108BF00000AF78607B68DB68DB6AFB603B7CC3F3BB
:108C0000C303DBB27A685B01134403F56F731B681F
:108C100003339B08FB8392E0BB899B00BB83BA8B29
:108C20003B7CC3F3C303DBB279685B010B4403F500
:108C30006F731B689A4219D93B7CC3F3C303DBB241
:108C40007A685B01134403F56F731B68BB830023D1
:108C5000BB613B7E43F020033B767B68DB68996910
:108C6000BB69DA437B68DB680A409A613B7CC3F3EB
:108C7000C303DBB27A685B01134403F56F731B68AF
:108C800003339B08FB833B7CC3F3C303DBB27A68EB
:108C90005B01134403F56E7319683B7CC3F3C30394
:108CA000DBB21A46BB8B7868FFF709FD3B7CC3F348
:108CB000C303DBB27A685B01134403F56E731A6871
:108CC000BB8B397CC1F3C301C9B208461A44796829
:108CD00043010B4403F56E731A603B7CC3F3C3037B
:108CE000DBB27A685B01134403F56F731A68BB8BC0
:108CF000397CC1F3C301C9B20846D21A796843016D
:108D00000B4403F56F731A603B7CC3F3C303DBB200
:108D10007A685B01134403F570731A68BB8B397C66
:108D2000C1F3C301C9B208461A44796843010B4430
:108D300003F570731A607B68DB68DB6AFB60BB89D4
:108D4000FA8B9A420CD23B7CC3F3C303DBB27A6842
:108D50005B01134403F56F731B68002B7FF45CAF5A
:108D6000012318462037BD4680BD80B586B000AFD0
:108D700078607B685B691B69BB603B7BC3F3C303A3
:108D8000DBB27A685B01134403F56F731B6803332E
:108D90009B08FB8292E03B899B00BB82BA8A3B7BAB
:108DA000C3F3C303DBB279685B010B4403F56F7354
:108DB0001B689A4219D93B7BC3F3C303DBB27A68C1
:108DC0005B01134403F56F731B68BB8200233B6197
:108DD000FB7C43F00403FB747B68DB6899693B69A7
:108DE000DA437B68DB680A409A613B7BC3F3C303C9
:108DF000DBB27A685B01134403F56F731B680333BE
:108E00009B08FB823B7BC3F3C303DBB27A685B0145
:108E1000134403F56E7319683B7BC3F3C303DBB2E2
:108E20001A46BB8A7868FFF74AFC3B7BC3F3C3034F
:108E3000DBB27A685B01134403F56E731A68BB8A70
:108E4000397BC1F3C301C9B208461A4479684301AA
:108E50000B4403F56E731A603B7BC3F3C303DBB2B1
:108E60007A685B01134403F56F731A68BB8A397B18
:108E7000C1F3C301C9B20846D21A796843010B4451
:108E800003F56F731A603B7BC3F3C303DBB27A68ED
:108E90005B01134403F570731A68BB8A397BC1F315
:108EA000C301C9B208461A44796843010B4403F56B
:108EB00070731A607B685B691B69BB603B89FA8AC7
:108EC0009A420CD23B7BC3F3C303DBB27A685B01EB
:108ED000134403F56F731B68002B7FF45CAF012311
:108EE00018461837BD4680BD80B588B000AF7860A1
:108EF0000023FB610023BB610023FB6000237B6137
:108F000000233B617B68D3F8CC301B687B617B68B6
:108F1000D3F8CC301B683B613B7C23F004033B74EB
:108F20003B7C23F002033B743B7C23F008033B743F
:108F30003B7C23F020033B743B7D03F00203DBB258
:108F4000002B0CD03B7C43F002033B743E4B1B6870
:108F50005B6878689847BB6943F00103BB613B7D60
:108F600003F00803DBB2002B50D03B7C43F0080336
:108F70003B743B7D03F00403DBB2002B46D0324B45
:108F80001B685B6878689847BB7D03F00603DBB21B
:108F9000042B05D0BB7D03F00603DBB2022B31D1DD
:108FA0007B685B691B68FB60BB7D03F00603DBB27B
:108FB000042B15D17B685B6941F270725A603B7B70
:108FC00003F00303DBB2022B1FD07B681B7A022B5A
:108FD00003D102217868FFF710FC0123FB6114E044
:108FE0007B685B694BF680325A603B7B03F003037E
:108FF000DBB2012B09D001217868FFF7FEFB0123CA
:10900000FB6102E00123FB6100E000BF3B7D03F058
:109010002003DBB2002B07D03B7C43F020033B74E2
:10902000BB6943F00103BB61FB69002B02D0786888
:10903000FFF72CFC7B68D3F8CC303A691A60BB6927
:1090400018462037BD4680BD4000002080B59AB04C
:1090500000AF786039607A683B6822339B00134424
:109060009B687B667B6E9B683B667B6EDB68FB6503
:109070003A6EFB6D13403B667A683B6822339B0077
:1090800013449B681B68BB6597F8603003F00403CA
:10909000DBB2002B21D000237B6597F8543043F0DE
:1090A000040387F854307A6D7B6E9A607A683B6867
:1090B00022339B0013449B68DB683B6597F8503074
:1090C00043F0020387F850307A683B6822339B00F4
:1090D00013449B683A6DDA605AE297F8603003F007
:1090E0002003DBB2002B0BD00023FB6497F84C303D
:1090F00043F0200387F84C30FA6C7B6E9A6047E2AD
:1091000097F8613003F00203DBB2002B27D07A68B6
:109110003B6822339B0013449B68DB68BB6497F871
:10912000483043F0020387F848307A683B682233BE
:109130009B0013449B68BA6CDA603B68DBB219464B
:109140007868FFF7C9FB00237B6497F8453043F04C
:10915000020387F845307A6C7B6E9A6018E297F8C4
:10916000603003F00103DBB2002B35D07A683B6836
:10917000C4339B00134400225A607A683B68223350
:109180009B0013449B68DB683B6497F8403043F0D6
:10919000020387F840307A683B6822339B0013440F
:1091A0009B683A6CDA603B68DBB219467868FFF777
:1091B00093FB0023FB6397F83C3043F0010387F8EF
:1091C0003C30FA6B7B6E9A607A683B68134403F517
:1091D000637301221A70DBE197F8603003F0080333
:1091E000DBB2002B2ED00023BB6397F8383043F05E
:1091F000080387F83830BA6B7B6E9A607A683B68F0
:1092000022339B0013449B68DB687B6397F8343000
:1092100043F0020387F834307A683B6822339B00BE
:1092200013449B687A6BDA603B68DBB21946786856
:10923000FFF752FB7A683B68134403F5637305221A
:109240001A70A5E197F8603003F01003DBB2002B31
:1092500035D07A683B68C4339B00134400225A60BF
:109260007A683B6822339B0013449B68DB683B634E
:1092700097F8303043F0020387F830307A683B6863
:1092800022339B0013449B683A6BDA603B68DBB285
:1092900019467868FFF720FB0023FB6297F82C3013
:1092A00043F0100387F82C30FA6A7B6E9A607A6874
:1092B0003B68134403F5637303221A7068E197F85F
:1092C000603023F07F03DBB2002B3BD07A683B6831
:1092D00022339B0013449B68DB68BB6297F82830FD
:1092E00043F0020387F828307A683B6822339B00FA
:1092F00013449B68BA6ADA603B68DBB21946786847
:10930000FFF7EAFA7A683B68C4339B0013445B6852
:109310005A1C79683B68C4339B000B445A607A68D6
:109320003B68134403F5637306221A7000237B62C3
:1093300097F8243043F0800387F824307A6A7B6EF4
:109340009A6025E197F8603003F04003DBB2002B10
:1093500033D07A683B68C4339B00134400225A60C0
:109360007A683B6822339B0013449B68DB683B624E
:1093700097F8203043F0020387F820307A683B6882
:1093800022339B0013449B683A6ADA603B68DBB285
:1093900019467868FFF7A0FA0023FB613B7F43F092
:1093A00040033B77FA697B6E9A607A683B681344A6
:1093B00003F5637304221A70EAE097F8613003F052
:1093C0000403DBB2002B33D07A683B6822339B0066
:1093D00013449B68DB68BB613B7E43F002033B7632
:1093E0007A683B6822339B0013449B68BA69DA6051
:1093F0003B68DBB219467868FFF76EFA00237B61A1
:109400003B7D43F010033B757A697B6E9A607A6806
:109410003B68134403F5637308221A7000233B6111
:109420007B7C43F004037B743A697B6E9A60AFE007
:1094300097F8603003F00203DBB2002B00F0A88045
:109440007A683B6822339B0013449B68DB68FB60AF
:109450003B7B23F002033B737A683B6822339B001B
:1094600013449B68FA68DA607A683B68134403F532
:1094700063731B78DBB2012B20D17A683B681344FD
:1094800003F29B3301221A7097F85A3003F00C0351
:10949000DBB2082B73D17A683B681E335B0113443F
:1094A00005331B7883F00103D9B27A683B681E3319
:1094B0005B01134405330A461A7060E07A683B6822
:1094C000134403F563731B78DBB2032B07D17A686F
:1094D0003B68134403F29B3302221A704FE07A6810
:1094E0003B68134403F563731B78DBB2042B16D17E
:1094F0007A683B685B01134403F56C731B78012B9E
:1095000005D13B68DBB219467868FFF735FA7A680F
:109510003B68134403F29B3302221A702FE07A68EF
:109520003B68134403F563731B78DBB2052B07D14B
:109530007A683B68134403F29B3304221A701EE0DE
:109540007A683B68134403F563731B78DBB2062B20
:1095500015D17A683B68C4339B0013445B68032BC6
:109560000DD17A683B68134403F29B3303221A70CF
:109570007A683B68C4339B00134400225A6000237E
:10958000BB603B7A43F002033B72BA687B6E9A6021
:10959000012318466837BD4680BD80B59CB000AF3A
:1095A000786039607A683B6822339B0013449B687B
:1095B000FB66FB6E9B68BB66FB6EDB687B66BA6E08
:1095C0007B6E1340BB667A683B6822339B00134472
:1095D0009B681B683B6600237B6697F8683003F046
:1095E0000403DBB2002B21D00023BB6597F8583071
:1095F00043F0040387F85830BA6DFB6E9A607A68BE
:109600003B6822339B0013449B68DB687B6597F8BB
:10961000543043F0020387F854307A683B682233B1
:109620009B0013449B687A6DDA6099E097F8683084
:1096300003F02003DBB2002B0BD000233B6597F82F
:10964000503043F0200387F850303A6DFB6E9A603B
:1096500086E097F8683003F00803DBB2002B3FD0B8
:109660007A683B6822339B0013449B68DB68FB6489
:1096700097F84C3043F0020387F84C307A683B6827
:1096800022339B0013449B68FA6CDA607A683B686B
:10969000134403F5637305221A700023BB6497F823
:1096A000483043F0100387F84830BA6CFB6E9A607C
:1096B00000237B6497F8443043F0080387F8443074
:1096C0007A6CFB6E9A6097F8683023F0100387F885
:1096D00068303B68DBB219467868FFF7FDF83FE079
:1096E00097F8693003F00403DBB2002B38D07A68B6
:1096F0003B6822339B0013449B68DB683B6497F80C
:10970000403043F0020387F840307A683B682233E8
:109710009B0013449B683A6CDA603B68DBB21946E5
:109720007868FFF7D9F80023FB6397F83C3043F0E3
:10973000100387F83C30FA6BFB6E9A607A683B68DE
:10974000134403F5637308221A700023BB6397F870
:10975000393043F0040387F83930BA6BFB6E9A60F6
:1097600097F8693003F00203DBB2002B27D07A6848
:109770003B6822339B0013449B68DB687B6397F84C
:10978000343043F0020387F834307A683B68223380
:109790009B0013449B687A6BDA603B68DBB2194626
:1097A0007868FFF799F800233B6397F8313043F06E
:1097B000020387F831303A6BFB6E9A60BFE197F88D
:1097C000683003F00103DBB2002B00F09B807B6864
:1097D000DB78012B17D17A683B6822339B00134456
:1097E0009B681B69FB657A683B685B01134403F562
:1097F0006F731B68FA6DC2F31202991A7B683A689C
:10980000D43243F822107A683B68134403F563733B
:1098100001221A707A683B68C4339B00134400220B
:109820005A600023FB6297F82C3043F0010387F85D
:109830002C30FA6AFB6E9A6097F8623003F00C03E2
:10984000DBB2002B06D097F8623003F00C03DBB2DA
:10985000082B39D17A683B6822339B0013449B68FC
:10986000DB68BB6297F8283043F0020387F82830A2
:109870007A683B6822339B0013449B68BA6ADA60BB
:109880003B68DBB219467868FFF726F800237B6255
:1098900097F8243043F0100387F824307A6AFB6E7F
:1098A0009A607A683B681E335B01134404331B786B
:1098B00083F00103D9B27A683B681E335B0113441D
:1098C00004330A461A703AE197F8623003F00C0349
:1098D000DBB20C2B40F0338197F8633043F0200368
:1098E00087F863307A683B6822339B0013449B6897
:1098F0003A6E1A607A683B68134403F29B33012284
:109900001A701CE197F8683003F00203DBB2002BF9
:109910007BD07A683B6822339B0013449B68DB68EA
:109920003B6297F8203023F0020387F820307A68F2
:109930003B6822339B0013449B683A6ADA607A687A
:109940003B68134403F563731B78DBB2012B07D12B
:109950007A683B68134403F29B3301221A704AE091
:109960007A683B68134403F563731B78DBB2052BFD
:1099700007D17A683B68134403F29B3304221A70C0
:1099800039E07A683B68134403F563731B78DBB2F4
:10999000062B08D07A683B68134403F563731B7881
:1099A000DBB2082B0ED17A683B68C4339B001344AA
:1099B00000225A607A683B68134403F29B33032207
:1099C0001A7018E097F8623003F00C03DBB20C2B2E
:1099D00011D17A683B681E335B01134404331B7852
:1099E00083F00103D9B27A683B681E335B011344EC
:1099F00004330A461A700023FB613B7F43F00203E5
:109A00003B77FA69FB6E9A6099E097F8683023F02B
:109A10007F03DBB2002B37D07A683B6822339B0090
:109A200013449B68DB68BB613B7E43F002033B76DB
:109A30007A683B6822339B0013449B68BA69DA60FA
:109A40007A683B68C4339B0013445B685A1C79688E
:109A50003B68C4339B000B445A607A683B681344EC
:109A600003F5637306221A703B68DBB21946786807
:109A7000FEF732FF00237B613B7D43F080033B75A3
:109A80007A69FB6E9A605AE097F8683003F0100329
:109A9000DBB2002B53D097F8623003F00C03DBB23B
:109AA0000C2B1AD17A683B6822339B0013449B68C5
:109AB000DB683B613B7C43F002033B747A683B68A4
:109AC00022339B0013449B683A69DA603B68DBB23F
:109AD00019467868FEF700FF21E097F8623003F03E
:109AE0000C03DBB2002B06D097F8623003F00C03B6
:109AF000DBB2082B13D197F8633043F0800387F86B
:109B0000633097F8633023F0400387F863307A6856
:109B10003B6822339B0013449B683A6E1A607A6854
:109B20003B68134403F5637303221A700023FB6040
:109B30003B7B43F010033B73FA68FB6E9A60012392
:109B400018467037BD4680BD80B588B000AF7860DC
:109B50000023FB7200237B613B7D43F010033B75C8
:109B60007B68DB6899697B69DA437B68DB680A405C
:109B70009A617B68DB681B6ABB613B7EC3F30303AE
:109B8000DBB2FB72FB7ADBB27A6822339B001344B0
:109B90009B681B68FB60BB7EC3F34303DBB2022BF5
:109BA00040F08B803A8B47F6F07313409BB2002B4A
:109BB00000F08580FB7ADBB27A685B01134403F521
:109BC0006E731B68002B7AD0FB7ADBB27A685B017C
:109BD000134403F56E7319683B8BC3F30A139BB2EE
:109BE0001A467868FEF7A6FD3B7EC3F30303DBB29B
:109BF0007A685B01134403F56E731B683A8BC2F3FA
:109C00000A1292B211463A7EC2F30302D2B2104651
:109C10005A18796843010B4403F56E731A603B7E52
:109C2000C3F30303DBB27A685B01134403F570737B
:109C30001B683A8BC2F30A1292B211463A7EC2F303
:109C40000302D2B210465A18796843010B4403F557
:109C500070731A60FB7ADBB27A685B01134403F518
:109C600070731B68FB61FB7ADBB21A467B68D432E7
:109C7000F96943F82210FB7ADBB27A6822339B0041
:109C800013449B681B693B617A8A41F6F873134061
:109C90009BB2002B13D0FB7B43F08003FB73FB7B59
:109CA00023F04003FB73FB7ADBB27A6822339B001C
:109CB00013449B68FA681A6001E000BF00E000BF2F
:109CC0003B7D43F010033B757B68DB6899697A69DB
:109CD0007B68DB680A439A61012318462037BD463A
:109CE00080BD80B485B000AF78607B68D3F89030D9
:109CF0001B68BB60FB7A43F08003FB72FB7A43F086
:109D00004003FB727B68D3F89030BA681A60002376
:109D1000FB60BB7B43F02003BB737B68DB68FA68A6
:109D20005A61012318461437BD465DF8047B70471D
:109D300080B586B002AFF8607A601A460B46FB72B7
:109D400013463B81FB6804331846EDF73DFCFB6886
:109D50001846EEF749F9FB6820331846EEF768FB22
:109D60001A4AFB681A601A4AFB681A62FB680022EA
:109D700083F85820FB680433F97A00221846EDF77F
:109D800039FCFB6803F120003B8942F2107292FB20
:109D9000F3F31A460123009342F2D0037968EEF7F9
:109DA00075FBFB682033FA6811461846EEF7D4FEBF
:109DB000FB6806E0FB6820331846EEF701F900F077
:109DC00055FF18461037BD4680BD00BF501702082A
:109DD0006017020880B483B000AF78600B46FB7058
:109DE0007B68FA7883F8582000BF0C37BD465DF8D1
:109DF000047B704780B584B000AFF860B9607A60CA
:109E0000FB6893F85830002B04D0FB6804331846E5
:109E1000EDF752FCFEF7C2F9044B1B8801339AB2EE
:109E2000024B1A8000BF1037BD4680BD3C96012012
:109E300080B586B002AFF860B9601346FB80FB685E
:109E40001846EEF7F5FAFB6838331846EEF7CCF80B
:109E5000134AFB681A60134AFB689A63F868FB8828
:109E600042F2107292FBF3F31A460023009342F27F
:109E7000D003B968EEF70AFBFA68FB683833194675
:109E80001046EEF769FEFB6805E0FB681846EEF742
:109E900097F800F0EBFE18461037BD4680BD00BFB6
:109EA0002C1702084017020880B584B000AFF86094
:109EB000B9607A60F9F784FE00BF1037BD4680BDF7
:109EC000A0F13800F0E780B582B000AF78607B6821
:109ED0001846FCF713FF7B6818460837BD4680BD5F
:109EE00090B583B002AF4FF44070E7F72FFDA82084
:109EF000FEF76EF94FF47A70FEF7DAF94E48FBF789
:109F000060FD4E48FBF7A9FB4D4A01214B48FBF78A
:109F1000F6FB4C4A00214948FBF7F1FB4A4A012174
:109F20004548FBF7A4FD0020FEF70EFA0120FEF7DE
:109F30000BFA01214548FFF74DFF454B1868802378
:109F400000930C2312228021FDF74AFE404B1B6830
:109F50001846FDF7D8FE04463D4B1B681846FDF732
:109F600002FF03461A4621463A48FCF701FF384BE8
:109F70001B681846FDF7D3FE0446354B1B68184690
:109F8000FDF7FDFE03461A4621463248FCF703FF63
:109F90002F4B1B681846FDF7CEFE04462C4B1B6862
:109FA0001846FDF7F8FE03461A4621462948FCF7F5
:109FB00005FF274B1B681846FDF7C9FE0446244BD6
:109FC0001B681846FDF7F3FE034622460021214890
:109FD000FCF707FF1E4B1B681846FDF7E8FE03461B
:109FE00019464FF48063009300231B4A1948FCF77D
:109FF00039FF174B1B6819491846FDF778FF144BBA
:10A000001B6817491846FDF772FF1648FBF76CFFEF
:10A010001548E6F707FF154B019301230093002332
:10A02000402213491348EAF72BFBEAF729FD0023E6
:10A0300018460437BD4690BD18980120B0980120FD
:10A04000C0170208C8170208D0170208409601205E
:10A050001CA00120C49F0120B49A01203C9F012034
:10A06000809F0120549B0120989B01202C96012069
:10A070001013020879A0010880B584B002AF78609F
:10A08000ECF730F9144B0193022300930023802254
:10A0900012491348EAF7F4FA124B01930223009392
:10A0A0000023802210491148EAF7EAFA104B019385
:10A0B0000123009300234FF400720E490E48EAF783
:10A0C000DFFA0E4B1B681846EAF718FCECF738F974
:10A0D00000BF0837BD4680BD309601201C13020822
:10A0E00001A10108349601202813020869A1010882
:10A0F0003896012030130208B5A101082C960120E2
:10A1000080B584B000AF78600023FB734FF47A70A1
:10A11000FEF7CEF80E48EDF7CFFAFB7B5A1CFA7328
:10A120001A461346DB009B1A9B000A4A1344184642
:10A13000EDF7C2FAFB7B052B01D90023FB7306491F
:10A140000648FDF773FF06490648FDF76FFFDDE798
:10A15000D8960120F49601203C130208049E0120A9
:10A1600054130208A09E012080B582B000AF786031
:10A170003220FEF79DF80C4B1B681846FDF7C3FD17
:10A18000034619460948FBF735FD0948FBF714FB60
:10A19000054B1B681846FDF7C2FD034619460448E7
:10A1A000FBF775FBE4E700BF1CA001201898012015
:10A1B000B098012080B584B000AF786003230122FD
:10A1C00001214448EEF77AFA43494448FDF72EFF4F
:10A1D0000BE043494148FDF729FF4FF49660FEF735
:10A1E00067F840493D48FDF721FFF9F72FFC03468A
:10A1F000002B14BF01230023DBB2002BE9D13A4925
:10A200003648FDF713FF39493448FDF70FFF01E0E9
:10A21000F9F780FC364B9B7DDBB2022B06D0344B2A
:10A220009B7DDBB2FF2B01D0012300E00023002B3C
:10A23000EED130492948FDF7F9FE03462E4918466C
:10A24000FDF7F4FE03462D491846FDF7EFFE0346E1
:10A250002B491846FDF7EAFE03462A491846FDF742
:10A26000E5FEECF792FF0346FB73FB7B03F0020372
:10A27000002B04D024491948FDF7D8FE03E02349F8
:10A280001648FDF7D3FE224B1B6804331846F9F736
:10A2900077FFEDF744F90346012B14BF0123002398
:10A2A000DBB2002B0CD01A4B1B6804331846FAF7AC
:10A2B0009EFBF9F739FEF9F791FCF9F7A9FCA2E743
:10A2C000134B1B681349184600F026F80120EAF7E3
:10A2D000A3FBDEE79C9601206C1302089C970120EB
:10A2E0008013020894130208A4130208BC13020886
:10A2F0000C6400206C640020EC6400206C6500207D
:10A30000EC6500206C660020D4130208EC130208F0
:10A3100020A00120C49F012090B59FB000AF7860BD
:10A320003960002387F87730DFE07B68043397F8E3
:10A33000772011461846FAF721FA034683F0010305
:10A34000DBB2002B0BD097F8773003F21C635B0075
:10A350007A68134404331846FAF784FBC0E07B683C
:10A36000043397F8772011461846FAF78FF9034619
:10A3700083F00103DBB2002B40F0B1807B68191D34
:10A3800007F13C0397F877201846FAF721FA07F10E
:10A390003C03184601F0ABFD0346002B01D000241E
:10A3A00096E007F13C031846FAF7EEFC0346002B53
:10A3B00032D097F877307A6803F21C635B0013445D
:10A3C00001221A7197F877307A6803F21C635B00F8
:10A3D000134401225A717B681C1D07F16C033B6713
:10A3E00007F16C0207F154035449184601F01CFFB1
:10A3F00007F1540297F8773019462046FAF7A4F986
:10A4000007F15403184601F001FD07F16C031846EB
:10A41000F9F7EBFD00245BE097F877307A6803F2F8
:10A420001C635B0013441B79012B2AD107F1240321
:10A43000184601F0C5FC7B681B6804331C6807F1F3
:10A44000240307F13C0297F877107868A04707F1DA
:10A450002403184601F04BFD034683F00103DBB2F1
:10A46000002B08D07B68043307F1240297F877109B
:10A470001846FAF769F907F12403184601F0C6FCFB
:10A4800025E007F10C03184601F09AFC07F10C02D5
:10A4900007F13C0319463868FDF772FA07F10C031F
:10A4A000184601F024FD034683F00103DBB2002BC4
:10A4B00008D07B68043307F10C0297F87710184630
:10A4C000FAF742F907F10C03184601F09FFC01244A
:10A4D00007F13C03184601F099FC012C00E000BF95
:10A4E00097F87730013387F8773097F87730022B79
:10A4F0007FF61BAF1EE007F15403184601F086FCFF
:10A50000FFE707F16C031846F9F76FFD0BE007F161
:10A510002403184601F07AFC05E007F10C03184605
:10A5200001F074FCFFE707F13C03184601F06EFCF4
:10A5300000F09CFB7C37BD4690BD00BF04140208B0
:10A5400080B582B000AF7860074A7B681A60074A1E
:10A550007B681A627B6820331846EDF731FD7B6813
:10A5600018460837BD4680BD50170208601702081C
:10A5700080B582B000AF7860074A7B681A60074AEE
:10A580007B689A637B681846EDF71AFD7B6818466E
:10A590000837BD4680BD00BF2C17020840170208CF
:10A5A00080B582B000AF78607B68184601F02EFC61
:10A5B0007B6818460837BD4680BD000090B585B061
:10A5C00004AF0223774A3B217748FFF7B1FB774A74
:10A5D0007749754800F02FFA642276497648FFF7EC
:10A5E00027FC724A7549744800F025FA00223A2186
:10A5F0007348ECF7CCFF734C012242212046ECF764
:10A60000C6FF1C34012246212046ECF7C0FF1C3453
:10A61000012244212046ECF7BAFF1C3401224321D9
:10A620002046ECF7B4FF1C3401222D212046ECF724
:10A63000AEFF04F11C03012245211846ECF7A7FFE9
:10A640004FF4E13260496148EEF7EAFD574A60494C
:10A650005E4800F0F0F9022302933C2301933F236C
:10A6600000933D233E2226215A48FBF756F94F4AD4
:10A670005949584800F0DFF9022301934F23009312
:10A680004E234D224C215548FAF797FF474A54492B
:10A69000524800F0D0F9042252495348EBF7ABFF7F
:10A6A000052250495148EBF7A6FF08224D49504872
:10A6B000EBF7A1FF09224B494E48EBF79CFF002323
:10A6C000412240214C48ECF73EFB40F2FF724A49E0
:10A6D0004A48FAF709FE102303930023029300234C
:10A6E0000193152300931423132245494548EDF7A0
:10A6F0009FFC002300930023372242494248FBF786
:10A70000ADFB41494148E6F759FB284A40493F48DB
:10A7100000F091F94FF4165301931F23009339234E
:10A7200038223C493C48FBF7BBFA204A3B493A48AF
:10A7300000F081F94FF4165301933423009336232C
:10A74000352237493748FBF7ABFA184A33493548C1
:10A7500000F071F900224A213348ECF7D0FF134A88
:10A760003249314800F067F9002249213048ECF7BE
:10A77000C6FF0E4A2D492E4800F05DF92D48FFF71F
:10A78000A2FB0120FDF7F4F903462B4A13604FF4B6
:10A79000FB70FAF777F90346284A136000BF0437C5
:10A7A000BD4690BD001000404096012000000020F2
:10A7B00041A50108000C00409C96012071A50108EC
:10A7C000D8960120F4960120001001409C970120AA
:10A7D000A1510108189801203B5C0108B0980120A4
:10A7E000D358010800200140549901209C99012070
:10A7F000E49901202C9A0120749A0120B49A012036
:10A8000000300140D49A0120549B0120989B0120E4
:10A81000A1A5010800480040049E0120617F0108B5
:10A8200000440040A09E01203C9F01209F5501084C
:10A83000809F0120C49F01201CA0012020A0012096
:10A8400080B500AFFFF7BAFE80BD80B400AF00BF97
:10A85000BD465DF8047B704780B400AFFEE780B46E
:10A8600000AFFEE780B400AFFEE780B400AFFEE7C4
:10A8700080B400AF00BFBD465DF8047B70470000A8
:10A8800080B500AF164BD3F88830154A43F47003F7
:10A89000C2F88830134B1B68124A43F0010313605F
:10A8A000104B00229A600F4B1B680E4A23F08473F2
:10A8B00023F4803313600B4B0B4A5A60094B1B681F
:10A8C000084A23F480231360064B0022DA6000F06C
:10A8D0000DF8034B4FF000629A6000BF80BD00BFCF
:10A8E00000ED00E0003802401030002480B483B056
:10A8F00000AF00237B6000233B60364B1B68354A6A
:10A9000043F480331360334B1B6803F400333B6024
:10A910007B6801337B603B68002B03D17B68B3F518
:10A92000A04FF0D12B4B1B6803F40033002B02D057
:10A9300001233B6001E000233B603B68012B42D1D7
:10A94000244B1B6C234A43F080531364224B1B6837
:10A95000214A43F4404313601E4B1E4A9B68936098
:10A960001C4B9B681B4A43F400439360194B9B6844
:10A97000184A43F4A0539360164B184A5A60154B7B
:10A980001B68144A43F08073136000BF114B1B68AF
:10A9900003F00073002BF9D0114B40F205721A60DE
:10A9A0000C4B9B680B4A23F003039360094B9B6895
:10A9B000084A43F00203936000BF064B9B6803F014
:10A9C0000C03082BF9D100BF0C37BD465DF8047BA2
:10A9D000704700BF00380240007000400854400734
:10A9E000003C0240DFF834D00D480E490E4A0023E7
:10A9F00002E0D458C4500433C4188C42F9D30B4A33
:10AA00000B4C002301E013600432A242FBD3FFF79A
:10AA100037FF03F087FDFFF763FA7047000002205D
:10AA20000000002028020020103802084002002008
:10AA300048A20120FEE70B460146184603F0AEBDD2
:10AA40007FB500241023CDE90234036815469E69C2
:10AA500012686B46CDE90044B0479DF8043003F01E
:10AA60000603062B03BF009B2B600120204604B089
:10AA700070BD009890420CBF062001207047000076
:10AA800010B5034B0360044600F033FD204610BDB3
:10AA90002018020810B50446FFF7F2FF20460821EF
:10AAA00000F044F8204610BD2DE9F0411F46DDE9D5
:10AAB0000834DDF8188098450646154607D10799F1
:10AAC00000F01AFD18B165710020BDE8F08139462B
:10AAD000304600F011FD0028F6D00123C4F80080B4
:10AAE0002571A371F0E738B515461C4600F004FD4A
:10AAF00020B10823E36006232560237138BD2DE9CA
:10AB0000F04105460C4616461F4600F0F5FC48B9D4
:10AB1000032F07D823683246294620465B69BDE8E3
:10AB2000F0411847BDE8F08102F0C4BFFFF7FCBF59
:10AB3000FFF7FABF70B50D4619460368049E9D42A3
:10AB400004D90A490A482A4601F01BF85C1B9442C2
:10AB500028BF1446A642324628BF224622B140688A
:10AB6000284403F0DBFB00B9A01B70BD44180208A9
:10AB70005E1802082DE9F043374E38488DB00025A5
:10AB8000C6E90155F56002F07DFC354B05930823BD
:10AB90000693344BCDE9073509230993324B0A93C9
:10ABA0004FF00F0804230446CDF810800B93B4B97E
:10ABB0000B9B089D402BA8BF4023002D08BF0625F6
:10ABC0003E355D43AD00F56035B1284602F06AFFC1
:10ABD000B06000283CD1F4600DB0BDE8F08323786C
:10ABE000CDF800803A2B08BF013423460F22002104
:10ABF00004A8FFF79FFF28BBE37B2E2B22D1103444
:10AC00004FF0030906AFB9F101091BD03D6800956B
:10AC10002A46234600213846FFF78CFF024610B92A
:10AC2000635D3D2B01D00C37EDE70135601903A9B9
:10AC300003F03AFB039C23783A2B00D013B9002889
:10AC400000DBB86020463A2103F099FB0446AEE7EA
:10AC5000C0E900547060BFE724A001208F180208EB
:10AC6000A0180208B0180208B91802081EB400F0B3
:10AC700090F81EBCE5F7AEFF0378472B17D1437859
:10AC80004E2B14D18378552B11D1C378432B0ED181
:10AC90000379432B0BD143792B2B08D183792B2BB1
:10ACA00005D1C07901288CBF002001207047002009
:10ACB000704700002DE9F3411F460378C479472B04
:10ACC00002460D4612D143784E2B0FD18378552B77
:10ACD0000CD1C378432B09D10379462B06D1437994
:10ACE0004F2B03D18379522B00D1F4B11046FFF7DB
:10ACF000C3FF00230193D8B9154C236820469B68F5
:10AD0000984700B3019B1B68019302262B6801AA98
:10AD1000D3F81080214601232846C047A8B1019BE3
:10AD20003B60304602B0BDE8F0810194094CE4E795
:10AD300052F8201C012C1ABF0C4602F1580151F8A0
:10AD4000784C0191D9E70126E0E70646E9E700BF24
:10AD5000642202083822020810B5044600F07CF88C
:10AD600002462046A4F12001FFF786FF60B154F8A7
:10AD7000043C0133012B44F8043C03D1936844F8AC
:10AD8000083C9160012010BD9368002BF9D000F0C1
:10AD9000F3FA10B500F060F8826801460AB900F0D5
:10ADA000EBFA02F120042046FFF766FF40B1D369B9
:10ADB000013BD36113B9906988609361204610BD4F
:10ADC0008860FBE708B502F055FB0378472B17D1E5
:10ADD00043784E2B14D18378552B11D1C378432B54
:10ADE0000ED10379432B0BD143792B2B08D18379D7
:10ADF0002B2B05D1C07901288CBF00200120704782
:10AE00000020704738B5044600F026F80568024671
:10AE10002046A4F12001FFF7D8FF28B90DB100F0BA
:10AE2000ABFA1160284638BD54F80C3C002BB4BF77
:10AE3000C3F10103013344F80C3C53688D4203F124
:10AE4000FF33536020461CBF44F8105C1160656AF4
:10AE500001F0CAFDE6E700000048704734A0012079
:10AE600030B500231A4610F8015B05F07F049440CA
:10AE700023432C0602F10702F5D40B6030BD30B538
:10AE800000231A4610F8014B04F07F0595402B4330
:10AE9000250602F10702F5D41F2A06D8640642BF30
:10AEA0004FF0FF3404FA02F213430B6030BD502818
:10AEB0002DE9F3410646884615461F4608D1D01CA9
:10AEC00020F0030050F8044B3C6002B0BDE8F08174
:10AED00000F00F030C2B2ED8DFE803F025071D250B
:10AEE000292D2D2D2D182125290001A92846FFF7F0
:10AEF000B7FF019C002CE7D006F07003102B08BFB1
:10AF0000A8464444330648BF2468DDE701A9284623
:10AF1000FFF7B5FFEDE7284630F8024BEAE7284691
:10AF200030F9024BE6E7284650F8044BE2E72846A2
:10AF300050F8084BDEE702F09DFA08B50346FF2BF8
:10AF400008460DD003F07003302B0FD004D8202B0F
:10AF500008D005D902F08EFA402B0BD0502BF9D136
:10AF6000002008BDBDE8084002F081BABDE80840F5
:10AF700002F07ABABDE8084002F066BA70B50C4635
:10AF80000146204615461E46FFF7D7FF33460146C9
:10AF90002A462046BDE87040FFF789BF73B50C46CE
:10AFA0001546064608B102F04FFA2246286012F80C
:10AFB000011BFF291CD02B1D3046FFF7DFFF024687
:10AFC000104610F8013BFF2B14D010232B7501A95C
:10AFD000FFF746FF019B0344EB6010F8013B6B75E4
:10AFE00001A9FFF73DFF019B03442B6102B070BD37
:10AFF0006860E5E72B750023EEE71FB503AB009310
:10B0000000230A46194601F0F1FC039805B05DF8EB
:10B0100004FB00002DE9F04F00F0030395B04FF062
:10B020000009012B0C461546CDF8249011D0022BB7
:10B0300004D0002B74D110F0080673D029462046A6
:10B0400002F0ECF918B1092015B0BDE8F08F082026
:10B05000FAE710F008065AD002231E430EAF002371
:10B0600000970C22194628460E9401F0E7FC062EA4
:10B070005AD1D4F83080B8F1000F00F06381D4E9E0
:10B080000A7A4FF0030B002F1ADA0EAA514628460F
:10B090008DF84C90FFF782FF119E9DF84C002946D9
:10B0A000FFF74BFFFB4306EB8303002253F822100C
:10B0B000002940F04A81C4E90A200422C4E90C2393
:10B0C00000230DAE1A461946009628460D9401F04D
:10B0D000B5FC002319460122009628460D9701F081
:10B0E000ADFC0F212846FFF788FF00F0010040EA81
:10B0F000080000230D9000960F221946284601F003
:10B100009DFCBBF1020F00F0228107209CE70F6A33
:10B1100010460D21FFF771FF87429DD106239CE762
:10B1200002F0A8F9012398E7284602F093F9824635
:10B13000002883D03A46014628468DF84C90FFF708
:10B140002DFF9DF84C90119B03932946834648465A
:10B15000FFF7F3FE0F21049010902846FFF74DFFF4
:10B1600020F0010808F1FF330593129F5F4517D8BF
:10B170000027B8464FF0010BF20740F1D380BBF136
:10B18000020F3FF45BAF0D212846099EFFF735FF04
:10B19000C4E90A7AC4E90806C4F83080062053E7F7
:10B1A0009DF84D805A460AAB41460020FFF7E6FE67
:10B1B0000BAB024641460020FFF7E0FE0CAB024617
:10B1C00041460020FFF7DAFE0DA9FFF749FE0A9A73
:10B1D0000E9B1344059A9342834655D80B9A134409
:10B1E000059A9342C1D9DDF83080B8F1000F01D043
:10B1F0000F9B98440D9800283ED001383844B8F190
:10B20000000F3FF41BAF16F0080306933ED0472310
:10B2100023704E2363705523A3704323E3704623AA
:10B2200023714F2363715223A3710023E371002321
:10B2300005930BA9FFF723FE0CA90790FFF71FFE4C
:10B240000B9F002F6BD0022E5DD0002F42DDB9F195
:10B25000FF0F3BD009F00703042B3FF661AF01A2BB
:10B2600052F823F09FB2010821B10108D1B20108C0
:10B270009FB20108C9B20108B8F1000F3FF4DEAE79
:10B2800000274FF0020B77E7BB466EE7E379012B0F
:10B290000CBF54F8203C04F158030993C7E704227B
:10B2A00003990DAB02FB171248460499FFF7FFFD07
:10B2B0000D9931B13CB309AB00222046FFF7FAFCEF
:10B2C00008B34FF0030B57E70822E9E70022E7E74E
:10B2D0000222E5E7039A6FF04043DB1B02EB830B8E
:10B2E000BCB1069AAAB9099B0D93ABF1040B5BF8AC
:10B2F000041F0029E5D00DAB002259442046FFF77A
:10B30000D9FC0028F3D00C9828B3079B03441846B7
:10B310008FE7039A52F82330002BF4D1D1E70123B1
:10B320000593F0E7330709D5BBF1010F01D100F018
:10B3300023F8002FBFF6C4AE00F030F8BBF1010FC8
:10B340007FF4A1AE204601F006F80132AEE62046B9
:10B35000FFF702FDD9E6059B002B91D16EE600BFF9
:10B3600008B5804702F086F8024B1868BFF35B8F80
:10B37000704700BF4C00002008B5FFF7F5FFFFF74E
:10B38000EFFF08B58047FFF7F7FF0000024B186892
:10B39000BFF35B8F704700BF4800002008B5FFF780
:10B3A000F5FFFFF7EEFF0268D207034605D44278A7
:10B3B00002B1FFDE01205870704700207047002363
:10B3C00043707047012303607047012838BF012094
:10B3D00010B50446204602F065FB00B110BD00F038
:10B3E000DDFF08B902F046F88047F3E7FFF7EDBF4D
:10B3F00010B5034B03600446FFF742FB204610BD27
:10B40000A822020810B50446FFF7F2FF20460C21DF
:10B41000FFF78CFB204610BD2DE9F041DDF81880C8
:10B42000904506460F4615461C460BD0B06803688B
:10B43000CDF818801E6A2A4623463946B446BDE830
:10B44000F0416047194600F057F80028EED006207A
:10B45000BDE8F0812DE9F14F0D461946DDE90A4BB3
:10B46000DDE90CA681461746984600F045F890B1F4
:10B47000002D3460377109DB2C44A24514BF012430
:10B480000624B471002001B0BDE8F08F0235F9D177
:10B490000123B371F6E7544506D15946484600F0FA
:10B4A0002BF808B17771EDE7D9F808000368CDE90A
:10B4B0000CA6CDE90A4BDC693A4643462946A44628
:10B4C00001B0BDE8F04F60472DE9F04107460C465A
:10B4D00015461E46FFF707FB48B9B86803689F6921
:10B4E0002A4633462146BC46BDE8F0416047BDE8E8
:10B4F000F081704700207047814208B50ED0406847
:10B5000003782A2B0CD049680B782A2B08BF01310D
:10B51000E5F7A8FBB0FA80F0400908BD0120FCE780
:10B520000020FAE710B5034B03600446FFF7A8FAC2
:10B53000204610BD2023020810B50446FFF7F2FF95
:10B5400020461821FFF7F2FA204610BD2DE9F74FEB
:10B55000DDF830A05245054688461646994605D086
:10B56000EF6805EBC70547B9012020E01946FFF752
:10B57000C3FF0028F4D0062019E0EC68A30719D512
:10B58000221214F0010404D018F1030F12D0336812
:10B590009A58A8680368CDF800A0D3F820B03244C8
:10B5A0004B464146D847032804D92043C0B203B0D4
:10B5B000BDE8F08F013F083DD5E7F0B40D1E049CB7
:10B5C000164606DB2E44B4420CBF06200120F0BC18
:10B5D0007047023505D0056804942C6AA446F0BC77
:10B5E00060470120F3E72DE9F04F91B0CDE9052345
:10B5F0001D9C1C9AA368DB0644BF8368A3601A9B4A
:10B60000934281460F4608D11B99FFF775FF20B181
:10B61000059B63714FF0000882E006994846FFF7EA
:10B620006BFF98B11A9B2360002F059B237108DBE9
:10B630001A9B1F441C9BBB4214BF01270627A771FE
:10B64000E8E70237E6D10123A371E3E7002FA9BFA2
:10B650001C9B0790DB1B07934FF0020C0123CDE9E5
:10B6600008C3059B4FF0000843F00103CDF8288084
:10B670000B93D9F80CA009EBCA0BBAF1000F09D152
:10B680000A9B002B4CD0089B012B49D00123CDE90C
:10B69000083AEEE70023CDE90D33DBF80C30A5685E
:10B6A0000F95DE0743BF1A980B9A0068059A4FEA78
:10B6B000232148BF41581A980144079838B188425D
:10B6C000099E2CBF00200120B04200F0B3809807F3
:10B6D00006D4BB1C02D1AE0700F0AE8002F0FD0222
:10B6E000DBF808000DAD036803951C9D02951B9DBA
:10B6F000CDE900153946DD69069BA84763799DF8B9
:10B7000039209DF83A500D991343062D637101D0ED
:10B71000022D09D19DF8383021602371A571804632
:10B72000404611B0BDE8F08F2268B8F1000F13D188
:10B73000A2B99DF838202160227121B11BB1D9F83E
:10B740000830DD07EBD56379042BE8D00AF1FF3A26
:10B75000ABF1080B804690E7002A37D0914206D122
:10B7600023799DF83820134323714046EBE709B94C
:10B770000028FAD0032BA67904D9D90729D5A368C4
:10B780009B0726D57EB9032D05D9EE0741D5D9F8FB
:10B79000083098073DD51C9B009306981B9B3946A3
:10B7A000FFF70BFF0646E5B9032E05D9F10732D5A1
:10B7B000D9F808309A072ED51C9B00930D9A1B9B35
:10B7C00006983946FFF7F9FE05460AE00029D1D16F
:10B7D000CBE7012E38BF0126012D38BF0125F6B277
:10B7E000EDB285EA0603DBB2032B16D9032D81BF28
:10B7F0000D9B23602E469DF8383086BF23710020B4
:10B800004046B307A67102D416F001069BD1002072
:10B8100085E70126E5E70125E3E73540EDB20023A2
:10B82000032D236003D90223A371012077E70120B0
:10B83000A07188E701230A93404687E72DE9F04F7E
:10B840008BB00546049101921C46FFF74CF9002885
:10B8500063D1D4F80890D5F80C8019F0100F18BFF8
:10B86000D5F8089009F0010305EBC8074FF0000A6E
:10B8700005930DF1180BB8F1000F04D120790038B1
:10B8800018BF01204AE0FA68CDF818A002F00103C1
:10B89000029302F002030393059B8DF81CA002F0B3
:10B8A00002010B43CDE9089A03D108F1FF38083FA4
:10B8B000E1E7019B002B34D0029B121213B1019BD4
:10B8C0001B689A58019B1A44B868049903689B69DD
:10B8D0001E465B46B0470028E7D0099B082B03D1E2
:10B8E000029B0BB1BB6809939DF81C30032B05D953
:10B8F000039A1AB923F002038DF81C30E168C1B92C
:10B900009BE80F0084E80F002379032B05D99A07E1
:10B9100009D5AB6813F0010FC7D101200BB0BDE80A
:10B92000F08F019AD0E7DB07F7D5AB6813F0020F71
:10B93000F2E72368069A934204D00023236002238F
:10B940002371EAE72BB123799DF81C20134323715F
:10B95000ABE709980828F2D00829F0D0FFF7CCFD12
:10B960000028F0D1EBE7000088422DE9F0410446C1
:10B970000D4618D0A0B1A1EB00084046002100F010
:10B9800043F800F10C070646214638462A4600F0E7
:10B9900029F84146304600F02BF83846BDE8F081E2
:10B9A000024800F0E8F8024FF7E700BFC3180208AA
:10B9B0004CA0012013B5044608461146014401AAD3
:10B9C000FFF7D2FF2060204602B010BD012A30B43C
:10B9D00003D10B78037030BC7047002AFBD030BC19
:10B9E00002F0F2BD08B5521AFFF7F0FF08BD0000E3
:10B9F000044B984204D00023836001600844037321
:10BA0000704700BF40A00120154B984210B5044676
:10BA100002D9144800F0B2F8884203D94B0098428A
:10BA200038BF1C4604F11D03B3F5805F04F10D001F
:10BA300012D98C4210D9C3F30B0304F58054E41AD5
:10BA4000074B9C4228BF1C4604F10D00FFF7BDFCCC
:10BA500000224460826010BD0028F7DA00F088F808
:10BA6000FCFFFF3FED180208184B1A68D1075CBFB6
:10BA700001221A60164B1A68D2075CBF01221A60B5
:10BA8000144B1A68D0075CBF01221A60124B1A6867
:10BA9000D1075CBF01221A60104B1A68D2075CBF45
:10BAA00001221A600E4B1A68D0075CBF01221A608F
:10BAB0000C4B1A68D1075CBF01221A600A4B1A6846
:10BAC000D2075CBF01221A60704700BF6CA0012042
:10BAD00068A0012064A0012060A001205CA00120DA
:10BAE00058A0012054A0012050A00120184B1A6832
:10BAF000D1075CBF01221A60164B1A68D2075CBFDF
:10BB000001221A60144B1A68D0075CBF01221A6028
:10BB1000124B1A68D1075CBF01221A60104B1A68D9
:10BB2000D2075CBF01221A600E4B1A68D0075CBFB7
:10BB300001221A600C4B1A68D1075CBF01221A60FF
:10BB40000A4B1A68D2075CBF01221A60704700BF17
:10BB50008CA0012088A0012084A0012080A00120C9
:10BB60007CA0012078A0012074A0012070A00120F9
:10BB700008B501F07FFC08B501F07CFC08B501F0C8
:10BB800079FC0FB408B501F075FC08B501F072FC42
:10BB9000244B1A68D0075CBF01221A60224B1A6836
:10BBA000D1075CBF01221A60204B1A68D2075CBF24
:10BBB00001221A601E4B1A68D0075CBF01221A606E
:10BBC0001C4B1A68D1075CBF01221A601A4B1A6815
:10BBD000D2075CBF01221A60184B1A68D0075CBFFD
:10BBE00001221A60164B1A68D1075CBF01221A6045
:10BBF000144B1A68D2075CBF01221A60124B1A68F4
:10BC0000D0075CBF01221A60104B1A68D1075CBFD5
:10BC100001221A600E4B1A68D2075CBF01221A601B
:10BC2000704700BFBCA00120B8A00120B4A0012033
:10BC3000B0A00120ACA00120A8A00120A4A0012058
:10BC4000A0A001209CA0012098A0012094A0012088
:10BC500090A001200AB102F0B7BC7047081E08B5D9
:10BC600001DAFFF785FFBDE80840FFF7AEBB0160D2
:10BC70007047006870478160704703684160002228
:10BC80005A54704750F8083B1B1A584258417047A5
:10BC90000B68B3F1804F10B502D30B48FFF76EFF6E
:10BCA00093420CD9B3EB420F4FEA420407D2B4F1EE
:10BCB000804F2DBF6FF040430C6023460B60591C32
:10BCC000FFF7CCFF10BD00BF0519020810B50446F0
:10BCD000FFF7D8FF20B92068BDE81040FEF724BF69
:10BCE00010BD000008B5034608465B68984211463F
:10BCF00003D902460148FFF744FF08BD1D19020899
:10BD0000406801F180410139091A914208B502D217
:10BD10001846FFF733FF08BD03688B4206D8426818
:10BD20001344994294BF00200120704701207047BE
:10BD3000012A10B404D10A785DF8044B02707047F0
:10BD40005DF8044BFFF786BF012A30B403D10B78AE
:10BD5000037030BC7047002AFBD030BC02F0EEBA52
:10BD60000B46012B10B41146044603D122705DF836
:10BD7000044B7047002BFAD05DF8044B1A4602F0D2
:10BD8000F6BA08B5521AFFF7D3FF08BD08B5521A24
:10BD9000FFF7CEFF08BD38B50446154608461144E6
:10BDA0006268521A05D025B1236819441844FFF778
:10BDB000CBFF636822685B1B00216360D15438BDF0
:10BDC00000F1080202600022426002727047F8B57A
:10BDD00000F108070760054608460C46FFF752FFCA
:10BDE00004F1080668B16268314601323846FFF74F
:10BDF00031FF63686B60002323722660636028460E
:10BE0000F8BD23682B60A368AB60F2E710B5044669
:10BE1000FFF75CFF204610BD00687047D0E90020A6
:10BE200010447047406870474068704710B504463A
:10BE3000FFF728FF08B9A06810BD0F20FCE72DE927
:10BE4000F3470A9E1F46436801EB0208B21A1A44E0
:10BE500004460D46A3EB08090192FFF7E7FF01A98D
:10BE600002462046FFF714FF82461DB121682A468C
:10BE7000FFF75EFF37B12EB1324639460AEB0500B7
:10BE8000FFF756FFB9F1000F07D0216835444A4645
:10BE900041440AEB0500FFF74BFF2046FFF716FF72
:10BEA000019BC4F800A0A36002B0BDE8F08737B5DD
:10BEB00004460191FFF7BAFF019B834202460FD966
:10BEC00001A92046FFF7E4FE6268216801320546B9
:10BED000FFF72EFF2046FFF7F9FE019B2560A360C8
:10BEE00003B030BD026800234360137070474068A0
:10BEF000B0FA80F040097047006808447047006855
:10BF0000704743680068013B18447047F7B54668BE
:10BF100004460F46FFF78AFF751C854207D90123A7
:10BF2000009300231A4631462046FFF788FF236816
:10BF30009F552368656000225A5503B0F0BD10B5C7
:10BF40000446FFF7E3FF204610BD000070B516461B
:10BF50000C4A04460D46FFF7C5FE731C05D1236845
:10BF6000656000225A55204670BD002EFBD06268E5
:10BF7000521BB24228BF324629462046FFF70BFF2C
:10BF8000F1E700BF5419020808B5416801220139E0
:10BF9000FFF701FF08BD00002DE9F74316461D46D7
:10BFA00004461B4B2A460F463146FFF7A9FE2046A2
:10BFB000FFF73CFFD4F80490A5EB0608C8444045C1
:10BFC0001DD3F319B9EB030207D0AE4205D02068A8
:10BFD000384481192844FFF7B7FE35B120689DF831
:10BFE000282029463844FFF7BBFE2368C4F80480A4
:10BFF0000022204603F8082003B0BDE8F083009536
:10C000000023324639462046FFF719FFE5E700BF17
:10C010006819020807B500920B4600224168FFF735
:10C02000BBFF03B05DF804FB10B544688C420346C7
:10C0300003D2091BFFF7EEFF10BD81BF036841600B
:10C0400000225A54F8E708B50022FFF7EDFF08BDBB
:10C050002DE9F041DDE906680D4617461C4636B16C
:10C06000964230D8324619462846FFF76DFEB8F1A1
:10C07000000F11D0BE420FD04246E919A819FFF7B0
:10C0800063FEBE4208D9EB19A219934206D3324689
:10C0900021462846FFF758FEBDE8F081A34208D8A4
:10C0A000641BE41B3444324629192846FFF740FE3E
:10C0B000F2E71F1B3A4621462846FFF745FEF21BD2
:10C0C000A919E819F2E7B8F1000FD5D1DBE70000B4
:10C0D0002DE9F74F0C9E1546044632460F4698460A
:10C0E0002946214BFFF70CFE2046FFF79FFED4F8B0
:10C0F00004B0A6EB050ADA4450452DD32368414627
:10C1000003EB070920462F44ABEB0707FFF704FEBC
:10C11000C8B147B1B54206D03A4609EB050109EB73
:10C120000600FFF711FE26B1324641464846FFF7AA
:10C13000FFFD2368C4F804A00022204603F80A206B
:10C1400003B0BDE8F08FCDE9006743462A46494673
:10C150002046FFF77DFFECE7009643462A46394626
:10C160002046FFF76CFEE4E78519020807B5009248
:10C170000B4642680021FFF7ABFF03B05DF804FBFC
:10C1800037B5044608460D46E4F7CAFD00906268DC
:10C190002B4600212046FFF79BFF03B030BD08B5BA
:10C1A000FFF7EEFF08BD006870470068704700F1B8
:10C1B000080210B50260D1E9001204464FF00003F6
:10C1C0000A44F9F722F8204610BD73B5531A0F2B15
:10C1D00004460D461646019306D9002201A9FFF731
:10C1E00057FD019B2060A360324629462068FFF777
:10C1F000CDFD019B226863600021D15402B070BD67
:10C2000000F1080310B50446036019B912B10548DE
:10C21000FFF7B1FC20464FF000030A44FFF7D5FFBB
:10C22000204610BD9E19020838B500F108030446E7
:10C2300003600D4611B90748FFF79DFC0846E4F777
:10C240006FFD4FF000032A1829462046FFF7BDFF77
:10C25000204638BD9E190208244B1A68D0075CBFDF
:10C2600001221A60224B1A68D1075CBF01221A60B2
:10C27000204B1A68D2075CBF01221A601E4B1A6855
:10C28000D0075CBF01221A601C4B1A68D1075CBF43
:10C2900001221A601A4B1A68D2075CBF01221A6089
:10C2A000184B1A68D0075CBF01221A60164B1A6837
:10C2B000D1075CBF01221A60144B1A68D2075CBF19
:10C2C00001221A60124B1A68D0075CBF01221A6063
:10C2D000104B1A68D1075CBF01221A600E4B1A6816
:10C2E000D2075CBF01221A60704700BFECA001209A
:10C2F000E8A00120E4A00120E0A00120DCA00120B2
:10C30000D8A00120D4A00120D0A00120CCA00120E1
:10C31000C8A00120C4A00120C0A001200378472BA1
:10C3200017D143784E2B14D18378552B11D1C37874
:10C33000432B0ED10379432B0BD143792B2B08D1FF
:10C3400083792B2B05D1C07901288CBF00200120D7
:10C3500070470020704710B5044648B1FEF752FD03
:10C360002046FFF7DBFF18B154F8140CFEF7F8FF76
:10C37000FFF702F838B50246FFF7D0FF044640B198
:10C3800052F8184C00251046FEF73CFD1DB1FFF792
:10C3900005F80125F7E72046FEF7F3FF024B186882
:10C3A000BFF35B8F704700BFF0A0012000487047CB
:10C3B000D01902087047000010B5034B0360044613
:10C3C00000F02CF9204610BD8023020810B5044669
:10C3D000FFF7F2FF2046FEF7A7FB204610BD000046
:10C3E00013B51346012B00F10802026008BF0E23AB
:10C3F0004FF0000218BF0D234260027211460BBFBE
:10C4000000930093034B044B0446FFF761FE204664
:10C4100002B010BDD9190208E8190208024A0349FE
:10C420000348FEF708BB00BF00000020B5C30108A9
:10C430005000002000487047F6190208136899421E
:10C4400004D153681B1A5842584170470020704766
:10C4500070470000004870475C1E0208742A10B53F
:10C460001ADC572A0CDC4D2A07DC3B2A0CDC242A78
:10C470000EDC0F2A18DC0E2A16D9C0E9002116E0BE
:10C480000B4BA2F158040CE00A4BA2F13C0408E06B
:10C49000A2F12D03012BEFE7A2F17604182CECD8C2
:10C4A000054BE340DB07E8D5044B0260436010BD59
:10C4B0009D00BF1F8F080200BF07F1015800002038
:10C4C0007047C0E90021704713B5036814465B69E3
:10C4D0000A460146684698476368019A9A4206D11F
:10C4E00000982368C31A5842584102B010BD00207A
:10C4F000FBE74B68834204D10868831A58425841CD
:10C500007047002070477047704710B50446FEF72B
:10C510000BFB204610BD10B50446FEF705FB204678
:10C5200010BD10B50B6886B01B6904466846984775
:10C53000DDE900122046FFF73DFA6846FFF7C6FB2B
:10C54000204606B010BD00002DE9F04300F10803BD
:10C55000002685B0054690460360466006723C277B
:10C5600039462846FFF7A3FC2C683A462670214638
:10C57000404601F011FF18B92046E4F7D1FB03E073
:10C5800022280BD17F0000202B6868601E546B6846
:10C59000002BE5D0284605B0BDE8F0832378002BBA
:10C5A000EAD1134BEC4603F108096A46186859684A
:10C5B000E646AEE8030008334B45F446F6D118686A
:10C5C0009B88AEF80430CEF8000013460DF1080C3D
:10C5D0001A4603CA624520606160134604F10804EC
:10C5E000F6D110682060137923710D20CCE700BFCD
:10C5F000E819020813B514460A4601466846FFF7D3
:10C600002DFF6368019A9A4206D100982368C31AE5
:10C610005842584102B010BD0020FBE770470000AF
:10C6200008B5064A06490748FEF705FABDE808407E
:10C63000024A05490548FEF7FEB900BF0000002088
:10C6400007C501085800002009C501085400002052
:10C6500003685A004CBF43F0004323F000431844E2
:10C66000704700BF2DE9F04759B301F1FF38054687
:10C67000164647464FF0000A0AEB070101EBD1715D
:10C68000491005EBC1094846FFF7E2FF88454FEA2C
:10C69000C104034610D004F10800B342284407D86F
:10C6A000FFF7D6FF0138B04208D201F1010AE3E7F3
:10C6B0008A4506D04F1EDFE7B042F9D84846BDE8AC
:10C6C000F0874FF000094846BDE8F087012806D002
:10C6D000022802D028B9044870470448704704482B
:10C6E00070470020704700BFC1CD0108D1CD0108BF
:10C6F000C9CD010830B5224B83B004468D1E43B32B
:10C7000001A92846AFF30080F0B101992A46FFF74E
:10C71000A9FF0146C0B1FFF79BFF4B68A064012B46
:10C720002BD0002B01F1040025DBFFF791FF002344
:10C7300023650368E064002B12DBFFF789FF0346E3
:10C740000020236103B030BD00230920236103B022
:10C7500030BD0C4B0C49C91AC91018460191D5E7D8
:10C76000C3F30360FFF7B2FF031E0CBF09200020D4
:10C77000236103B030BD0123DAE700230520E0E7A1
:10C7800000000000D82F0208D03702080368DA073B
:10C7900010B5044606D49B0700F1500009D5E4F714
:10C7A0009FF92368590709D51A070ED5DB0613D55B
:10C7B00010BDE4F78DF923685907F5D404F1D800CA
:10C7C000E4F796F923681A07F0D404F5AC70E4F79F
:10C7D00097F92368DB06EBD404F5EC70BDE8104054
:10C7E000E4F7D2B90346006800B11844704700BFAF
:10C7F000704700BF70B504460E46316C2046FFF707
:10C8000079FF054688B9326C626123693246214658
:10C81000012098470828F0D0072806D12846316C17
:10C82000FFF7E6FF301DE4F747F900F023FE00BFF5
:10C830002DE9F04F0D1DD0F80C90D0F818A0074648
:10C8400014460FCDADF5777D0DF10C0CACE80F0063
:10C850000FCDACE80F000FCDACE80F0095E80F004E
:10C8600002AE4FF0000E8CE80F000DF5F878C6F818
:10C8700000E021E0336C7B614FF4F47231464046B6
:10C8800001F0A2FE3B694246394658469847D8F81F
:10C890003830B3642146CDE9006A05463B460120A5
:10C8A0003A46C847044618BB4FF4F4724146304636
:10C8B00001F08AFE082D19D1316C3846FFF71AFFB6
:10C8C000093405465FFA84FB0028D3D0B36BB36408
:10C8D0003A46CDE9006A3B464BF010010120C847BB
:10C8E00030B928460DF5777DBDE8F08F072D05D0CE
:10C8F000092528460DF5777DBDE8F08F2046316C7F
:10C90000FFF776FF03A8E4F7D7F800BFF0B5CB6BCD
:10C91000FBB001F1040C0B640F460546BCE80F00A8
:10C9200001AC0FC4BCE80F000FC4BCE80F000FC47B
:10C930009CE80F004FF0FF3E84E80F006E46CDF8F4
:10C9400000E006E02B69324629469847082804464D
:10C9500008D1316C2846FFF7CDFE0028F2D009201F
:10C960007BB0F0BD3046FFF711FF062CF7D13946FA
:10C970002846FFF73FFF00BFC160D96B8261196491
:10C9800000221946FFF754BF70B5C66843690B64AF
:10C99000AEB903690A4604460D460146022098478F
:10C9A000072805D008280FD129462046FFF722FF87
:10C9B0003046296CFFF71CFF281DE4F77DF80122A3
:10C9C000FFF736FF00F056FD00F054FDC26808B5D1
:10C9D00032B1CA6B0A64BDE808400022FFF728BFE5
:10C9E000FFF794FF092008BD704700BF052915D83F
:10C9F000DFE801F00A031403030501207047009AE1
:10CA0000436C13600020704743B90F2A06D800EB2F
:10CA1000820200205368009A13607047022070471A
:10CA200000B585B00A46002303A900911946FFF717
:10CA3000DDFF039805B05DF804FB00BF052915D89C
:10CA4000DFE801F00A031403030501207047009B8F
:10CA50001B6843640020704743B90F2A06D8009B27
:10CA600000EB82021B685360002070470220704771
:10CA700010B584B0002303AC039200940A46194613
:10CA8000FFF7DCFF04B010BD2DE9F041D36BADF52D
:10CA9000107D02F1040C136407460E46BCE80F003B
:10CAA0000DF15C0EAEE80F00BCE80F00AEE80F0021
:10CAB000BCE80F00AEE80F009CE80F0016AC4FF08A
:10CAC000FF388EE80F006D46C4F8008010E0FFF7D5
:10CAD000CFFF31462046B847034622460820294664
:10CAE00083B92B699847052880460DD0092809D0BD
:10CAF000216C2846FFF7FEFD03460C212A462046FE
:10CB0000002BE4D04FF009082046FFF73FFE4046D7
:10CB10000DF5107DBDE8F0812DE9F04F1646CA6C89
:10CB200089B00D4652F8041B069200F0030CE3B1E5
:10CB30000C0C8DF81D400904E4B2059102EB84024F
:10CB400002218DF81C10296DBCF1020F08BFAA6BE1
:10CB500011F001080FD005A9304600F0DFFA0028D7
:10CB600039D1082009B0BDE8F08F090205918DF890
:10CB70001D300321E5E71768002FECD000F0080115
:10CB80000191E346CDF808809A46BAF1020F26D00B
:10CB90001788548802F10409AA6C24F001030F21BC
:10CBA000304603EB0208FFF73BFF804515D827F01E
:10CBB000010202EB0803834294BF002301236400B7
:10CBC00004F0020407F001072743012F0BD0022FC6
:10CBD00050D0002F45D00920C4E70023EFE7546868
:10CBE00002F10809D8E7BBF1000F73D1CBB1D9F836
:10CBF0000430D9F80020991C4FEAD272EBD005F12D
:10CC000058040133049400F0CC8009F10400FFF7CC
:10CC1000E9FD04AB01462846FEF74CF8002840F039
:10CC2000978009F108021768002FAED105A9304698
:10CC3000DDF8088000F072FA0028CCD1B8F1000FBE
:10CC40008FD00F213046FFF7EBFE0E210246304613
:10CC5000FFF70EFF594A0F213046FFF709FF072063
:10CC600080E7BBF1000F02D0002B40F0878009F174
:10CC70000402D8E7D9F8004024F00048BBF1000FC7
:10CC80000FD12BB1019B002B3CD0B8F1000F39D054
:10CC9000002C01DA09F1040908F1010209EB820212
:10CCA000C1E70D213046FFF7BBFE2F6A8742EFD167
:10CCB000AB6A9945ECD100240423C5E90B434B44EE
:10CCC000C5F828806B63D9F80030A34270DB0123DC
:10CCD0000293E1E70D213046FFF7A2FE2C6A844261
:10CCE0009FD1AB6A99459CD14846FFF7B1FC0F2113
:10CCF00002463046FFF7BCFE2A4600213046FFF7C9
:10CD0000B7FEACE705F15803CDF80CB009F1040704
:10CD1000B34600241E460BE038460496FFF762FD3A
:10CD20000022014604AB2846FDF7C4FF0437F8B9DA
:10CD3000444504F10104EFD10D215846FFF770FE80
:10CD4000049BC5F828900246C5E90823062009E798
:10CD500004460D213046FFF763FE049E2862022C34
:10CD600004BFEE6205F12C06C5E909690620F9E663
:10CD70005E46D9F80040DDF80CB089E74846FFF779
:10CD800067FC09F104030446AB632846FDF7E4FFA2
:10CD900000283FF420AF22460F213046FFF768FEFF
:10CDA0005DE730460D21FFF73BFE26462862DBE7B4
:10CDB00008F1010209EB820097E700BF75C3010883
:10CDC0000023FFF7A9BE00BF0123FFF7A5BE00BFE8
:10CDD0000223FFF7A1BE00BF2DE9F0410646C4B013
:10CDE0001446052908D8DFE801F016300773980BC0
:10CDF0003A19102A40F2B780022044B0BDE8F08111
:10CE0000836B002CF8D153F8042B42648363002019
:10CE100044B0BDE8F081002BEED1856B1FFA84FC95
:10CE2000012006F1040E00FA03F111EA0C0F2A4664
:10CE300004D052F8041B4EF8231015460133102B72
:10CE4000F1D1A004E3D4B563E1E7012B4FEA144725
:10CE5000A4B2CDD0052BCFD107EB0408B8F1200F39
:10CE6000CAD80F2F40F2BD80002CD0D002685107E5
:10CE7000A04600F11B81019302AC2046E3F73CFE83
:10CE8000D6F838C0019B102F4FF0FF3239464FF0D3
:10CE9000020E38BF102118FB0E2E04EBC10184399D
:10CEA0007246604650F8045B41F8045F013A551C35
:10CEB000F8D10CF1040C012B0CEB8E0200F0D580A4
:10CEC0000F2FB26340F2FA802046E3F711FE9EE78F
:10CED000032B91D1A7B207EB1443102B4FEA144454
:10CEE0008AD80368190700F1A38022AD2846E3F72A
:10CEF00029FE7A00B06B05EBC404531E42B1011B3E
:10CF0000625844F8042B013B5A1CF9D100EBC700CE
:10CF1000B0632846E3F7F4FD79E7002B7FF46CAFAC
:10CF2000102C3FF669AF0368D80679D422AD2846A5
:10CF3000E3F734FEB76B294600234FF0010C0CFADF
:10CF400003F22242384603F1010303D050F8042BC8
:10CF50000A600746042B01F10401F0D1B7632846AB
:10CF6000E3F712FE53E7102F3FF446AF0268D107F4
:10CF700008D5304622F0030240F8502B0193E3F726
:10CF8000ABFD019B019322AD2846E3F7A5FDD6F842
:10CF900038C0002C6BD0019B4FF0000802214FF0ED
:10CFA000FF3214FB012E05EBC701043972466046BF
:10CFB00050F8044B41F8044F013A541CF8D10CF1DD
:10CFC000040C0CEB8E0CB8F1000F39D1012B4ED0B4
:10CFD0000F2FC6F838C03FF61AAF2846E3F780FD9A
:10CFE00015E70268B8F1100F02F001012AD851B11B
:10CFF000304622F0010242F0020240F8502B019329
:10D00000E3F772FD019B019322AD2846E3F76CFD27
:10D01000019B002CE1D0D6F838C04FF00008BDE7E6
:10D0200023F01003336006F5EC70E3F7B7FD7DE7FE
:10D0300023F00803036000F5AC70E3F783FD54E7C9
:10D0400002AC20E7D1B9550726D422AD284601937A
:10D05000E3F74AFD02A8E3F74FFDA8F11008D6F860
:10D0600038C0019BC7F1100498E7944622AD0CF13B
:10D070000403B3632846E3F72BFDC8E622F0010260
:10D0800042F0020240F8502B0193E3F72DFD326885
:10D09000019B12F0040FD8D0304622F0040240F871
:10D0A000D82B0193E3F728FD019BCEE722F0040281
:10D0B00040F8D82B0193E3F71FFDDDE622A8E3F744
:10D0C0000FFD01E7027A03467AB9427AA2B14168BC
:10D0D000013A10B44272086803220C1D1A7202024F
:10D0E0005C60000E10BC1A6070470068013A1A724A
:10D0F00002021A60000E7047B020704700B585B07C
:10D1000003AA0023009219460C22FFF76FFC039834
:10D1100005B05DF804FB00BFFFF7F0BF2DE9F04359
:10D12000064685B00D4600272846FFF7CBFFB028FE
:10D13000044600F0218103065ED500F0F003A02B29
:10D140001DD033D8802B00F08780902B2AD100F09F
:10D150000D030D2B26D00DF10808002300F00F025F
:10D160001946CDF800803046FFF740FC0023CDF88B
:10D1700000800D2219463046FFF760FCD4E7C34318
:10D1800003F007034FF47F621A41010702F47F6244
:10D1900001D542F48042002319463046FFF71CFEB9
:10D1A0000028C1D0092005B0BDE8F083B02B68D0BD
:10D1B000C02B3FD1C62800F0CC80C72800F0DF800C
:10D1C00000F0F803C02B00F0EC80C82800F0F780D6
:10D1D000C928E7D12846FFF775FF020300F00F00CA
:10D1E00002F4702201300243012105233046FFF78B
:10D1F000F3FD002898D0D5E78300DBB203F10408E3
:10D200000DF1080900231946CDF800900D22304693
:10D21000FFF7ECFB029ACDF8009060064CBFA2EB42
:10D22000080242440023029219460D223046FFF7BD
:10D2300005FC79E700F0F803D02BB3D100F007022A
:10D240000132052342F4002201213046FFF7C4FDDC
:10D2500000283FF469AFA5E72846FFF733FF240213
:10D260002043B0F5004F9DD004010023A2B219461F
:10D270003046FFF7B1FD002894D1C4F3C030074316
:10D2800052E7A0F1B103042B00F2B580DFE803F010
:10D290005729160C030003AA0023009219460D22F9
:10D2A0003046FFF7A3FB3FE700231A46052130462F
:10D2B000FFF792FD00283FF437AF73E72846FFF7EA
:10D2C00001FF020300F00F00013002F4702201237D
:10D2D000024319463046FFF77FFD00283FF424AF94
:10D2E00060E700230DF108090D221946CDF80090E2
:10D2F0003046FFF77BFB2846FFF7E4FE0206029C60
:10D300004FF002080CD500F07F0000FA08F004444A
:10D3100028460294FFF7D6FE030608F10708F2D468
:10D3200000FA08F004F50174204400230290CDF8BF
:10D3300000900D2219463046FFF780FBF4E62846A0
:10D34000FFF7C0FE431EDBB20E2B02467FF623AF73
:10D3500028E72846FFF7B6FE020300F00F00013071
:10D3600002F470220323024319463046FFF734FDCE
:10D3700000283FF4D9AE15E76FB3002013E7284625
:10D38000FFF7A0FE431EDBB20E2B02463FF60AAFAC
:10D39000002304213046FFF71FFD00283FF4C4AEF0
:10D3A00000E700F00F020132032342F42022194665
:10D3B0003046FFF711FD00283FF4B6AEF2E62846EE
:10D3C000FFF780FE00F0F00200F00F03103201338F
:10D3D00043EA023208E702AC3B46394600940E228B
:10D3E0003046FFF703FB0F2200943B463946304698
:10D3F000FFF724FBC1E700F0FC03B42B3FF4D2AEEF
:10D4000000F007020132012342F40022194630469F
:10D41000FFF7E2FC00283FF487AEC3E610B5C26C0C
:10D42000536884B04FF0030C08321C0208461B0EF0
:10D4300001A9019402928DF80CC08DF80D30FFF710
:10D440006DFE04B010BD00BF08B5FFF765FE806C2F
:10D4500008BD00BF08B5FFF75FFEC06CC37900EBE5
:10D460008300083008BD00BF08B500F003F808B518
:10D47000FFF7FAFF08B5062000F0F2FF012003F0E5
:10D480001FFA000007B5044B014601AA186800F016
:10D4900005F803B05DF804FBD40100202DE9F84F36
:10D4A000DFF86CA006468946174601F021FFDAF83E
:10D4B000004034B14B46984613F8012B3AB13D2A4F
:10D4C000F9D1304601F01AFF0020BDE8F88FA8EB33
:10D4D0000908A34654F8040B0028F2D042464946F6
:10D4E00000F084FF0028F4D154F8043C03EB080555
:10D4F00013F808303D2BECD1DAF80030ABEB030326
:10D500009B1030463B6001F0F9FE681CDDE700BF70
:10D51000240200202DE9FF4757EC106B002F0C462A
:10D5200019463B46BBBF07F100431F4600232D238E
:10D530000B700D9BDDF830A0914623F02008BCBF96
:10D5400032461646B8F1460F05D0B8F1450F00D166
:10D550000134022100E0032103AB019302AB0093ED
:10D5600047EC106B5346224601F0E2F8B8F1470F42
:10D57000054619D119F0010F0ED000EB0409002265
:10D58000002330463946E3F727FA08B1CDF80C906E
:10D590003022039B4B451ED3039B0E9A5B1B2846F0
:10D5A000136004B0BDE8F087B8F1460F00EB040942
:10D5B000E5D10378302B0AD10022002330463946CA
:10D5C000E3F70AFA18B9C4F10104CAF80040DAF81E
:10D5D00000309944D3E7591C03911A70D9E7F7B585
:10D5E0000029BABF49422D232B2309290270437019
:10D5F00029DD0DF1070425460A272246B1FBF7F67F
:10D6000007FB1613303302F8013C0B46632B04F181
:10D61000FF343146F1DC3031931E04F8011C411C0B
:10D620001C46AB420AD30DF109039B1AA54238BF31
:10D630000023821C1344181A03B0F0BD13F8016BC9
:10D6400001F8016FEDE7302330318370C170031DA5
:10D65000F1E700002DE9F04F8DB00C46DDF8588061
:10D6600016461F46054600F085FF036806931846D8
:10D67000E3F756FB00230A93D8F8003094F818A07B
:10D68000D4F800B00790073323F00703B3EC027B14
:10D690008DED047BC8F80030DDE9048323F00049F8
:10D6A00084ED127B9C4B4FF0FF3240464946E3F736
:10D6B000C5F970BB984B4FF0FF3240464946E3F73F
:10D6C0009FF930BBDDE9040100220023E3F78EF966
:10D6D00010B12D2384F84330904A914BBAF1470F93
:10D6E0008CBF90469846032323612BF004032360EC
:10D6F0004FF00009009733460BAA2146284600F058
:10D7000083FA013040F08C804FF0FF300DB0BDE85F
:10D71000F08FDDE9042310461946E3F78FF940B195
:10D72000059B804A002BBCBF2D2384F843307E4BE1
:10D73000D4E763685A1C0AF0DF093BD10623636013
:10D740004BF480620023226003930AABCDE901A36E
:10D7500009AB009361689DED040B0DF1230328468E
:10D76000FFF7D8FEB9F1470F0999804629D1C81CA7
:10D7700002DB63688B4241DAAAF1020A5FFA8AFA95
:10D780000139524604F150000991FFF728FF0A9A27
:10D790001318012A8146236102DC2268D20701D5D1
:10D7A000013323619DF82330002BA3D02D2384F86F
:10D7B00043309FE7B9F1470FC2D1002BC0D10123FD
:10D7C000BDE7BAF1650FDBD9BAF1660F18D10029B0
:10D7D00063680BDD216113B92268D00702D50133DC
:10D7E0000B442361A1654FF00009DBE713B9226800
:10D7F000D20701D50233F4E70123F2E74FF0670ABD
:10D800000A9B8B4205DC23682161D807EAD54B1CB3
:10D81000E7E70029D4BFC1F1020201221344E0E787
:10D8200023685A0507D42369424631462846B8473B
:10D8300001302BD168E7BAF1650F40F2DD80D4E901
:10D84000120100220023E3F7C7F8002833D0374A3B
:10D85000012331462846B84701303FF455AFDDE992
:10D860000938434502DB2368D8070FD5DDE90623D5
:10D8700031462846B84701303FF446AF4FF0000923
:10D8800008F1FF3804F11A0AC84509DC23689B0730
:10D8900000F10381E0680B9B9842B8BF184635E75A
:10D8A0000123524631462846B84701303FF42CAF99
:10D8B00009F10109E8E7099B002B39DC1B4A012328
:10D8C00031462846B84701303FF41EAFDDE909393B
:10D8D00059EA030302D12368D907D7D5DDE9062326
:10D8E00031462846B84701303FF40EAF4FF0000AEA
:10D8F00004F11A0B099B5B42534501DC4B4693E74D
:10D9000001235A4631462846B84701303FF4FCAE61
:10D910000AF1010AEEE700BFFFFFEF7F021A0208DB
:10D92000FE1902080A1A0208061A02080E1A02084C
:10D93000A36DDDF828A05345A8BF5346002B994698
:10D9400036DC4FF0000B29EAE97904F11A02A36DE5
:10D950000493A3EB09035B4531DC099B9A453ADC50
:10D960002368DA0737D4099BAAEB0309049BAAEBC7
:10D9700003039945A8BF9946B9F1000F33DC4FF076
:10D98000000829EAE97904F11A0B099BAAEB0303C1
:10D99000A3EB090343457FF779AF01235A4631468C
:10D9A0002846B84701303FF4AFAE08F10108ECE774
:10D9B000424631462846B8470130C2D1A4E6012389
:10D9C000314628460492B84701303FF49DAE049A90
:10D9D0000BF1010BBBE7DDE9062331462846B847CA
:10D9E0000130C0D190E6049A4B4642443146284665
:10D9F000B8470130C3D187E6DDF828A0BAF1010F9E
:10DA000001DCDB0736D50123424631462846B847BC
:10DA100001303FF479AEDDE9062331462846B847A8
:10DA200001303FF471AED4E91201002200230AF163
:10DA3000FF3AE2F7D1FFC0B9534608F1010231467F
:10DA40002846B84701300CD15EE601235A463146DC
:10DA50002846B84701303FF457AE08F10108D045D9
:10DA6000F3DB4B4604F15002DFE64FF0000804F10F
:10DA70001A0BF4E701234246E1E701234A46314607
:10DA80002846B84701303FF43FAE08F10108E3688B
:10DA90000B995B1A4345F0DCFCE64FF0000804F1FB
:10DAA0001909F4E7024B0146186800F02DB800BFD1
:10DAB000D4010020024B0146186801F025BC00BFCC
:10DAC000D401002070B50F4E0C463168054611B9DF
:10DAD00000F006FD30602146284600F001FD431CA1
:10DAE00003D14FF0FF34204670BDC41C24F0030462
:10DAF000A042F8D0211A284600F0F2FC0130F2D101
:10DB0000EFE700BFF4A001202DE9F843CD1C25F07C
:10DB1000030508350C2D38BF0C25002D064601DB0A
:10DB2000A94204D90C2333600020BDE8F883DFF854
:10DB3000D48000F0F7F9D8F800301C4644BB2946E1
:10DB40003046FFF7BFFF431C044658D1D8F80040C9
:10DB50002746002F43D1002C4BD02368394630464E
:10DB600004EB030900F0BCFC814542D121686D1A29
:10DB700029463046FFF7A6FF01303AD023682B44F0
:10DB80002360D8F800305A6862BBC8F800700FE014
:10DB90002268521B20D40B2A17D96119A342256091
:10DBA00018BF5960636808BFC8F8001062514B6025
:10DBB000304600F0BDF904F10B00231D20F00700F2
:10DBC000C21A1CBF1B1AA350AFE76268A3420CBF66
:10DBD000C8F800205A60EBE723466468AEE73C468D
:10DBE0007F68B6E71A465B68A342FBD10023536007
:10DBF000DEE70C233360304600F09AF994E70560C5
:10DC0000D6E700BFF8A001202DE9F0471646984658
:10DC10008A680B69DDF820909342B8BF13463360E1
:10DC200091F8432007460C460AB10133336023685C
:10DC3000990642BF336802333360256815F0060544
:10DC400006D104F1190AE36832689B1AAB4226DC5C
:10DC500094F843302268003B18BF012392062BD46E
:10DC600004F1430241463846C84701301ED02368BC
:10DC7000226903F00603042B02BFE5683368ED1A3E
:10DC8000A3680CBF25EAE57500259342C4BF9B1A23
:10DC9000ED1800261A34B5421AD1002008E00123FD
:10DCA000524641463846C847013003D14FF0FF3055
:10DCB000BDE8F0870135C6E7E1185A1C302081F82D
:10DCC0004300224494F8451082F843100233C7E71A
:10DCD0000123224641463846C8470130E6D0013686
:10DCE000D9E700002DE9FF470F7E0C9E782F914663
:10DCF00080460C469A4601F1430207D8622F0AD8A3
:10DD0000002F00F0D280582F00F0B78004F14206B7
:10DD100084F842703AE0A7F16303152BF6D801A10D
:10DD200051F823F07DDD010891DD01080DDD0108CA
:10DD30000DDD01080DDD01080DDD010891DD010893
:10DD40000DDD01080DDD01080DDD01080DDD010807
:10DD500091DE0108BBDD010847DE01080DDD010889
:10DD60000DDD0108B3DE01080DDD0108BBDD010892
:10DD70000DDD01080DDD01084FDE010833681A1DB5
:10DD80001B68326004F1420684F8423001239DE0B2
:10DD900033682068191D3160060601D51D6803E04F
:10DDA0004506FBD5B3F90050002D03DA2D236D4253
:10DDB00084F8433059480A2310E021683368080684
:10DDC00053F8045B02D4490648BFADB26F2F5348E5
:10DDD000336059D10823002184F843106668A66097
:10DDE000002E05DB21682E4321F0040121604DD077
:10DDF0001646B5FBF3F103FB1157C75D06F8017D2D
:10DE00002F46BB420D46F4D9082B0BD12368DF0700
:10DE100008D5236961689942DEBF302306F8013CCA
:10DE200006F1FF36921B2261CDF800A04B4603AAF3
:10DE300021464046FFF7E8FE01304CD14FF0FF305D
:10DE400004B0BDE8F087236843F020032360344822
:10DE5000782784F84570236831681F0651F8045B01
:10DE600002D45F0648BFADB23160D90744BF43F06A
:10DE7000200323601DB11023ADE72848E9E723689C
:10DE800023F020032360F6E70A23A4E71646BBE746
:10DE9000336825686169181D30602E061B6801D53E
:10DEA000196002E06806FBD519800023236116463D
:10DEB000BAE733681A1D32601E6862680021304676
:10DEC000E2F7DEFE08B1801B606063682361002317
:10DED00084F84330A8E72369324649464046D04794
:10DEE0000130ABD023689B0713D4E068039B9842B2
:10DEF000B8BF1846A4E70123324649464046D047FA
:10DF000001309BD00135E36803995B1AAB42F2DC28
:10DF1000EBE7002504F11906F5E700BF101A020827
:10DF2000211A0208014800F022BB00BF39A20120DB
:10DF3000014800F01DBB00BF39A201200EB410B58E
:10DF40009DB01FAB029006906FF000410A48079108
:10DF500004910A4953F8042B0591002402A9006892
:10DF600001931B9401F07AFA029B1C701DB0BDE86E
:10DF7000104003B0704700BFD40100200802FFFF2B
:10DF800010B50C46B1F90E1000F084FA0028ABBFB2
:10DF9000636DA3891B1823F48053ACBF6365A38111
:10DFA00010BD2DE9F0411F468B89DB0505460C4667
:10DFB000164605D5B1F90E100223002200F058FADA
:10DFC000A389B4F90E1023F48053A38132463B4653
:10DFD0002846BDE8F04100F093BA10B50C46B1F9FF
:10DFE0000E1000F045FAB4F90C30421C0BBF23F4BC
:10DFF000805343F48053A381A38118BF606510BD93
:10E00000B1F90E1000F0BABA002310B50446C0E909
:10E010000033C0E90433836081814366C281836138
:10E02000194608225C3000F0A2F90D4B63620D4BDB
:10E03000A3620D4BE3620D4B23630D4B24629C42A4
:10E0400006D003F16802944202D0D0339C4205D13D
:10E0500004F15800BDE8104000F088BA10BD00BFC0
:10E0600081DF0108A3DF0108DBDF010801E001080F
:10E07000FCA00120024A0349034800F01FB900BF79
:10E080005C00002001FA0108D801002041680C4B17
:10E09000994210B5044601D001F0B2FCA168094BC9
:10E0A000994202D0204601F0ABFCE168064B994250
:10E0B00004D02046BDE8104001F0A2BC10BD00BF56
:10E0C000FCA0012064A10120CCA101200C4B0D4A31
:10E0D0000D4810B504211A600022FFF795FF0A4B86
:10E0E00001221C46092103F16800FFF78DFF04F1AE
:10E0F000D0000222BDE810401221FFF785BF00BF0B
:10E1000034A2012075E00108FCA00120014800F0C4
:10E110002EBA00BF3AA20120014800F029BA00BF80
:10E120003AA2012010B50446FFF7F0FF236A1BB1A5
:10E13000BDE81040FFF7F0BF044B2362044B1B689F
:10E14000002BF5D1FFF7C2FFF2E700BF8DE0010819
:10E1500034A2012030B51446002C9BB005461A4667
:10E1600005DA8B2303604FF0FF301BB030BD4FF456
:10E170000273ADF80C304FF00003199314BF04F193
:10E18000FF332346029305934FF6FF7300910491EA
:10E19000ADF80E3069461E9B01F060F9431CBCBF10
:10E1A0008B232B60002CE0D0009B00221A70DCE750
:10E1B00007B5009313460A46014603480068FFF777
:10E1C000C9FF03B05DF804FBD40100202DE9F04342
:10E1D000344E86460D46284615F8014B375D17F03C
:10E1E0000807F8D12D2C10D12C780127851C33F08D
:10E1F000100015D1302C0DD1287800F0DF00582800
:10E2000008D16C78023510230AE02B2C04BF2C783F
:10E21000851CECE7002BF6D1302C14BF0A23082311
:10E220004FF0FF380026B8FBF3F803FB08F96FEA5C
:10E2300009093046A4F1300CBCF1090F10D864462E
:10E24000A3421EDDB6F1FF3F07D0804516D301D1B2
:10E25000A14513DB00FB0340012615F8014BE9E75C
:10E26000A4F1410CBCF1190F01D8373CE8E7A4F147
:10E27000610CBCF1190F04D8573CE1E74FF0FF36B1
:10E28000EBE7731C06D12223CEF80030304632B9BA
:10E29000BDE8F08307B14042002AF9D006B1691EFB
:10E2A0001160F5E78524020813460A460146024834
:10E2B0000068FFF78BBF00BFD40100202DE9F843B1
:10E2C0000746884614460026D4E90195B9F10109AC
:10E2D00005D52468002CF7D13046BDE8F883AB891A
:10E2E000012B07D9B5F90E30013303D02946384642
:10E2F000C04706436835E9E70FB407B5064904ABE4
:10E30000086853F8042B8168019301F0CDF903B03C
:10E310005DF804EB04B07047D401002010B501395A
:10E320000244904201D1002005E0037811F8014F2A
:10E33000A34201D0181B10BD0130F2E7884210B58E
:10E3400001EB020402D98442234607D8431EA142AE
:10E3500007D011F8012B03F8012FF8E7024482429D
:10E3600000D110BD13F8011D02F8011DF7E70244AA
:10E370000346934200D1704703F8011BF9E7C9B285
:10E380000346184613F8012B12B18A42F9D170479F
:10E39000002918BF00207047F7B500270E460197E7
:10E3A000144692B10146104801AB0122006802F008
:10E3B00013F80546E2F7B4FCA04209D3013C22461B
:10E3C0002946304600F000F93755222003B0F0BD51
:10E3D0002946304600F0F0F801980028F6D12B7855
:10E3E000002B08BF1620F1E7D401002010B56AB158
:10E3F0000139841810F8012B11F8013F9A4203D11A
:10E40000A04201D0002AF5D1D01A10BD1046FCE779
:10E410001F2938B505460C4604D9162303604FF072
:10E42000FF3038BDC26B12B152F821304BB92846CB
:10E4300000F054F8224601462846BDE8384000F076
:10E440003BB8012B0AD0591C03D1162303600120CD
:10E45000E7E7002142F82410204698470020E0E733
:10E46000024B01461868FFF7D3BF00BFD40100205C
:10E4700038B5074D04460846114600222A601A4660
:10E4800002F0F8F9431C02D12B6803B1236038BDB8
:10E490003CA2012038B5074D04460846114600222B
:10E4A0002A601A4602F0EEF9431C02D12B6803B130
:10E4B000236038BD3CA2012038B5074D0023044637
:10E4C000084611462B6002F0CDF9431C02D12B689F
:10E4D00003B1236038BD00BF3CA2012002F0B2B9F5
:10E4E00038B5064D0023044608462B6002F0D2F9E9
:10E4F000431C02D12B6803B1236038BD3CA201202C
:10E5000038B5074D04460846114600222A601A46CF
:10E5100002F0CEF9431C02D12B6803B1236038BD51
:10E520003CA2012070B50D4B0D4D5B1B9C100026CD
:10E53000A64209D102F0C6F90A4D0B4B5B1B9C1099
:10E540000026A64205D170BD55F8043B9847013618
:10E55000EEE755F8043B98470136F2E7D03702085A
:10E56000D0370208D03702080C38020870477047CD
:10E5700070470000004870475801002038B5064D2C
:10E580000023044608462B6002F04CF9431C02D1DC
:10E590002B6803B1236038BD3CA2012010B50446AE
:10E5A0000448134620B10A4602202146AFF30080FA
:10E5B00010BD00BF00000000034611F8012B03F856
:10E5C000012B002AF9D170470A44914200F1FF3330
:10E5D00000D1704710B511F8014B03F8014F91427B
:10E5E000F9D110BD1FB514461A46094B1B680546E4
:10E5F000D8684CB1074B0091CDE9013406492B4650
:10E6000001F0AEFDFEF736FF044B1C46F3E700BFFA
:10E61000D40100203C1A0208491A0208771A02089D
:10E620002DE9F74F03690C69A34207467EDB013CE5
:10E6300001F11408A30000F11405009305EB840315
:10E64000019358F8243055F8242001339A4208EBFE
:10E650008409B2FBF3F62ED34FF0000AC446AE464F
:10E66000D3465CF8043B98B206FB00A0020C1B0CDE
:10E6700006FB0323DEF8002080B292B2121A5A443D
:10E68000DEF800004FEA134A9BB2C3EB224303EBD0
:10E69000104392B242EA0342E1454EF8042B4FEA9E
:10E6A000234BDED2009BEB582BB9019B043B9D42D0
:10E6B0001A462FD33C61384601F046FC002825DB82
:10E6C0002946002058F8042BD1F800C01FFA82FE1A
:10E6D0001FFA8CF3A3EB0E030344120CC2EB23428C
:10E6E00002EB1C429BB243EA0243C14541F8043BA2
:10E6F0004FEA2240E6D255F8242005EB840322B9E4
:10E70000043B9D421A460BD33C610136304603B0B0
:10E71000BDE8F08F1268043B002ACBD1013CC6E76C
:10E720001268043B002AEFD1013CEAE70020EEE743
:10E730002DE9F04F99B08DED0E0B0C92C269229C21
:10E740000A9157EC106B8146139382B91020FFF7A2
:10E75000A9F90246C9F81C0020B9AD4BEF21AD481C
:10E76000FFF740FF0023C0E901330360C360116875
:10E7700059B152684A60012393408B60484601F0CA
:10E78000A5F9D9F81C3000221A60B7F10008B5BF0E
:10E7900001230023236023609F4BBCBF28F0004867
:10E7A000CDF83C8033EA08031AD1139AC8F3130852
:10E7B00042F20F7358EA0608136000F06C85239B41
:10E7C00053B9964B21E0964B00930833239A13607C
:10E7D000009819B0BDE8F08F904B00930333F5E734
:10E7E0009DED0E7B002251EC170B00238DED067B77
:10E7F000E2F7F2F8824650B1139A01231360239B8B
:10E8000013B1239A874B1360874B0093E0E79DED8C
:10E81000060B16AA17A9484601F04AFC5FEA1854ED
:10E82000169D019079D0079BCDF850A0C3F3130338
:10E83000DDE9060143F07F5343F44013A4F2FF34B3
:10E8400019460022794BE1F7A7FC6BA3D3E900231B
:10E85000E1F75AFE6AA3D3E90023E1F79FFC0646DD
:10E8600020460F46E1F7E6FD67A3D3E90023E1F771
:10E870004BFE02460B4630463946E1F78FFC064612
:10E880000F46E2F7F1F80022804600233046394671
:10E89000E2F7ACF848B14046E1F7CCFD32463B46E2
:10E8A000E2F79AF808B908F1FF38B8F1160F51D815
:10E8B0005F4B03EBC803D3E90023DDE90601E2F770
:10E8C00095F8002848D008F1FF38002312932D1B3B
:10E8D0006B1E089343BF0023C5F10107089300276F
:10E8E000B8F1000F3ADB089BCDF83480434408931D
:10E8F000002309930A9B092B64D8052BC4BF043B52
:10E900000A930A9BA3F10203CCBF00240124032B2A
:10E9100064D8DFE803F05355362B179C2C4404F2DF
:10E920003243202BC1BFC3F1400308FA03F804F2BD
:10E93000124326FA03F3D6BFC3F1200348EA0300CB
:10E9400006FA03F0E1F766FD0122A1F1F873013C3C
:10E95000149275E70123B9E71290B8E7C8F10003F4
:10E9600009930023A7EB08070D93C3E701230B933B
:10E970000C9B434405930133012B0493B8BF01233F
:10E9800006E001230B930C9B002B2ADDCDE9043319
:10E99000D9F81C000021042202F114059D4201F166
:10E9A000010623D94160484601F052F80090002842
:10E9B00042D1204B024640F2AF11D0E60023E1E7FE
:10E9C0000023D4E701240023CDE90A344FF0FF33BC
:10E9D000CDE90433002212230C92D9E701230B93D3
:10E9E000F4E70123CDE904331A46F5E75200314636
:10E9F000D2E700BFAFF3008061436F63A787D23FC8
:10EA0000B3C8608B288AC63FFB799F501344D33F1D
:10EA1000851A02089C1A02080000F07F811A020879
:10EA2000781A02080F1A02080E1A02080000F83FAE
:10EA3000C0250208FD1A0208D9F81C30009A1A6095
:10EA4000049B0E2B00F2A180002C00F09E80B8F1F8
:10EA5000000F36DD9E4B08F00F0203EBC20318F4E3
:10EA6000807FD3E900AB4FEA281516D0994BDDE93A
:10EA70000601D3E90823E1F771FECDE9020105F0B3
:10EA80000F050324934E75B9DDE9020152465B463A
:10EA9000E1F764FE82468B462DE09DED067B022465
:10EAA0008DED027BEEE7E90708D550465946D6E9D9
:10EAB0000023E1F729FD013482468B466D100836AC
:10EAC000E1E700F0AD80C8F10005814B814E05F013
:10EAD0000F0203EBC203D3E90023DDE90601E1F7EE
:10EAE00013FD2D1182468B4600230224002D40F099
:10EAF0008C80002BCED1129B002B00F09580764BA2
:10EB0000002250465946E1F771FF002800F08C8042
:10EB1000049B002B00F08880059B002B35DD08F15D
:10EB2000FF330293504659466C4B0022E1F7ECFC50
:10EB3000059E82468B4601342046E1F77BFC524617
:10EB40005B46E1F7E1FC664B0022E1F727FB044658
:10EB5000A1F15075CDE91045002E69D1614B00221D
:10EB600050465946E1F718FB22462B4682468B4613
:10EB7000E1F75AFF002840F09482224605F1004355
:10EB800050465946E1F732FF20BB179B002BC0F2DD
:10EB90006081B8F10E0F00F35C814D4B03EBC803AD
:10EBA000D3E900AB0C9B002B80F2EE80049B002B82
:10EBB00000F3EA800ED14B4B002250465946E1F754
:10EBC000A3FC02460B46DDE90601E1F719FF002828
:10EBD00000F06A8200252C460C9B009EDB430293CA
:10EBE000274600242946484600F070FF002F00F019
:10EBF000C1802CB1BC4203D02146484600F066FFDC
:10EC00003946484600F062FFB4E0EA0705D5D6E988
:10EC10000023E1F779FC013401236D10083665E724
:10EC2000DDE906AB022466E7049ECDF8088083E7A1
:10EC3000274B03EBC60353E902010B9B002B55D076
:10EC400002460B4600202849E1F788FDDDE9102344
:10EC5000E1F7A2FA009BCDE910019D191E46594625
:10EC60005046E1F701FF0446E1F7E4FB02460B469C
:10EC700050465946E1F790FA3034DDE9102306F8A2
:10EC8000014B82468B46E1F7B1FE002872D1524615
:10EC90005B4611490020E1F77FFADDE91023E1F737
:10ECA000A5FE002840F0B680AE423FF46EAFDDE92D
:10ECB00010010A4B0022E1F727FC084BCDE91001B7
:10ECC000002250465946E1F71FFC82468B46C6E7B4
:10ECD000C0250208982502080000F03F00002440EB
:10ECE00000001C40000014400000E03FDDE910235C
:10ECF000E1F70AFC009B009DCDE910013344159318
:10ED000059465046E1F7B0FE0446E1F793FB303434
:10ED10000B46024659465046E1F73EFA05F8014BCC
:10ED2000159B9D4282468B4627D1009B0022DDE940
:10ED300010011E44B34BE1F731FA02460B46504630
:10ED40005946E1F771FE002864D1DDE91023AD4991
:10ED50000020E1F721FA02460B4650465946E1F7FA
:10ED600045FE00283FF411AF334616F8012D302A36
:10ED7000FAD01E46DDF808803AE0A34B0022E1F706
:10ED8000C3FB82468B46BBE7009E52465B46DDE9ED
:10ED90000601E1F7E3FCE1F767FE0746E1F74AFB0E
:10EDA00052465B46E1F7B0FB02460B46DDE9060141
:10EDB000E1F7F2F907F1300C009C06F801CBA6EB65
:10EDC000040C049C644502460B4633D1E1F7E6F996
:10EDD00052465B4604460D46E1F726FEC0B9524650
:10EDE0005B4620462946E1F7F7FD08B1FB070FD443
:10EDF0000199484600F06AFE0023139A337008F127
:10EE000001031360239B002B3FF4E2AC1E60DFE4A0
:10EE1000CDF8088033461E4613F8012D392A06D155
:10EE2000009A9A42F7D1029A0132029230220132BC
:10EE30001A709FE7744B0022E1F766FB02460B460F
:10EE4000CDE9062300220023E1F7C6FD00289CD06F
:10EE5000CEE70B9A002A00F0E3800A9A012A00F319
:10EE6000C280149A002A00F0BA8003F23343099D4D
:10EE70003E46089A01211A4448461F44089200F071
:10EE8000D9FE044656B1089B002B07DDB342089A11
:10EE9000A8BF3346FF1AF61AD31A0893099B0BB37F
:10EEA0000B9B002B00F0C380002D00F0BD8021469D
:10EEB0002A46484600F07EFF019A0146044648462D
:10EEC00000F0CEFE01998246484600F0FFFD099B06
:10EED0005B1B099300F0AE80099A5146484600F04A
:10EEE00069FF01900121484600F0A4FE0D9B0546F4
:10EEF000002B00F0D7811A460146484600F05AFF21
:10EF00000A9B012B054600F39D800E9B002B40F0D1
:10EF100094800F9BC3F31303002B40F08E800F9B54
:10EF200023F000431B0D1B05002B00F08980089B7C
:10EF30000133013708934FF0010A0D9B002B00F0BD
:10EF4000B7812B6905EB8303186900F027FEC0F138
:10EF50002000089B184410F01F007ED0C0F1200351
:10EF6000042B72DD089BC0F11C00034407440644D7
:10EF70000893002F05DD01993A46484600F076FFD8
:10EF80000190089B002B05DD29461A46484600F0F3
:10EF90006DFF0546129B002B61D00198294600F0B9
:10EFA000D3FF00285BDA08F1FF33029301990023B5
:10EFB0000A22484600F0ACFD0B9B0190002B00F0AC
:10EFC0007981002321460A22484600F0A1FD059BD5
:10EFD000002B044672DC0A9B022B49DC6EE0169B78
:10EFE000C3F1360343E7049B5D1E099BAB420DDB77
:10EFF0005D1B049B002BBFF63BAF049BFE1A002356
:10F0000037E700BF0000E03F00002440099B0D9A55
:10F010000995EB1A1A440D92049B3E46002528E7F9
:10F02000099D0B9C3E462DE7DDF804A054E7099AA4
:10F03000019953E7CDF804A054E74FF0000A7CE7AC
:10F040009A467AE74FF0000A7BE792D0089A1C3381
:10F050001A441F441E4408928BE70346F6E7049BBC
:10F06000CDF80880002B23DC05930A9B022B21DDC1
:10F07000059B002B7FF4B0AD29460522484600F0E1
:10F0800047FD01460546019800F05EFF00287FF726
:10F09000A3AD009E312306F8013B029B013302938E
:10F0A0009EE535462C46F4E7049DCDF80880F9E747
:10F0B000049B05930B9B002B00F00081002E05DDC7
:10F0C00021463246484600F0D1FE0446BAF1000F10
:10F0D0005AD06168484600F0BBFC064628B9824B0E
:10F0E000024640F2EF21FFF73ABB2269023292005A
:10F0F00004F10C010C30FFF767FA01223146484653
:10F1000000F0B4FE0746009B009A03F1010B059B3B
:10F11000134406930E9B03F0010308930BF1FF3396
:10F12000294601980493FFF77BFA2146059000F1E8
:10F13000300A019800F008FF3A46804629464846C2
:10F1400000F01EFFC268064602BB0146019800F0AF
:10F15000FBFE024631464846099200F0B7FCDDE965
:10F16000092342EA0301089B19435E4610D1BAF114
:10F17000390F2BD0B8F1000F02DD059B03F1310AE6
:10F18000049B83F800A02DE52746BCE70122E1E7B8
:10F19000B8F1000F06DB0A9B48EA0308089B58EA0F
:10F1A000030820D1002AEBDD01990122484600F036
:10F1B0005DFE2946019000F0C7FE002803DCDFD188
:10F1C0001AF0010FDCD0BAF1390FD6D1049A3923E5
:10F1D000137033461E46013B16F8012C392A52D0D3
:10F1E00001321A70FEE4002A07DDBAF1390FEDD0C2
:10F1F000049A0AF101031370F4E4069B0BF801ACC6
:10F200005B452AD0019900230A22484600F080FC81
:10F21000BC4201904FF000034FF00A0221464846DD
:10F2200006D100F075FC044607460BF1010B75E7AB
:10F2300000F06EFC3946044600230A22484600F0DE
:10F2400067FC0746F1E7059B5E1E002B009BD8BFBD
:10F2500000265A1C274616440024019901224846DC
:10F2600000F004FE2946019000F06EFE0028B0DC9C
:10F2700002D11AF0010FACD133461E4613F8012D0E
:10F28000302AFAD0AEE4009A9A42A3D1029B01330D
:10F2900002933123AFE7239B002B7FF494AA134BF7
:10F2A000FFF7B3BA0A9B012B7FF72FAEDDF834A02E
:10F2B00001204EE6059B002B7FF7D7AE009E0198FC
:10F2C0002946FFF7ADF900F1300A009B06F801ABC3
:10F2D000F21A059B9342B6DD019900230A224846A3
:10F2E00000F016FC0190EAE7FD1A0208781A0208FD
:10F2F0000148FFF73CB900BF38A201200148FFF7E1
:10F3000037B900BF38A2012038B50546002941D0E1
:10F3100051F8043C0C1F002BB8BFE418FEF702FEA6
:10F320001D4A136833B9636014602846BDE838404D
:10F33000FEF7FEBDA34208D9206821188B4201BF09
:10F3400019685B6809182160EDE71A465B680BB124
:10F35000A342FAD911685018A0420BD12068014489
:10F36000501883421160E0D118685B68536008440C
:10F370001060DAE702D90C232B60D6E72068211849
:10F380008B4204BF19685B68636004BF0918216081
:10F390005460CAE738BD00BFF8A001202DE9F0474E
:10F3A0008E681F46BE4282460C469046334653D86E
:10F3B000B1F90C0010F4906F2BD0656923680969CE
:10F3C00005EB4505A3EB010905EBD5757B1C6D101D
:10F3D0004B44AB422A4684BF1D462A46430527D5E7
:10F3E00011465046FEF790FB064658B321694A463F
:10F3F000FFF7EAF8A38923F4906343F08003A38125
:10F40000266165614E44A5EB09052660A5603E4670
:10F410003B461F4620683A464146FEF78FFFA368E9
:10F420009B1BA36023683B4423600020BDE8F0875A
:10F43000504600F0A7FE06460028E1D1216950465B
:10F44000FFF762FF0C23CAF80030A38943F04003A2
:10F45000A3814FF0FF30E9E73E46DBE72DE9F04FAF
:10F4600098468B891B069DB007460D46144610D55D
:10F470000B6973B94021FEF747FB2860286130B95A
:10F480000C233B604FF0FF301DB0BDE8F08F4023F0
:10F490006B610023099320238DF82930CDF80C806F
:10F4A0003023DFF89C818DF82A304FF00109234684
:10F4B0009A4613F8012B0AB1252AF9D1BAEB040BAD
:10F4C0000BD05B46224629463846FFF767FF0130DE
:10F4D00000F0A780099A5A4409929AF80030002B4C
:10F4E00000F09F8000234FF0FF32CDE905230AF1A1
:10F4F000010A049307938DF853301A93544605225A
:10F5000014F8011B4E48E1F7BBFB049AD8B9D006AA
:10F5100044BF20238DF85330110744BF2B238DF8AF
:10F5200053309AF800302A2B15D0079A5446002001
:10F530004FF00A0C214611F8013B303B092B4BD907
:10F54000B0B1079214E0A0EB080309FA03F31343E8
:10F550000493A246D2E7039B191D1B680391002B5D
:10F56000BBBF5B4242F0020207930793B8BF04920D
:10F5700023782E2B0AD163782A2B32D1039B1A1DB4
:10F580001B68039243EAE37302340593DFF8C0A0DB
:10F59000217803225046E1F773FB38B1049BA0EBBE
:10F5A0000A004022824013430134049314F8011BE3
:10F5B00024488DF828100622E1F762FB002836D097
:10F5C000214B1BBB039B073323F007030833039333
:10F5D000099B334409936AE70CFB02320C46012075
:10F5E000A8E700230134059319464FF00A0C204682
:10F5F00010F8012B303A092A03D9002BC6D0059107
:10F60000C4E70CFB012104460123F0E703AB0093A0
:10F610002A460E4B04A93846FEF71CF8421C064643
:10F62000D6D1AB895B063FF52DAF09982CE703AB2C
:10F6300000932A46054B04A93846FEF753FBEDE735
:10F640000E1B0208181B020855D601089DF301087D
:10F65000141B02089368013B002B10B4936008DA76
:10F660009469A34201DB0A2903D15DF8044B00F041
:10F67000B7BD1368581C1060197008465DF8044B3C
:10F680007047F8B506460F461446D518AC4201D16E
:10F69000002007E014F8011B3A463046FFF7DAFF76
:10F6A000431CF3D1F8BD00002DE9F04F0D469DB08D
:10F6B00014469846064618B1036A0BB9FEF732FDA8
:10F6C0006B6ED90705D4AB899A0502D4A86DFEF7F5
:10F6D0004EFFAB891B0701D52B699BB929463046E4
:10F6E00000F0BCFD70B16B6EDC0704D54FF0FF304D
:10F6F0001DB0BDE8F08FAB899805F7D4A86DFEF773
:10F7000037FFF3E70023099320238DF82930CDF844
:10F710000C803023DFF8AC818DF82A304FF00109DE
:10F7200023469A4613F8012B0AB1252AF9D1BAEBE0
:10F73000040B0BD05B46224629463046FFF7A1FF5B
:10F74000013000F0A780099A5A4409929AF80030D3
:10F75000002B00F09F8000234FF0FF32CDE90523FE
:10F760000AF1010A049307938DF853301A93544613
:10F77000052214F8011B5348E1F782FA049AD8B91C
:10F78000D10644BF20238DF85330130744BF2B23E9
:10F790008DF853309AF800302A2B15D0079A54462A
:10F7A00000204FF00A0C214611F8013B303B092B99
:10F7B0004BD9B0B1079214E0A0EB080309FA03F3A8
:10F7C00013430493A246D2E7039B191D1B680391C0
:10F7D000002BBBBF5B4242F0020207930793B8BF06
:10F7E000049223782E2B0AD163782A2B32D1039BE3
:10F7F0001A1D1B68039243EAE37302340593DFF892
:10F80000D4A0217803225046E1F73AFA38B1049B9C
:10F81000A0EB0A004022824013430134049314F801
:10F82000011B29488DF828100622E1F729FA002843
:10F830003FD0264B1BBB039B073323F00703083342
:10F840000393099B3B4409936AE70CFB02320C4685
:10F850000120A8E700230134059319464FF00A0C54
:10F86000204610F8012B303A092A03D9002BC6D0C4
:10F870000591C4E70CFB012104460123F0E703AB2B
:10F8800000932A46124B04A93046FDF7E3FE0746D3
:10F89000781CD6D16B6ED90705D4AB899A0502D4F2
:10F8A000A86DFEF765FEAB895B063FF51FAF0998B3
:10F8B0001EE703AB00932A46054B04A93046FEF72A
:10F8C00011FAE4E70E1B0208181B020855D60108BE
:10F8D00083F60108141B020882B001B901A942B1E4
:10F8E0004BB113780B601278101E18BF012002B0C4
:10F8F00070471046FBE76FF00100F8E7B1F90C2004
:10F900002DE9F041160705460C4651D44B68002BF3
:10F9100002DC0B6C002B49DDE66A002E46D000238A
:10F9200012F480522F682B6031D0626DA389590781
:10F9300005D56368D21A636B0BB1236CD21A00230E
:10F94000E66A216A2846B047421CB4F90C3006D159
:10F9500029681D2946D8294ACA40D60742D500221F
:10F960006260D9042269226004D5421C01D12B684F
:10F9700003B96065616B2F60C1B104F14403994222
:10F9800002D02846FFF7C0FC002363630EE0216A23
:10F9900001232846B0470246501CC7D12B68002BD4
:10F9A000C4D01D2B01D0162B1AD12F6000201EE0D1
:10F9B0000F69002FFAD093070E6808BF4B690F60DC
:10F9C00018BF0023A6EB07088B60B8F1000FEDDD30
:10F9D000216AA66A43463A462846B047002808DC12
:10F9E000B4F90C3043F04003A3814FF0FF30BDE881
:10F9F000F0810744A8EB0008E7E700BF01004020C2
:10FA000038B50B6905460C4613B90025284638BDA4
:10FA100018B1036A0BB9FEF785FBB4F90C30002B63
:10FA2000F3D0626ED00704D4990502D4A06DFEF71E
:10FA30009EFD28462146FFF761FF636EDA07054603
:10FA4000E4D4A3899B05E1D4A06DFEF791FDDDE729
:10FA500070B5C46905460E4684B91020FEF722F839
:10FA60000446E86128B90246164B17486B21FEF799
:10FA7000B9FD0023C0E901330360C360E36853B9F3
:10FA800021220421284600F0B1FEEB69E060DB682A
:10FA90000BB9002070BD53F8260030B1026843F85E
:10FAA00026200023C0E90333F4E7012101FA06F41C
:10FAB000621D9200284600F099FE0028E9D0C0E9B6
:10FAC0000164EEE7851A02081F1B020870B5C669BB
:10FAD00005460C4676B91020FDF7E4FF0246E861C2
:10FAE00020B9094B09488F21FEF77CFDC0E901666A
:10FAF0000660C6603CB1EB696268DB6853F82210AF
:10FB0000216043F8224070BD851A02081F1B0208BD
:10FB10002DE9F0410D6907460C461E4601F1140C13
:10FB20000020DCF8003099B202FB01611E0C0B0CC6
:10FB300002FB063389B2013001EB034185424CF8E8
:10FB4000041B4FEA1346ECDC0EB3A368AB4219DC8E
:10FB5000616838460131FFF77BFF804628B90246CD
:10FB60000C4B0D48BA21FEF73DFD2269023204F12B
:10FB70000C0192000C30FEF727FD21463846FFF7B6
:10FB8000A5FF444604EB850301355E6125612046EF
:10FB9000BDE8F081FD1A02081F1B0208B0F5803F86
:10FBA000034636BF030400201020B3F1807F3CBF22
:10FBB0001B020830B3F1805F3CBF1B010430B3F17E
:10FBC000804F3CBF9B000230002B05DB13F0804FC1
:10FBD00000F1010008BF202070470368024613F0BF
:10FBE00007000BD0D90721D4980749BF5B089B08B1
:10FBF000012013605CBF13600220704799B209B9FD
:10FC00001B0C1020D9B209B908301B0A190704BF10
:10FC10001B090430990704BF9B080230D90703D49D
:10FC20005B0800F1010003D01360704700207047AB
:10FC30002020704710B50C460121FFF709FF02464E
:10FC400028B9054B054840F24511FEF7CBFC0123CE
:10FC50004461036110BD00BFFD1A02081F1B0208AA
:10FC60002DE9F04FD1F81090D2F810A0D14585B011
:10FC70008846144604DB53460C46CA4690469946CD
:10FC8000A36861680AEB0906B342B8BF0131FFF708
:10FC9000DFFE30B90246454B45484FF4B171FEF7DF
:10FCA000A1FC00F1140505EB86072B460022BB42A0
:10FCB0001FD304F1140C08F114010CEB8A0301EBBF
:10FCC000890202921A1B153A22F0030215349C4253
:10FCD00088BF00220192029A03918A420CD8002E1A
:10FCE00003DD57F8043D002B5DD0066105B0BDE88B
:10FCF000F08F43F8042BDAE7B1F800A0BAF1000F57
:10FD000024D0E046A9464FF0000E58F8042BD9F84D
:10FD100000401FFA82FBA4B20AFB0B444FEA124BCD
:10FD2000D9F8002074444FEA124E0AFB0BE202EBB2
:10FD30001442A4B244EA0244434549F8044B4FEA52
:10FD4000124EE2D8019AAA18C2F804E0039AB2F857
:10FD500002800431B8F1000F23D02A68E6469146AC
:10FD6000AA464FF0000BBEF8004008FB04B404EBB9
:10FD7000194492B242EA04424AF8042B5EF8042B7A
:10FD8000DAF800904FEA124B1FFA89F208FB0B22B7
:10FD900002EB144273454FEA124BE4D8019C2C1934
:10FDA0006260043597E7013E99E700BFFD1A02083B
:10FDB0001F1B02082DE9F843174612F00302804684
:10FDC0000D4607D0264C013A002354F82220FFF7B5
:10FDD0009FFE0546BF103FD0D8F81C4094B91020B4
:10FDE000FDF760FE0446C8F81C0030B902461D4B02
:10FDF0001D4840F2B311FEF7F5FB0023C0E90133C3
:10FE00000360C360A66846B940F271214046FFF71F
:10FE100011FF0023A060064603602C464FF0000946
:10FE200007F001037F1053B1294632464046FFF7E1
:10FE300017FF214605464046FFF748FE67B1306888
:10FE400038B9324631464046FFF70AFF3060C0F805
:10FE5000009006462C46E3E72846BDE8F88300BF3D
:10FE600088250208851A02081F1B02082DE9F84F91
:10FE70000C464968236903EB6218A36807461546D8
:10FE80004FEA621A08F101094B450BDB3846FFF7D0
:10FE9000DFFD064648B90246294B2A484FF4EF7168
:10FEA000FEF7A0FB01315B00EEE7002300F1140C2C
:10FEB00000F110021946534535DB22692AEAEA7A35
:10FEC0000CEB8A0C04F1140315F01F0E614603EBD2
:10FED00082022CD0CEF1200A002518688B4600FA49
:10FEE0000EF02843CBF8000053F8045B9A4201F16E
:10FEF000040125FA0AF5F0D8131B153B23F0030380
:10FF000004F115018A4238BF00239C44CCF8045008
:10FF100005B9C1463846C6F810902146FFF7D6FD10
:10FF20003046BDE8F88F42F8041F0133C3E753F8A9
:10FF3000045B0D609A4201F10401F8D8E9E700BFC3
:10FF4000FD1A02081F1B02080A6903460069801A8D
:10FF500030B50ED11433143103EB820401EB82016E
:10FF600054F8045D51F8042D954203D005D24FF0AA
:10FF7000FF3030BDA342F3D3FBE70120F9E70000D7
:10FF80002DE9F74F8A460646114650461446FFF7BC
:10FF9000DBFF051E12D129463046FFF759FD024608
:10FFA00028B9414B40F237214048FEF71BFB0123A3
:10FFB000C0E90435104603B0BDE8F08FBCBF53461E
:10FFC000A2463046DAF80410BABF1C4601250025C7
:10FFD000FFF73EFD024618B9334B40F24521E3E7F7
:10FFE000DAF810702669C5600AF1140904F1140EDC
:10FFF00000F114050AF1100309EB87080EEB8606E1
:020000040802F0
:100000000193AB464FF0000C019B5EF8040B53F8D4
:1000100004AF01931FFA8AF3194683B2CB1A000C7E
:100020006344C0EB1A4000EB23409BB243EA004319
:1000300076454BF8043B4FEA204CE5D8331B153B83
:10004000153423F00303A64238BF0023E8184B44BD
:100050001C1D04302646A5EB0905464506EB050E9A
:100060000ED308F10301091B21F003010133984568
:1000700038BF0021014451F8043D9BB1176199E755
:1000800056F8041BE2464FEA11491CFA81FC514420
:1000900009EB2C4989B241EA09414FEA294CCEF8D3
:1000A0000010DAE7013FE6E7FD1A02081F1B02080D
:1000B0002DE9F7430F46012159EC108B1646FFF747
:1000C000C7FC044630B90246234B244840F20F31A6
:1000D000FEF788FAC9F30A55C9F313030DB143F4C7
:1000E00080130193B8F1000323D068460093FFF713
:1000F00074FD0099D8B1019AC0F1200302FA03F30C
:100100000B43C24063610192019BA361002B0CBFB2
:10011000012202222261A5B1A5F2334505443D60CA
:10012000C0F135003060204603B0BDE8F083616166
:10013000EAE701A8FFF751FD019B6361203001222E
:10014000E8E704EB8203A0F2324038601869FFF759
:1001500025FDC0EB4210E5E7FD1A02081F1B02084F
:100160000EB403B5014603AB054853F8042B0068F1
:100170000193FFF799FA02B05DF804EB03B0704702
:10018000D40100202DE9F041074614460D4621B95F
:10019000BDE8F0411146FDF7B7BC2AB9FFF7B4F846
:1001A00025462846BDE8F08100F034FB844206462F
:1001B00002D8B4EB500FF4D821463846FDF7A4FC22
:1001C000804608B94546ECE7B4422246294628BF96
:1001D0003246FEF7F9F929463846FFF795F8F1E778
:1001E000F8B50E461446054618B1036A0BB9FDF77B
:1001F00099FFA369A360A3891A0701D5236943B9AD
:100200002146284600F02AF818B14FF0FF3738464B
:10021000F8BD23682269981A6369F6B283423746AB
:1002200005DC21462846FFF7EBFB0028EDD1A3684B
:10023000013BA36023685A1C22601E706269431C44
:100240009A4204D0A389DB07E1D50A2EDFD12146EB
:100250002846FFF7D5FB0028D9D0D6E738B5284B7C
:10026000054618680C4618B1036A0BB9FDF75AFF2A
:10027000B4F90C301A0721D4D80607D409222A6011
:1002800043F04003A3814FF0FF3030E0590712D50F
:10029000616B41B104F14403994202D02846FFF753
:1002A00033F8002363630022B4F90C3062602269E2
:1002B000226023F0240343F00803A38122693AB9A2
:1002C0009A0501D5180603D52146284600F04BF8BB
:1002D000B4F90C3013F001020AD00022A260626966
:1002E0005242A261226942B913F08000C8D138BDE0
:1002F000990758BF6269A260F4E70020F7E700BFE2
:10030000D40100200346084641B1FF2A04D98A22BD
:100310001A604FF0FF3070470A700120704770B5C7
:100320000C46B1F90E10002996B015461E460ADAA1
:10033000A18911F0800113D14FF480620020316057
:100340002A6016B070BD6A4600F03EFA0028EFDB66
:10035000019901F47041A1F5005359425941EBE76D
:1003600000214022EAE78B8973B59E0705460C46BB
:1003700007D504F14703236023610123636102B0C1
:1003800070BD01AB6A46FFF7CAFF009E28463146A2
:10039000FDF7BAFBB4F90C3038B99A05EFD423F065
:1003A000030343F00203A381E3E743F08003A38147
:1003B000019B2060C4E90406002BE0D0B4F90E10C4
:1003C000284600F0F1F90028D9D0A38923F00303CF
:1003D00043F00103A381D2E710B504460846114655
:1003E0001A468E2800F23081DFE810F08F003801C5
:1003F00092009400960098009A009C009E00A20033
:10040000A400A800AA00AC00AE002E01B000B2000B
:10041000B400B600B800BE00C000C600C800CA00E4
:10042000CC00CE00D200D600D800DA00DC00DE001E
:10043000E000E200E4002E012E012E012E012E012B
:100440002E012E012E01E800EC002E012E012E01BE
:100450002E012E012E012E012E012E012E012E0124
:100460002E012E01EE000801F000F2002E012E01F7
:100470002E01F4002E012E012E01F6002E012E0178
:10048000FA002E012E01FC002E012E012E012E015C
:100490002E012E012E012E012E012E01FE002E0115
:1004A0000001020104012E012E0126012E012E0160
:1004B0002E012E012E012E012E012E011401060106
:1004C0000A010C010E0110012E01120116011A0180
:1004D000EA00C2002C01BA00D000BC00A000A600B7
:1004E0002A01F8002E011801C4001E011C012E0172
:1004F0002E012E012E012E01D4002E012E012E01DF
:10050000E6002801200122012401554B184610BDA8
:10051000544BFBE7544BF9E7544BF7E7544BF5E7E3
:10052000544BF3E7544BF1E7544BEFE7544BEDE7F3
:10053000544BEBE7544BE9E7544BE7E7544BE5E703
:10054000544BE3E7544BE1E7544BDFE7544BDDE713
:10055000544BDBE7544BD9E7544BD7E7544BD5E723
:10056000544BD3E7544BD1E7544BCFE7544BCDE733
:10057000544BCBE7544BC9E7544BC7E7544BC5E743
:10058000544BC3E7544BC1E7544BBFE7544BBDE753
:10059000544BBBE7544BB9E7544BB7E7544BB5E763
:1005A000544BB3E7544BB1E7544BAFE7544BADE773
:1005B000544BABE7544BA9E7544BA7E7544BA5E783
:1005C000544BA3E7544BA1E7544B9FE7544B9DE793
:1005D000544B9BE7544B99E7544B97E7544B95E7A3
:1005E000544B93E7544B91E7544B8FE7544B8DE7B3
:1005F000544B8BE7544B89E7544B87E7544B85E7C3
:10060000544B83E7544B81E7544B7FE7544B7DE7D2
:10061000544B7BE7544B79E7544B77E7544B75E7E2
:10062000544B73E7544B71E7544B6FE7544B6DE7F2
:10063000544B6BE7544B69E7544B67E7544B65E702
:10064000544B63E7544B61E7002A08BF224600F091
:10065000A9F8524B002818BF034657E7504B55E7FF
:10066000811B0208931B0208AD1B0208BD1B020878
:10067000D51B0208DF1B0208F91B02080B1C02082D
:100680001D1C0208361C0208461C0208521C0208E7
:100690006F1C0208811C0208921C0208A41C02089C
:1006A000B01C0208C81C0208D41C0208E61C020880
:1006B000F51C0208051D0208121D0208311D020862
:1006C000401D0208511D0208751D0208931D0208F5
:1006D000B11D0208D11D0208E81D0208F71D02081D
:1006E000061E02081A1E0208321E0208401E0208D8
:1006F0004D1E0208631E0208721E02087E1E0208BA
:10070000AD1E0208BE1E0208D91E0208EC1E020819
:10071000021F02080B1F0208221F02082A1F0208DC
:10072000371F02084C1F0208601F0208781F0208CA
:10073000871F0208981F0208AB1F0208B71F020894
:10074000D01F0208E41F0208FF1F0208172002083A
:100750003120020839200208692002088820020896
:10076000A7200208BE200208D1200208EA200208C1
:10077000012102081721020838210208502102082D
:100780006C2102087F21020895210208A921020894
:10079000CB210208F121020802220208771A02087E
:1007A000891B02080020704738B5064D0023044617
:1007B00008462B6000F04EF8431C02D12B6803B1B1
:1007C000236038BD3CA2012038B5074D0023044604
:1007D000084611462B6000F02DF8431C02D12B680F
:1007E00003B1236038BD00BF3CA2012070B5A1FB5E
:1007F000025434B92946FDF787F9064628B9304630
:1008000070BD0C2202600026F9E72A462146FDF75A
:10081000AEFDF4E751F8043C181F002BBCBF0B5889
:10082000C0187047024B58221A604FF0FF307047D3
:100830003CA20120024B58221A604FF0FF30704753
:100840003CA20120024B58221A604FF0FF30704743
:100850003CA20120024B58221A600020704700BFC2
:100860003CA20120024B58221A604FF0FF30704723
:100870003CA20120024B58221A604FF0FF30704713
:100880003CA20120024B58221A604FF0FF30704703
:100890003CA20120044A05491368002B08BF0B46FF
:1008A000184410601846704744A2012048A2012055
:1008B000024B58221A604FF0FF3070473CA20120D3
:1008C000FEE700BFF8B500BFF8BC08BC9E46704705
:0C08D000F8B500BFF8BC08BC9E4670479D
:1008E0002F55736572732F6875746F6E676A6961CF
:1008F0002F434C696F6E50726F6A656374732F5328
:10090000544D3332463430375F4350505F46726542
:100910006552746F732F4672656552544F532F465C
:1009200072656552544F535F434F52452F71756541
:1009300075652E63000000004572726F723A257370
:100940002C25640D0A0000002F55736572732F6803
:1009500075746F6E676A69612F434C696F6E507270
:100960006F6A656374732F53544D33324634303796
:100970005F4350505F4672656552746F732F4672C5
:10098000656552544F532F4672656552544F535FFD
:10099000434F52452F7461736B732E630000000048
:1009A0004572726F723A25732C25640D0A0000009F
:1009B00049444C45000000000925630925750925B7
:1009C000750925750D0A0000546D72205376630079
:1009D0002F55736572732F6875746F6E676A6961DE
:1009E0002F434C696F6E50726F6A656374732F5337
:1009F000544D3332463430375F4350505F46726552
:100A00006552746F732F4672656552544F532F466B
:100A100072656552544F535F434F52452F74696D51
:100A20006572732E630000004572726F723A25730F
:100A30002C25640D0A000000546D72510000000066
:100A40002F55736572732F6875746F6E676A69616D
:100A50002F434C696F6E50726F6A656374732F53C6
:100A6000544D3332463430375F4350505F467265E1
:100A70006552746F732F4672656552544F532F46FB
:100A800072656552544F535F504F525441424C452A
:100A90002F686561705F342E630000004572726FCD
:100AA000723A25732C25640D0A0000002F557365DA
:100AB00072732F6875746F6E676A69612F434C6932
:100AC0006F6E50726F6A656374732F53544D333277
:100AD000463430375F4350505F4672656552746FDD
:100AE000732F4672656552544F532F467265655297
:100AF000544F535F504F525441424C452F706F72C8
:100B0000742E63004572726F723A25732C25640D42
:100B10000A00000025730000256300002564000022
:100B20000D0A0000382E382E382E3800D5FDD4DAC4
:100B3000B2E9D5D244484350B7FECEF1C6F72CC730
:100B4000EBC9D4B5C82E2E2E2E2E2E2E2E2E2E2EA6
:100B50000D0A0000CDF8BFA8656EB5C44D4143B580
:100B6000D8D6B7CEAA3A2E2E2E2E2E2E2E2E2E2EA2
:100B70002E2E2E2E2E2E25642E25642E25642E2517
:100B8000642E25642E25640D0A000000CDA8B9FD51
:100B900044484350BBF1C8A1B5BD4950B5D8D6B7FC
:100BA0002E2E2E2E2E2E2E2E2E2E2E2E2E2E256438
:100BB0002E25642E25642E25640D0A00CDA8B9FDCE
:100BC00044484350BBF1C8A1B5BDD7D3CDF8D1DA65
:100BD000C2EB2E2E2E2E2E2E2E2E2E2E2E2E2564B7
:100BE0002E25642E25642E25640D0A00CDA8B9FD9E
:100BF00044484350BBF1C8A1B5BDB5C4C4ACC8CFCF
:100C0000CDF8B9D82E2E2E2E2E2E2E2E2E2E256439
:100C10002E25642E25642E25640D0A004448435079
:100C2000B7FECEF1B3ACCAB12CCAB9D3C3BEB2CCF5
:100C3000AC4950B5D8D6B7210D0A0000BEB2CCAC35
:100C40004950B5D8D6B72E2E2E2E2E2E2E2E2E2E25
:100C50002E2E2E2E2E2E2E2E2E2E2E2E2E2E256487
:100C60002E25642E25642E25640D0A00D7D3CDF8D9
:100C7000D1DAC2EB2E2E2E2E2E2E2E2E2E2E2E2EF4
:100C80002E2E2E2E2E2E2E2E2E2E2E2E2E2E256457
:100C90002E25642E25642E25640D0A00C4ACC8CF11
:100CA000CDF8B9D82E2E2E2E2E2E2E2E2E2E2E2EC6
:100CB0002E2E2E2E2E2E2E2E2E2E2E2E2E2E256427
:100CC0002E25642E25642E25640D0A0000000000E8
:100CD0002573000025630000256400000D0A000054
:100CE00025730D0A0000000025640D0A00000000B5
:100CF000455849540000000041544F004F4B0D0A25
:100D00004D4F444255530D0A000000004D4F4445DD
:100D10003F000000434D440D0A0000004D4F444287
:100D200055530D0A000000004D41524B3F0000009A
:100D30004D41524B3D310D0A000000004D41524BD8
:100D40003D300D0A000000004552520D0A434D444B
:100D50003E0D0A0073746F690000000025730000E7
:100D60004B6F6B6972696B61000000005843535A06
:100D70000000000061646D696E00000049503A2572
:100D8000642E25642E25642E25640D0A00000000C3
:100D9000504F52543A25640D0A000000434C494517
:100DA0004E5449443A25730D0A00000055534552EC
:100DB0004E414D453A25730D0A00000050415353F2
:100DC000574F52443A25730D0A00000073657400B2
:100DD00073657276657200004572726F723A2053C5
:100DE00065727665722061646472657373207368DE
:100DF0006F756C6420696E636C7564652049502062
:100E0000616E6420706F72742C2073657061726102
:100E100074656420627920273A270D0A00000000DB
:100E20004572726F723A2049502061646472657332
:100E3000732073686F756C64206861766520342058
:100E400070617274730D0A004572726F723A2049B4
:100E50006E76616C696420495020616464726573C8
:100E6000730D0A004572726F723A20496E76616C9A
:100E7000696420706F7274206E756D6265720D0A00
:100E8000000000007365742073657276657220003F
:100E90002E0000003A0000002073756363657373D1
:100EA0000D0A00006D717474000000004572726FCD
:100EB000723A204D5154542073657474696E67738F
:100EC0002073686F756C6420696E636C756465204F
:100ED000636C69656E742049442C20757365726E6D
:100EE000616D652C20616E642070617373776F7221
:100EF000640D0A004572726F723A20436C69656E28
:100F0000742049442C20757365726E616D652C20C8
:100F1000616E642070617373776F72642073686FA1
:100F2000756C64206E6F74206265206C6F6E6765EF
:100F300072207468616E2033362063686172616369
:100F4000746572730D0A00004D515454207365741A
:100F500074696E677320736574207375636365735A
:100F60007366756C6C790D0A00000000726561642F
:100F700000000000536572766572206164647265DA
:100F800073733A20000000000D0A00004D515454C4
:100F90002073657474696E67733A20002000000046
:100FA0007361766500000000436F6E666967757255
:100FB0006174696F6E2073617665640D0A000000CC
:100FC0007265626F6F740000696E697400000000E2
:100FD000000000006C6F7261000000004572726FCB
:100FE000723A206C6F726120646174612073686F63
:100FF000756C6420696E636C756465206E756D62D6
:10100000657220616E6420646174610D0A000000E5
:101010006E756D206E656564204C65737320746811
:10102000616E20320D0A00006C6F72612073656E74
:1010300064206F6B0D0A00006C6F72612073656E27
:1010400064206572726F720D0A0000004572726F43
:10105000723A206C6F7261206E6F7420696E6974D1
:10106000616C0D0A000000004572726F723A206CCC
:101070006F726120646174612073686F756C6420A5
:10108000696E636C756465203820636861720D0A4F
:101090000000000068656C70000000004176616926
:1010A0006C61626C6520636F6D6D616E64733A0D87
:1010B0000A202073657420736572766572203C691E
:1010C000703E3A3C706F72743E202D207365742020
:1010D0005468696E6773426F6172642073657276DB
:1010E000657220616464726573730D0A20207365F4
:1010F00074206D717474203C636C69656E745F69F3
:10110000643E203C757365726E616D653E203C7077
:10111000617373776F72643E202D20736574204D68
:101120005154542073657474696E67730D0A2020DE
:101130007265616420736572766572202D20736814
:101140006F77205468696E6773426F6172642073B1
:10115000657276657220616464726573730D0A202E
:101160002072656164206D717474202D2073686F26
:1011700077204D5154542073657474696E67730DF4
:101180000A202073617665202D20736176652063C7
:101190006F6E66696775726174696F6E20746F2017
:1011A000666C6173680D0A202068656C70202D20C4
:1011B00073686F7720746869732068656C700D0AB6
:1011C00020207265626F6F74202D207265626F6FD0
:1011D00074206465766963650D0A2020696E697400
:1011E000202D20726573657420636F6E6669677564
:1011F000726174696F6E20746F2064656661756CCE
:10120000740D0A007375636365737300556E6B6EBE
:101210006F776E20636F6D6D616E640D0A00000064
:10122000202000003030303130323033303430352F
:101230003036303730383039313031313132313386
:10124000313431353136313731383139323032316C
:101250003232323332343235323632373238323952
:10126000333033313332333333343335333633374A
:101270003338333934303431343234333434343530
:101280003436343734383439353035313532353316
:1012900035343535353635373538353936303631FC
:1012A00036323633363436353636363736383639E2
:1012B00037303731373237333734373537363737DA
:1012C00037383739383038313832383338343835C0
:1012D00038363837383838393930393139323933A6
:1012E0003934393539363937393839390000000061
:1012F000766563746F723A3A5F4D5F7265616C6CCC
:101300006F635F617070656E64000000257300009C
:1013100073746172745F7461736B00004C4F474962
:10132000435F7461736B0000494F5F7461736B00BE
:101330004E65745F7461736B000000004B4F4B4946
:1013400052494B41204120525334383520544553A3
:10135000540D0A004B4F4B4952494B4120422052F9
:101360005334383520544553540D0A006C77495096
:1013700020496E6974696E672E2E2E0D0A000000DA
:101380006C77495020496E6974206661696C6564A8
:10139000210D0A005265747279696E672E2E2E0D2A
:1013A0000A0000006C77495020496E69742053751B
:1013B000636365737365640D0A000000444843501D
:1013C00020495020636F6E666967696E672E2E2E06
:1013D0000D0A000045746865726E6574205370656F
:1013E00065643A3130304D0D0A000000457468657F
:1013F000726E65742053706565643A31304D0D0A24
:10140000000000004F4B0D0A434D443E0D0A000002
:10141000000000000102030401020304060708099A
:101420000000000030140208AD6500089365000854
:1014300020230208481402080000000001000000F8
:101440005414020802040000385350495F424153CB
:1014500045000000201802085C1402083948415277
:10146000445F424153450000000000007814020828
:10147000937F0008AB7F0008201802088014020840
:101480003943616C6C5F4261636B000000000000D7
:101490009C1402084D83000897830008A8220208C4
:1014A000A814020830140208335350490000000009
:1014B00000000000C0140208C18B0008598B00080E
:1014C00020180208C81402083554696D65720000BE
:1014D00000000000F8140208D99B0008999C00083D
:1014E000BD9C0008EF9C0008C39D0008199E0008E1
:1014F000419E00086D9E0008201802080015020891
:10150000375F55534152545F000000000000000057
:10151000FFFFFFFF1C00200094001C0010002000B3
:101520001800100010001002040006000A00060057
:101530000F0005000F0008000A0014000102030458
:1015400005060707070707070700000003060C1832
:1015500030607800EC620020E8620020F062002039
:10156000F4620020FFFFFFFFFFFF0000000000000B
:101570000000000000000000841502087D4B0108F7
:10158000AD4B0108202302089C1502080000000052
:1015900001000000AC15020802040000313354635E
:1015A000705365727665725F4150500020180208D2
:1015B000B415020839546370536572766572000081
:1015C00000000000F01502089B500108FB500108C4
:1015D000E5500108AB4F0108C74F01080F50010843
:1015E000275001085150010849510108755101085F
:1015F0002023020808160208000000000100000075
:101600005414020802040000313253746F7261678F
:10161000655F424153450000000000004816020883
:101620009B500108FB500108E55001088354010854
:10163000535501082D530108155401083F54010862
:101640004951010875510108A822020854160208E0
:10165000F015020837464D32344378780000000018
:1016600000000000881602086F5D0108075E01088F
:101670002B5E0108EF9C0008C39D0008199E00081E
:10168000419E00086D9E0008A822020894160208D8
:10169000F8140208355253343835000000000000B9
:1016A000CC1602084B690108FB5001086369010868
:1016B0001D67010803640108FD6801082569010828
:1016C000476701083168010897680108A8220208E5
:1016D000D8160208F015020836573235515858000E
:1016E00000000000F0160208C77D0108AB7F00086B
:1016F000A8220208FC160208781402083133555358
:1017000045525F5265676973746572000008000096
:101710000005000020000000200000000000010083
:1017200000A000000000000068170208C18B00083C
:10173000598B0008A99E0108C8FFFFFF681702081F
:10174000C19E0108AB7F000800000000901702084E
:10175000F59D0108AB7F0008E0FFFFFF901702082E
:10176000C18B0008598B0008202302088817020843
:101770000000000002000000C01402080200000087
:101780007814020802380000356C7769705F000039
:1017900020230208B8170208000000000300000020
:1017A000D8170208020400007814020802000000A2
:1017B000C01402080220000036545F6C65645F00AC
:1017C00000010203070605040405060703020100E1
:1017D000070605040302010020180208E0170208AA
:1017E000385F4F75745075745F004E31305F5F63C2
:1017F0007878616269763131375F5F636C617373EA
:101800005F747970655F696E666F4500A822020893
:10181000EA170208DC220208000000000C18020887
:1018200081AA010895AA0108F5B40108F5B40108D8
:10183000FFAA010841AA0108E7AA0108A9AA01080C
:1018400073AA010862617369635F737472696E677A
:101850005F766965773A3A737562737472002573BF
:101860003A205F5F706F732028776869636820692A
:101870007320257A7529203E205F5F73697A652081
:1018800028776869636820697320257A752900477D
:101890004C49424358585F54554E41424C455300C1
:1018A000676C69626378782E65685F706F6F6C0033
:1018B0006F626A5F73697A65006F626A5F636F75F2
:1018C0006E740062617369635F737472696E673A04
:1018D0003A5F535F636F6E737472756374206E75D5
:1018E0006C6C206E6F742076616C69640062617349
:1018F00069635F737472696E673A3A5F535F6372CC
:10190000656174650062617369635F737472696EA7
:10191000673A3A5F4D5F6372656174650025733A9B
:10192000205F5F706F732028776869636820697330
:1019300020257A7529203E20746869732D3E7369CD
:101940007A652829202877686963682069732025CB
:101950007A75290062617369635F737472696E6777
:101960003A3A65726173650062617369635F7374AB
:1019700072696E673A3A5F4D5F7265706C6163655C
:101980005F6175780062617369635F737472696E19
:10199000673A3A5F4D5F7265706C616365006261C2
:1019A0007369635F737472696E673A20636F6E73F5
:1019B0007472756374696F6E2066726F6D206E75D8
:1019C0006C6C206973206E6F742076616C696400A2
:1019D000696F73747265616D00696F7374726561AC
:1019E0006D206572726F7200556E6B6E6F776E2030
:1019F0006572726F720067656E6572696300494E49
:101A00004600696E66004E414E006E616E00300009
:101A10003031323334353637383941424344454624
:101A200000303132333435363738396162636465BA
:101A300066004300504F534958002E002C20667515
:101A40006E6374696F6E3A200061737365727469B6
:101A50006F6E2022257322206661696C65643A20CE
:101A600066696C6520222573222C206C696E6520C6
:101A70002564257325730A00496E66696E69747959
:101A8000004E614E005245454E54206D616C6C6FA6
:101A90006320737563636565646564002F566F6CBE
:101AA000756D65732F646174612F6A656E6B696E05
:101AB000732F776F726B73706163652F474E552D6F
:101AC000746F6F6C636861696E2F61726D2D313454
:101AD0002F7372632F6E65776C69622D63796777F8
:101AE000696E2F6E65776C69622F6C6962632F7304
:101AF00074646C69622F64746F612E630042616C60
:101B00006C6F632073756363656564656400232D82
:101B1000302B2000686C4C00656667454647002FF7
:101B2000566F6C756D65732F646174612F6A656E95
:101B30006B696E732F776F726B73706163652F477C
:101B40004E552D746F6F6C636861696E2F61726D95
:101B50002D31342F7372632F6E65776C69622D633C
:101B6000796777696E2F6E65776C69622F6C696231
:101B7000632F7374646C69622F6D707265632E637A
:101B80000053756363657373004E6F74206F776ED7
:101B90006572004E6F20737563682066696C6520FE
:101BA0006F72206469726563746F7279004E6F2082
:101BB000737563682070726F6365737300496E7428
:101BC00065727275707465642073797374656D20C5
:101BD00063616C6C00492F4F206572726F72004E0A
:101BE0006F207375636820646576696365206F7222
:101BF000206164647265737300417267206C69735D
:101C00007420746F6F206C6F6E6700457865632079
:101C1000666F726D6174206572726F7200536F63CC
:101C20006B657420616C726561647920636F6E6EA0
:101C30006563746564004261642066696C65206E4A
:101C4000756D626572004E6F206368696C647265C1
:101C50006E0044657374696E6174696F6E206164AF
:101C60006472657373207265717569726564004E84
:101C70006F206D6F72652070726F6365737365732B
:101C8000004E6F7420656E6F7567682073706163B6
:101C900065005065726D697373696F6E2064656E5F
:101CA00069656400426164206164647265737300F5
:101CB000446576696365206F72207265736F757213
:101CC000636520627573790046696C652065786983
:101CD0007374730043726F73732D64657669636503
:101CE000206C696E6B004E6F2073756368206465AD
:101CF00076696365004E6F74206120646972656364
:101D0000746F727900486F737420697320646F7701
:101D10006E00436F6E6E656374696F6E20616C72E6
:101D20006561647920696E2070726F677265737384
:101D30000049732061206469726563746F72790071
:101D4000496E76616C696420617267756D656E7449
:101D5000004E6574776F726B20696E746572666190
:101D60006365206973206E6F7420636F6E666967A8
:101D70007572656400436F6E6E656374696F6E2083
:101D800061626F72746564206279206E6574776F2A
:101D9000726B00546F6F206D616E79206F70656E8D
:101DA0002066696C657320696E2073797374656D44
:101DB0000046696C652064657363726970746F7244
:101DC0002076616C756520746F6F206C6172676539
:101DD000004E6F7420612063686172616374657284
:101DE0002064657669636500546578742066696C63
:101DF0006520627573790046696C6520746F6F2089
:101E00006C6172676500486F737420697320756E2A
:101E1000726561636861626C65004E6F207370610A
:101E20006365206C656674206F6E206465766963F7
:101E300065004E6F7420737570706F727465640006
:101E4000496C6C6567616C207365656B00526561F8
:101E5000642D6F6E6C792066696C6520737973747C
:101E6000656D00546F6F206D616E79206C696E6BCB
:101E7000730042726F6B656E2070697065004D6112
:101E80007468656D617469637320617267756D65EF
:101E90006E74206F7574206F6620646F6D61696E5B
:101EA000206F662066756E6374696F6E005265738D
:101EB000756C7420746F6F206C61726765004E6F73
:101EC000206D657373616765206F66206465736953
:101ED0007265642074797065004964656E74696622
:101EE0006965722072656D6F76656400496C6C651A
:101EF00067616C20627974652073657175656E63C6
:101F00006500446561646C6F636B004E6574776F48
:101F1000726B20697320756E726561636861626CB3
:101F200065004E6F206C6F636B004E6F74206120F4
:101F300073747265616D0053747265616D20696FB1
:101F400063746C2074696D656F7574004E6F2073D7
:101F5000747265616D207265736F7572636573006D
:101F60005669727475616C20636972637569742057
:101F7000697320676F6E650050726F746F636F6C6A
:101F8000206572726F7200556E6B6E6F776E207087
:101F9000726F746F636F6C004D756C7469686F70ED
:101FA00020617474656D7074656400426164206DB5
:101FB0006573736167650046756E6374696F6E2043
:101FC0006E6F7420696D706C656D656E746564000C
:101FD0004469726563746F7279206E6F7420656DE9
:101FE0007074790046696C65206F72207061746846
:101FF000206E616D6520746F6F206C6F6E6700548A
:102000006F6F206D616E792073796D626F6C69639B
:10201000206C696E6B73004E6F2062756666657228
:1020200020737061636520617661696C61626C65C3
:10203000004E6F2064617461004164647265737363
:102040002066616D696C79206E6F74207375707095
:102050006F727465642062792070726F746F636F41
:102060006C2066616D696C790050726F746F636F7C
:102070006C2077726F6E67207479706520666F725E
:1020800020736F636B657400536F636B6574206FAF
:102090007065726174696F6E206F6E206E6F6E2D49
:1020A000736F636B65740050726F746F636F6C2035
:1020B0006E6F7420617661696C61626C6500436F5C
:1020C0006E6E656374696F6E2072656675736564A4
:1020D00000436F6E6E656374696F6E207265736521
:1020E0007420627920706565720041646472657362
:1020F0007320616C726561647920696E2075736507
:102100000041646472657373206E6F742061766140
:10211000696C61626C6500536F66747761726520EB
:1021200063617573656420636F6E6E656374696F58
:102130006E2061626F727400536F636B6574206907
:1021400073206E6F7420636F6E6E656374656400D8
:10215000536F636B657420697320616C7265616491
:102160007920636F6E6E6563746564004F7065728D
:102170006174696F6E2063616E63656C65640053A2
:1021800074617465206E6F74207265636F7665721A
:1021900061626C650050726576696F7573206F7748
:1021A0006E65722064696564004F70657261746960
:1021B0006F6E206E6F7420737570706F72746564CB
:1021C000206F6E20736F636B65740056616C75656C
:1021D00020746F6F206C6172676520666F72206477
:1021E0006566696E656420646174612074797065E8
:1021F000004D65737361676520746F6F206C6F6E3F
:102200006700436F6E6E656374696F6E2074696DED
:102210006564206F7574004E31305F5F637878615C
:102220006269763131355F5F666F726365645F75D1
:102230006E77696E644500002018020817220208B4
:102240004E31305F5F637878616269763131395F32
:102250005F666F726569676E5F65786365707469E4
:102260006F6E450020180208402202084E31305F90
:102270005F637878616269763132305F5F73695F7E
:10228000636C6173735F747970655F696E666F45C7
:1022900000000000A82202086C2202080C180208A4
:1022A0000000000094220208F1B3010805B40108FF
:1022B000F5B40108F5B40108FFAA010841AA010814
:1022C000C9B4010855B4010819B40108537439742C
:1022D0007970655F696E666F000000002018020863
:1022E000CC2202084E31305F5F6378786162697694
:1022F0003132315F5F766D695F636C6173735F74F8
:102300007970655F696E666F45000000A82202085B
:10231000E42202080C180208000000000C23020846
:1023200025B5010839B50108F5B40108F5B401086F
:10233000FFAA010841AA01083DB80108E7B5010854
:102340004DB50108A822020850230208BC23020848
:102350002A4E31325F474C4F42414C5F5F4E5F31F6
:102360003137696F5F6572726F725F636174656741
:102370006F7279450000000000000000442302084D
:10238000B9C30108CDC30108ADC3010823C50108C5
:10239000E1C30108C3C40108C9C40108F3C40108AA
:1023A0004E5374335F563231346572726F725F63AD
:1023B000617465676F72794500000000201802089B
:1023C000A0230208A8220208D0230208BC23020886
:1023D0002A4E31325F474C4F42414C5F5F4E5F3176
:1023E000323267656E657269635F6572726F725FC4
:1023F00063617465676F727945000000A822020866
:1024000008240208BC2302082A4E31325F474C4F91
:1024100042414C5F5F4E5F31323173797374656D49
:102420005F6572726F725F63617465676F72794521
:102430000000000000000000C423020851C401088D
:102440000BC5010835C4010823C5010849C50108A9
:10245000C3C401083DC40108F3C401080000000022
:10246000FC230208C1C4010817C5010855C40108AE
:1024700023C5010849C501085DC40108F5C5010867
:10248000F3C401080020202020202020202028281C
:102490002828282020202020202020202020202024
:1024A0002020202020881010101010101010101064
:1024B0001010101010040404040404040404041094
:1024C0001010101010104141414141410101010122
:1024D00001010101010101010101010101010101EC
:1024E00010101010101042424242424202020202F8
:1024F00002020202020202020202020202020202BC
:10250000101010102000000000000000000000006B
:1025100000000000000000000000000000000000BB
:1025200000000000000000000000000000000000AB
:10253000000000000000000000000000000000009B
:10254000000000000000000000000000000000008B
:10255000000000000000000000000000000000007B
:10256000000000000000000000000000000000006B
:10257000000000000000000000000000000000005B
:10258000000000000000000005000000190000002D
:102590007D000000000000000080E03779C3414367
:1025A000176E05B5B5B89346F5F93FE9034F384DB9
:1025B000321D30F94877825A3CBF737FDD4F157565
:1025C000000000000000F03F000000000000244078
:1025D00000000000000059400000000000408F4053
:1025E000000000000088C34000000000006AF840BE
:1025F0000000000080842E4100000000D0126341E2
:102600000000000084D797410000000065CDCD4157
:10261000000000205FA00242000000E87648374238
:10262000000000A2941A6D42000040E59C30A242D6
:102630000000901EC4BCD64200003426F56B0C434B
:102640000080E03779C3414300A0D88557347643F2
:1026500000C84E676DC1AB43003D9160E458E14353
:10266000408CB5781DAF154450EFE2D6E41A4B44C8
:1026700092D54D06CFF08044F64AE1C7022DB5440D
:08268000B49DD9794378EA44C6
:1026880002970181B0B0098400000000039701811E
:10269800B0B008840000000006970181B0B009843A
:1026A8000000000006970181B0B009840000000016
:1026B80001970181B0B008840000000003970181F0
:1026C800B0B008840000000005970181B0B008840C
:1026D8000000000001970181B0B0088400000000EC
:1026E80001970181B0B008840000000003970181C0
:1026F800B0B008840000000001970181B0B00884E0
:102708000000000001970181B0B0088400000000BB
:1027180003970181B0B0088400000000039701818D
:10272800B0B008840000000003970181B0B00884AD
:102738000000000003970181B0B008840000000089
:1027480001970181B0B00884000000000197018161
:10275800B0B008840000000001970181B0B008847F
:102768000000000001970181B0B00884000000005B
:1027780001970181B0B0088400000000039701812F
:10278800B0B008840000000001970181B0B008844F
:102798000000000001970181B0B00884000000002B
:1027A80001970181B0B00884000000000197018101
:1027B800B0B008840000000001970181B0B008841F
:1027C8000000000001970181B0B0088400000000FB
:1027D80001970181B0B008840000000001970181D1
:1027E800B0B008840000000001970181B0B00884EF
:1027F8000000000001970181B0B0088400000000CB
:1028080001970181B0B008840000000001970181A0
:10281800B0B008840000000003970181B0B00884BC
:102828000000000001970181B0B00884000000009A
:1028380001970181B0B0088400000000039701816E
:10284800B0B008840000000003970181B0B008848C
:1028580000000000B987FF7F84019701B0B0B0087D
:10286800FFFF010001970181B0B00884000000005B
:1028780001970181B0B00884000000000197018130
:10288800B0B008840000000001970181B0B008844E
:102898000000000001970181B0B00884000000002A
:1028A8006D87FF7F84019701B0B0B008FFFF010872
:1028B800600468007204000001970181B0B00884C8
:1028C8000000000001970181B0B0088400000000FA
:1028D80001970181B0B008840000000001970181D0
:1028E800B0B008840000000001970181B0B00884EE
:1028F8000000000001970181B0B0088400000000CA
:1029080003970181B0B0088400000000019701819D
:10291800B0B008840000000001970181B0B00884BD
:102928000000000003970181B0B008840000000097
:1029380001970181B0B0088400000000039701816D
:10294800B0B008840000000003970181B0B008848B
:102958000000000001970181B0B008840000000069
:1029680003970181B0B0088400000000019701813D
:10297800B0B008840000000001970181B0B008845D
:10298800000000008986FF7F84039701B0B0B0087B
:10299800FFFF010B940104AC0100B6010400000024
:1029A80001970181B0B008840000000001970181FF
:1029B800B0B008840000000001970181B0B008841D
:1029C8000000000003970181B0B0088400000000F7
:1029D80003970181B0B008840000000001970181CD
:1029E800B0B008840000000006970181B0B00984E7
:1029F8000000000003970181B0B0088400000000C7
:102A080004970181B0B00984000000000186FF7FAF
:102A1800840F9701B00EB109FFFF01103448B801C7
:102A280000840102AC0100C201040000E185FF7FBF
:102A380084089701B0B0B009FFFF010C1A04000028
:102A480026023E004804000001970181B0B00884C6
:102A58000000000001970181B0B008840000000068
:102A680001970181B0B0088400000000019701813E
:102A7800B0B008840000000001970181B0B008845C
:102A88000000000001970181B0B008840000000038
:102A980001970181B0B0088400000000019701810E
:102AA800B0B008840000000001970181B0B008842C
:102AB8000000000003970181B0B008840000000006
:102AC80001970181B0B008840000000005970181DA
:102AD800B0B008840000000007970181B0B00884F6
:102AE8000000000003970181B0B0088400000000D6
:102AF80003970181B0B008840000000005970181A8
:102B0800B0B008840000000005970181B0B00884C7
:102B18000000000005970181B0B0088400000000A3
:102B280003970181B0B00884000000000597018177
:102B3800B0B008840000000004970181B0B0098497
:102B480000000000C984FF7F84119701B0B0B0086D
:102B5800FFFF01152404D801007404E60100A20156
:102B680004F40100E2012000000000000397018145
:102B7800B0B008840000000003970181B0B0088459
:102B88000000000003970181B0B008840000000035
:102B98007D84FF7F84029701B0B0B009FFFF010870
:102BA800420450005A04000009970181B0B008841B
:102BB800000000005984FF7F840E9701B0B0B0096F
:102BC800FFFF010F1804000092027C9E0300A80377
:102BD8000400000005970181B0B0088400000000DF
:102BE80003970181B0B008840000000006970181B6
:102BF800B0B009840000000001970181B0B00884DA
:102C08000000000004970181B0B0098400000000B2
:102C180004970181B0B0098400000000F183FF7FB0
:102C280084019701B0B0B008FFFF0100E183FF7F86
:102C3800840B9701B0B0B008FFFF010F3A04000001
:102C48008201049201009C010400000003970181A5
:102C5800B0B008840000000003970181B0B0088478
:102C68000000000004970181B0B009840000000052
:102C780003970181B0B00884000000000397018128
:102C8800B0B00884000000008583FF7F84019701AD
:102C9800B0B0B008FFFF010E1E2200005A2C8A01B6
:102CA800009401040000000003970181B0B008847B
:102CB8000000000001970181B0B008840000000006
:102CC80007970181B0B008840000000001970181D6
:102CD800B0B008840000000003970181B0B00884F8
:102CE8000000000001970181B0B0088400000000D6
:102CF80001970181B0B008840000000007970181A6
:102D0800B0B008840000000003970181B0B00884C7
:102D180000000000F982FF7F84039701B0B0B0087B
:102D2800FFFF010C1A0400002A225000580400007A
:102D380003970181B0B00884000000000397018167
:102D4800B0B008840000000003970181B0B0088487
:102D58000000000001970181B0B00B840000000062
:102D680003970181B0B00884000000000197018139
:102D7800B0B008840000000003970181B0B0088457
:102D88000000000003970181B0B008840000000033
:102D980001970181B0B00884000000000397018109
:102DA800B0B008840000000001970181B0B0088429
:102DB8000000000001970181B0B008840000000005
:102DC80001970181B0B008840000000005970181D7
:102DD800B0B008840000000005970181B0B00884F5
:102DE80000000000B29701810984078800000000F4
:102DF80004970181B0B009840000000005970181A3
:102E0800B0B008840000000008970181B0B00984C0
:102E18000000000008970181B0B00984000000009C
:102E280004970181B0B00984000000000497018173
:102E3800B0B009840000000001970181B0B0088497
:102E48000000000003970181B0B008840000000072
:102E580008970181B0B0098400000000089701813B
:102E6800B0B00984000000000A970181B0B009845D
:102E7800000000000B970181B0B00884000000003A
:102E880009970181B008843F000000008181FF7F1D
:102E980084019701B0B0B008FFFF010005970181D8
:102EA800B0B008840000000006970181B0B0098422
:102EB8000000000001970181B0B008840000000004
:102EC80001970181B0B008840000000001970181DA
:102ED800B0B00884000000003581FF7F84039701AB
:102EE800B0B0B008FFFF010E1A1600004E32840180
:102EF800008E01040000000003970181B0B008842F
:102F0800000000000981FF7F84039701B0B0B0087A
:102F1800FFFF010C1204000044125A006204000072
:102F280003970181B0B00884000000000197018177
:102F3800B0B008840000000000970181B0B0098497
:102F48000000000001970181B0B008840000000073
:102F580003970181B0B00884000000000197018147
:102F6800B0B008840000000003970181B0B0088465
:102F7800000000009980FF7F841E9701B0B0B0095F
:102F8800FFFF01271E5800009001048E0400D401A1
:102F980004EA0300E40104DE0300B4022AF6030095
:102FA80080032C82040098040400000008B1018109
:102FB800B0B000840000000008B10181B0B0008406
:102FC8000000000008B10181B0B0008400000000DA
:102FD8008CDCFD7F0100000044DEFD7FA4F6FF7F4E
:102FE80018DFFD7FA8F6FF7F74DFFD7FACF6FF7F5B
:102FF800F8DFFD7FB0F6FF7F68E0FD7FB4F6FF7F66
:1030080086E0FD7F0100000096E0FD7FB0F6FF7FBF
:10301800C8E0FD7FB4F6FF7FFEE0FD7F0100000001
:103028000435FE7FB0F6FF7F3435FE7FB4F6FF7FB0
:103038005A35FE7F01000000B635FE7FB0F6FF7FEF
:103048000C36FE7FB4F6FF7F1438FE7FB8F6FF7F9C
:10305800A438FE7FBCF6FF7F3439FE7FC0F6FF7FC1
:103068007039FE7F01000000EE39FE7FBCF6FF7F5D
:10307800503AFE7FC0F6FF7F9A3AFE7FC4F6FF7F84
:10308800C23AFE7FC8F6FF7FEA3AFE7FCCF6FF7FA2
:10309800223BFE7FD0F6FF7F3C3BFE7FD4F6FF7FCE
:1030A800583BFE7FD8F6FF7F7C3BFE7FDCF6FF7F38
:1030B800963BFE7FE0F6FF7FA63BFE7FE4F6FF7FB0
:1030C800B63BFE7FE8F6FF7FCA3BFE7FECF6FF7F4C
:1030D800DE3BFE7FF0F6FF7FF23BFE7FF4F6FF7FDC
:1030E800063CFE7FF8F6FF7F2E3CFE7F01000000C5
:1030F8004E3CFE7FF4F6FF7FA63CFE7FF8F6FF7F8E
:10310800E83CFE7FFCF6FF7F1A3DFE7F00F7FF7F5D
:103118004C3DFE7F04F7FF7FBA3DFE7F08F7FF7F37
:10312800EC3DFE7F0CF7FF7F1E3EFE7F10F7FF7F12
:10313800883EFE7F14F7FF7F103FFE7F01000000EE
:10314800FE43FE7F10F7FF7F1C44FE7F0100000056
:103158003644FE7F10F7FF7F6844FE7F01000000C1
:103168008C44FE7F0CF7FF7FCC44FE7F10F7FF7F77
:103178000C45FE7F14F7FF7F3845FE7F18F7FF7F69
:103188005C45FE7F010000006E45FE7F14F7FF7F5F
:10319800E445FE7F010000003E46FE7F1CF7FF7FEE
:1031A8009046FE7F20F7FF7FC447FE7F24F7FF7F0E
:1031B800E247FE7F010000000C49FE7F20F7FF7FF9
:1031C800E849FE7F01000000244AFE7F1CF7FF7FCC
:1031D800484AFE7F010000005A4AFE7F0884978013
:1031E800CA4CFE7F01000000144DFE7F08F7FF7FE8
:1031F800384DFE7F01000000304EFE7F04F7FF7F50
:10320800E44EFE7F08F7FF7FCC4FFE7F0CF7FF7F71
:103218003050FE7F10F7FF7F1051FE7F0100000045
:103228002451FE7F0CF7FF7F6651FE7F10F7FF7F6A
:10323800F851FE7F010000004C52FE7F0CF7FF7F23
:10324800BC52FE7F10F7FF7F6C54FE7F14F7FF7FA0
:103258007855FE7F01000000D056FE7F10F7FF7FF3
:103268005458FE7F14F7FF7FE858FE7F01000000E6
:103278006059FE7F08849780A85EFE7F01000000E9
:10328800985FFE7F00F7FF7F5860FE7F0100000017
:10329800F060FE7F0CF7FF7FE861FE7F10F7FF7F8D
:1032A8005C62FE7F14F7FF7F7463FE7F18F7FF7F71
:1032B800AC63FE7F1CF7FF7F4C65FE7F01000000BA
:1032C8002866FE7F18F7FF7F0869FE7F1CF7FF7FDF
:1032D800C069FE7F20F7FF7FDC69FE7F24F7FF7F50
:1032E800066AFE7F28F7FF7FD26AFE7F40F7FF7FDE
:1032F800206BFE7F54F7FF7F406BFE7F58F7FF7F00
:10330800646BFE7F5CF7FF7F846BFE7F60F7FF7F57
:10331800C86BFE7F64F7FF7F0C6CFE7F68F7FF7F4A
:10332800506CFE7F6CF7FF7F946CFE7F70F7FF7F19
:10333800D86CFE7F74F7FF7F1C6DFE7F01000000D4
:10334800380EFF7F70F7FF7FBC0EFF7F0100000083
:10335800180FFF7F6CF7FF7F640FFF7F70F7FF7F09
:10336800DC0FFF7F74F7FF7F0A11FF7F78F7FF7F7D
:103378002C11FF7F7CF7FF7F8E11FF7F80F7FF7F87
:10338800C411FF7F84F7FF7F2812FF7F88F7FF7F34
:103398009212FF7F8CF7FF7FEC12FF7F0100000085
:1033A8003213FF7F88F7FF7F9813FF7F8CF7FF7F2B
:1033B800C413FF7F010000001014FF7F88F7FF7F10
:1033C8001815FF7FA8F7FF7FDA15FF7FACF7FF7F9F
:1033D8001616FF7FB0F7FF7F5816FF7F0100000029
:1033E8009C16FF7FACF7FF7F0417FF7FBCF7FF7FBA
:1033F8008417FF7F01000000AC17FF7FB8F7FF7F3D
:103408008019FF7F01000000B61BFF7FC8F7FF7F10
:10341800F61BFF7F01000000061CFF7FC4F7FF7F3B
:10342800281CFF7FC8F7FF7F6A1CFF7F0100000090
:103438007E1CFF7FC4F7FF7FA41CFF7F01000000F4
:10344800001DFF7FC0F7FF7F241DFF7FC4F7FF7FAC
:10345800481DFF7F01000000861DFF7FC0F7FF7F2A
:10346800A21DFF7FC8F7FF7F401EFF7F01000000FD
:10347800B41EFF7FD8F7FF7F941FFF7FDCF7FF7F25
:10348800B61FFF7FE0F7FF7FF21FFF7FE4F7FF7FA4
:10349800BA20FF7FE8F7FF7FFE20FF7F01000000D2
:1034A8001221FF7FE4F7FF7FAA21FF7FFCF7FF7F50
:1034B8004622FF7F010000009022FF7FF8F7FF7F80
:1034C800B222FF7F01000000E822FF7FF4F7FF7FB0
:1034D800B623FF7F010000003A24FF7FF0F7FF7F4B
:1034E800DA24FF7FF4F7FF7F7E25FF7F01000000CD
:1034F800C825FF7FF0F7FF7FEA25FF7FF4F7FF7FFE
:103508002626FF7FF8F7FF7FE426FF7FFCF7FF7F83
:103518002227FF7F010000008027FF7FF8F7FF7F49
:10352800E027FF7F0CF8FF7F1E28FF7F01000000C7
:103538003628FF7F08F8FF7FC628FF7F0CF8FF7F3B
:10354800E228FF7F10F8FF7F0C29FF7F14F8FF7F28
:103558009029FF7F18F8FF7F2C2AFF7F1CF8FF7F38
:10356800E42AFF7F20F8FF7F322BFF7F24F8FF7FBC
:10357800662BFF7F28F8FF7FB62BFF7F2CF8FF7F95
:10358800762CFF7F30F8FF7FB02CFF7F34F8FF7F69
:10359800EA2CFF7F01000000002DFF7F30F8FF7F3D
:1035A800BA2DFF7F34F8FF7F522EFF7F38F8FF7F58
:1035B8006431FF7F3CF8FF7F8631FF7F40F8FF7F53
:1035C8006832FF7F44F8FF7FC632FF7F48F8FF7FED
:1035D8002433FF7F4CF8FF7F4433FF7F50F8FF7F91
:1035E8006233FF7F54F8FF7F7233FF7F01000000D2
:1035F800EC38FF7F50F8FF7FE439FF7F01000000BF
:10360800883BFF7F4CF8FF7FAC3CFF7F0100000048
:10361800783EFF7F48F8FF7F3C3FFF7F01000000B6
:103628000A40FF7F44F8FF7F2441FF7F010000002C
:103638005A42FF7F40F8FF7F4043FF7F44F8FF7FF7
:103648002444FF7F010000008444FF7F40F8FF7F8F
:103658001845FF7F010000008045FF7F40F8FF7F8D
:103668009E46FF7F010000005647FF7F3CF8FF7F22
:103678007648FF7F40F8FF7FE048FF7F01000000A9
:10368800A449FF7F3CF8FF7FC449FF7F0100000089
:10369800A84FFF7F38F8FF7FB84FFF7F08849780D7
:1036A800C44FFF7F010000008066FF7F2CF8FF7F7A
:1036B8001C67FF7F010000003467FF7F3CF8FF7F35
:1036C8006867FF7F40F8FF7FD867FF7F54F8FF7F68
:1036D800E867FF7FB0B0B080E667FF7F50F8FF7FF4
:1036E800F867FF7F54F8FF7F8869FF7F58F8FF7FEE
:1036F800086AFF7F5CF8FF7F686AFF7F60F8FF7FDA
:10370800AC6AFF7F64F8FF7F086CFF7F68F8FF7F73
:10371800286EFF7F01000000D48FFF7FB0A90280D0
:103728006490FF7FB0B0A880B490FF7F01000000D4
:10373800BC90FF7FB0B0AA80F090FF7FAF76B280D8
:10374800C491FF7FAB3F3A802892FF7F01000000C1
:103758003092FF7FB0B0AA806C92FF7F50F8FF7F55
:103768008092FF7F010000001893FF7FAC0FB280AA
:10377800A093FF7FB0AF08804096FF7F0100000054
:103788005096FF7FAC3F03803499FF7F0100000013
:103798006499FF7F008404807899FF7F010000000E
:1037A8007499FF7FB0AD04806C9CFF7FB0A8038044
:1037B800909CFF7F04F8FF7F949CFF7F08F8FF7FB1
:0837C800A09CFF7F010000003E
:1037D000990D0008897F000881910008D9A0000890
:1037E000B9400108A14F01082180010841A8010842
:1037F00075AB010869BA0108EDBA010891BB01086F
:0C38000059C201081DC4010821C60108BE
:04380C00710D000832
:1038100000000000AAAAAAAA0000CDAB00C00000C8
:103820006E19000000C0000049830108A983010847
:1038300080800020000000108080012000A0001087
:1038400000000000A98601086D8601088B8601082A
:1038500034000020007A030A79B3010875D4010806
:1038600080230208642402083C24020800000000AF
:1038700003000000FCA00120430000000000000045
:103880000000000000000000000000000000000038
:1038900000000000000000004300000000000000E5
:1038A0000000000000000000000000000000000018
:1038B00000000000000000004300000000000000C5
:1038C00000000000000000000000000000000000F8
:1038D00000000000000000004300000000000000A5
:1038E00000000000000000000000000000000000D8
:1038F0000000000000000000430000000000000085
:1039000000000000000000000000000000000000B7
:103910000000000000000000430000000000000064
:103920000000000000000000000000000000000097
:103930000000000000000000430000000000000044
:103940000000000000000000000000000000000077
:10395000000000000000000005030208D9F801087B
:1039600000000000842402083A1A0208771A0208AC
:10397000771A0208771A0208771A0208771A0208DB
:10398000771A0208771A0208771A0208771A0208CB
:10399000FFFFFFFFFFFFFFFFFFFFFFFFFFFF000035
:1039A00001004153434949000000000000000000AD
:1039B0000000000000000000000000000000000007
:1039C000000041534349490000000000000000008E
:1039D00000000000000000000000000000000000E7
:1039E00000000000D801002000000000FCA0012021
:1039F00064A10120CCA10120000000000000000013
:103A000000000000000000000000000000000000B6
:103A100000000000000000000000000000000000A6
:103A20000000000000000000000000000000000096
:083A30000000000040A201208B
:103A3800000000000000000000000000000000007E
:103A4800000000000000000000000000000000006E
:103A5800000000000000000000000000000000005E
:103A6800000000000000000000000000000000004E
:103A7800000000000000000000000000000000003E
:103A8800000000000000000000000000000000002E
:103A9800000000000000000000000000000000001E
:103AA800000000000000000000000000000000000E
:103AB80000000000000000000000000000000000FE
:103AC80000000000000000000000000000000000EE
:103AD80000000000000000000000000000000000DE
:103AE80000000000000000000000000000000000CE
:103AF80000000000000000000000000000000000BE
:103B080000000000000000000000000000000000AD
:103B1800000000000000000000000000000000009D
:103B2800000000000000000000000000000000008D
:103B3800000000000000000000000000000000007D
:103B4800000000000000000000000000000000006D
:103B5800000000000000000000000000000000005D
:103B6800000000000000000000000000000000004D
:103B7800000000000000000000000000000000003D
:103B8800000000000000000000000000000000002D
:103B9800000000000000000000000000000000001D
:103BA800000000000000000000000000000000000D
:103BB80000000000000000000000000000000000FD
:103BC80000000000000000000000000000000000ED
:103BD80000000000000000000000000000000000DD
:103BE80000000000000000000000000000000000CD
:103BF80000000000000000000000000000000000BD
:103C080000000000000000000000000000000000AC
:103C1800000000000000000000000000000000009C
:103C2800000000000000000000000000000000008C
:103C3800000000000000000000000000000000007C
:103C4800000000000000000000000000000000006C
:103C5800000000000000000000000000000000005C
:103C6800000000000000000000000000000000004C
:103C7800000000000000000000000000000000003C
:103C8800000000000000000000000000000000002C
:103C9800000000000000000000000000000000001C
:103CA800000000000000000000000000000000000C
:103CB80000000000000000000000000000000000FC
:103CC80000000000000000000000000000000000EC
:103CD80000000000000000000000000000000000DC
:103CE80000000000000000000000000000000000CC
:103CF80000000000000000000000000000000000BC
:103D080000000000000000000000000000000000AB
:103D1800000000000000000000000000000000009B
:103D2800000000000000000000000000000000008B
:103D3800000000000000000000000000000000007B
:103D4800000000000000000000000000000000006B
:103D5800000000000000000000000000000000005B
:103D6800000000000000000000000000000000004B
:103D7800000000000000000000000000000000003B
:103D8800000000000000000000000000000000002B
:103D9800000000000000000000000000000000001B
:103DA800000000000000000000000000000000000B
:103DB80000000000000000000000000000000000FB
:103DC80000000000000000000000000000000000EB
:103DD80000000000000000000000000000000000DB
:103DE80000000000000000000000000000000000CB
:103DF80000000000000000000000000000000000BB
:103E080000000000000000000000000000000000AA
:103E1800000000000000000000000000000000009A
:103E2800000000000000000000000000000000008A
:103E3800000000000000000000000000000000007A
:103E4800000000000000000000000000000000006A
:103E5800000000000000000000000000000000005A
:103E6800000000000000000000000000000000004A
:103E7800000000000000000000000000000000003A
:103E8800000000000000000000000000000000002A
:103E9800000000000000000000000000000000001A
:103EA800000000000000000000000000000000000A
:103EB80000000000000000000000000000000000FA
:103EC80000000000000000000000000000000000EA
:103ED80000000000000000000000000000000000DA
:103EE80000000000000000000000000000000000CA
:103EF80000000000000000000000000000000000BA
:103F080000000000000000000000000000000000A9
:103F18000000000000000000000000000000000099
:103F28000000000000000000000000000000000089
:103F38000000000000000000000000000000000079
:103F48000000000000000000000000000000000069
:103F58000000000000000000000000000000000059
:103F68000000000000000000000000000000000049
:103F78000000000000000000000000000000000039
:103F88000000000000000000000000000000000029
:103F98000000000000000000000000000000000019
:103FA8000000000000000000000000000000000009
:103FB80000000000000000000000000000000000F9
:103FC80000000000000000000000000000000000E9
:103FD80000000000000000000000000000000000D9
:103FE80000000000000000000000000000000000C9
:103FF80000000000000000000000000000000000B9
:1040080000000000000000000000000000000000A8
:104018000000000000000000000000000000000098
:104028000000000000000000000000000000000088
:104038000000000000000000000000000000000078
:104048000000000000000000000000000000000068
:104058000000000000000000000000000000000058
:104068000000000000000000000000000000000048
:104078000000000000000000000000000000000038
:104088000000000000000000000000000000000028
:104098000000000000000000000000000000000018
:1040A8000000000000000000000000000000000008
:1040B80000000000000000000000000000000000F8
:1040C80000000000000000000000000000000000E8
:1040D80000000000000000000000000000000000D8
:1040E80000000000000000000000000000000000C8
:1040F80000000000000000000000000000000000B8
:1041080000000000000000000000000000000000A7
:104118000000000000000000000000000000000097
:104128000000000000000000000000000000000087
:104138000000000000000000000000000000000077
:104148000000000000000000000000000000000067
:104158000000000000000000000000000000000057
:104168000000000000000000000000000000000047
:104178000000000000000000000000000000000037
:104188000000000000000000000000000000000027
:104198000000000000000000000000000000000017
:1041A8000000000000000000000000000000000007
:1041B80000000000000000000000000000000000F7
:1041C80000000000000000000000000000000000E7
:1041D80000000000000000000000000000000000D7
:1041E80000000000000000000000000000000000C7
:1041F80000000000000000000000000000000000B7
:1042080000000000000000000000000000000000A6
:104218000000000000000000000000000000000096
:104228000000000000000000000000000000000086
:104238000000000000000000000000000000000076
:104248000000000000000000000000000000000066
:104258000000000000000000000000000000000056
:104268000000000000000000000000000000000046
:104278000000000000000000000000000000000036
:104288000000000000000000000000000000000026
:104298000000000000000000000000000000000016
:1042A8000000000000000000000000000000000006
:1042B80000000000000000000000000000000000F6
:1042C80000000000000000000000000000000000E6
:1042D80000000000000000000000000000000000D6
:1042E80000000000000000000000000000000000C6
:1042F80000000000000000000000000000000000B6
:1043080000000000000000000000000000000000A5
:104318000000000000000000000000000000000095
:104328000000000000000000000000000000000085
:104338000000000000000000000000000000000075
:104348000000000000000000000000000000000065
:104358000000000000000000000000000000000055
:104368000000000000000000000000000000000045
:104378000000000000000000000000000000000035
:104388000000000000000000000000000000000025
:104398000000000000000000000000000000000015
:1043A8000000000000000000000000000000000005
:1043B80000000000000000000000000000000000F5
:1043C80000000000000000000000000000000000E5
:1043D80000000000000000000000000000000000D5
:1043E80000000000000000000000000000000000C5
:1043F80000000000000000000000000000000000B5
:1044080000000000000000000000000000000000A4
:104418000000000000000000000000000000000094
:104428000000000000000000000000000000000084
:104438000000000000000000000000000000000074
:104448000000000000000000000000000000000064
:104458000000000000000000000000000000000054
:104468000000000000000000000000000000000044
:104478000000000000000000000000000000000034
:104488000000000000000000000000000000000024
:104498000000000000000000000000000000000014
:1044A8000000000000000000000000000000000004
:1044B80000000000000000000000000000000000F4
:1044C80000000000000000000000000000000000E4
:1044D80000000000000000000000000000000000D4
:1044E80000000000000000000000000000000000C4
:1044F80000000000000000000000000000000000B4
:1045080000000000000000000000000000000000A3
:104518000000000000000000000000000000000093
:104528000000000000000000000000000000000083
:104538000000000000000000000000000000000073
:104548000000000000000000000000000000000063
:104558000000000000000000000000000000000053
:104568000000000000000000000000000000000043
:104578000000000000000000000000000000000033
:104588000000000000000000000000000000000023
:104598000000000000000000000000000000000013
:1045A8000000000000000000000000000000000003
:1045B80000000000000000000000000000000000F3
:1045C80000000000000000000000000000000000E3
:1045D80000000000000000000000000000000000D3
:1045E80000000000000000000000000000000000C3
:1045F80000000000000000000000000000000000B3
:1046080000000000000000000000000000000000A2
:104618000000000000000000000000000000000092
:104628000000000000000000000000000000000082
:104638000000000000000000000000000000000072
:104648000000000000000000000000000000000062
:104658000000000000000000000000000000000052
:104668000000000000000000000000000000000042
:104678000000000000000000000000000000000032
:104688000000000000000000000000000000000022
:104698000000000000000000000000000000000012
:1046A8000000000000000000000000000000000002
:1046B80000000000000000000000000000000000F2
:1046C80000000000000000000000000000000000E2
:1046D80000000000000000000000000000000000D2
:1046E80000000000000000000000000000000000C2
:1046F80000000000000000000000000000000000B2
:1047080000000000000000000000000000000000A1
:104718000000000000000000000000000000000091
:104728000000000000000000000000000000000081
:104738000000000000000000000000000000000071
:104748000000000000000000000000000000000061
:104758000000000000000000000000000000000051
:104768000000000000000000000000000000000041
:104778000000000000000000000000000000000031
:104788000000000000000000000000000000000021
:104798000000000000000000000000000000000011
:1047A8000000000000000000000000000000000001
:1047B80000000000000000000000000000000000F1
:1047C80000000000000000000000000000000000E1
:1047D80000000000000000000000000000000000D1
:1047E80000000000000000000000000000000000C1
:1047F80000000000000000000000000000000000B1
:1048080000000000000000000000000000000000A0
:104818000000000000000000000000000000000090
:104828000000000000000000000000000000000080
:104838000000000000000000000000000000000070
:104848000000000000000000000000000000000060
:104858000000000000000000000000000000000050
:104868000000000000000000000000000000000040
:104878000000000000000000000000000000000030
:104888000000000000000000000000000000000020
:104898000000000000000000000000000000000010
:1048A8000000000000000000000000000000000000
:1048B80000000000000000000000000000000000F0
:1048C80000000000000000000000000000000000E0
:1048D80000000000000000000000000000000000D0
:1048E80000000000000000000000000000000000C0
:1048F80000000000000000000000000000000000B0
:10490800000000000000000000000000000000009F
:10491800000000000000000000000000000000008F
:10492800000000000000000000000000000000007F
:10493800000000000000000000000000000000006F
:10494800000000000000000000000000000000005F
:10495800000000000000000000000000000000004F
:10496800000000000000000000000000000000003F
:10497800000000000000000000000000000000002F
:10498800000000000000000000000000000000001F
:10499800000000000000000000000000000000000F
:1049A80000000000000000000000000000000000FF
:1049B80000000000000000000000000000000000EF
:1049C80000000000000000000000000000000000DF
:1049D80000000000000000000000000000000000CF
:1049E80000000000000000000000000000000000BF
:1049F80000000000000000000000000000000000AF
:104A0800000000000000000000000000000000009E
:104A1800000000000000000000000000000000008E
:104A2800000000000000000000000000000000007E
:104A3800000000000000000000000000000000006E
:104A4800000000000000000000000000000000005E
:104A5800000000000000000000000000000000004E
:104A6800000000000000000000000000000000003E
:104A7800000000000000000000000000000000002E
:104A8800000000000000000000000000000000001E
:104A9800000000000000000000000000000000000E
:104AA80000000000000000000000000000000000FE
:104AB80000000000000000000000000000000000EE
:104AC80000000000000000000000000000000000DE
:104AD80000000000000000000000000000000000CE
:104AE80000000000000000000000000000000000BE
:104AF80000000000000000000000000000000000AE
:104B0800000000000000000000000000000000009D
:104B1800000000000000000000000000000000008D
:104B2800000000000000000000000000000000007D
:104B3800000000000000000000000000000000006D
:104B4800000000000000000000000000000000005D
:104B5800000000000000000000000000000000004D
:104B6800000000000000000000000000000000003D
:104B7800000000000000000000000000000000002D
:104B8800000000000000000000000000000000001D
:104B9800000000000000000000000000000000000D
:104BA80000000000000000000000000000000000FD
:104BB80000000000000000000000000000000000ED
:104BC80000000000000000000000000000000000DD
:104BD80000000000000000000000000000000000CD
:104BE80000000000000000000000000000000000BD
:104BF80000000000000000000000000000000000AD
:104C0800000000000000000000000000000000009C
:104C1800000000000000000000000000000000008C
:104C2800000000000000000000000000000000007C
:104C3800000000000000000000000000000000006C
:104C4800000000000000000000000000000000005C
:104C5800000000000000000000000000000000004C
:104C6800000000000000000000000000000000003C
:104C7800000000000000000000000000000000002C
:104C8800000000000000000000000000000000001C
:104C9800000000000000000000000000000000000C
:104CA80000000000000000000000000000000000FC
:104CB80000000000000000000000000000000000EC
:104CC80000000000000000000000000000000000DC
:104CD80000000000000000000000000000000000CC
:104CE80000000000000000000000000000000000BC
:104CF80000000000000000000000000000000000AC
:104D0800000000000000000000000000000000009B
:104D1800000000000000000000000000000000008B
:104D2800000000000000000000000000000000007B
:104D3800000000000000000000000000000000006B
:104D4800000000000000000000000000000000005B
:104D5800000000000000000000000000000000004B
:104D6800000000000000000000000000000000003B
:104D7800000000000000000000000000000000002B
:104D8800000000000000000000000000000000001B
:104D9800000000000000000000000000000000000B
:104DA80000000000000000000000000000000000FB
:104DB80000000000000000000000000000000000EB
:104DC80000000000000000000000000000000000DB
:104DD80000000000000000000000000000000000CB
:104DE80000000000000000000000000000000000BB
:104DF80000000000000000000000000000000000AB
:104E0800000000000000000000000000000000009A
:104E1800000000000000000000000000000000008A
:104E2800000000000000000000000000000000007A
:104E3800000000000000000000000000000000006A
:104E4800000000000000000000000000000000005A
:104E5800000000000000000000000000000000004A
:104E6800000000000000000000000000000000003A
:104E7800000000000000000000000000000000002A
:104E8800000000000000000000000000000000001A
:104E9800000000000000000000000000000000000A
:104EA80000000000000000000000000000000000FA
:104EB80000000000000000000000000000000000EA
:104EC80000000000000000000000000000000000DA
:104ED80000000000000000000000000000000000CA
:104EE80000000000000000000000000000000000BA
:104EF80000000000000000000000000000000000AA
:104F08000000000000000000000000000000000099
:104F18000000000000000000000000000000000089
:104F28000000000000000000000000000000000079
:104F38000000000000000000000000000000000069
:104F48000000000000000000000000000000000059
:104F58000000000000000000000000000000000049
:104F68000000000000000000000000000000000039
:104F78000000000000000000000000000000000029
:104F88000000000000000000000000000000000019
:104F98000000000000000000000000000000000009
:104FA80000000000000000000000000000000000F9
:104FB80000000000000000000000000000000000E9
:104FC80000000000000000000000000000000000D9
:104FD80000000000000000000000000000000000C9
:104FE80000000000000000000000000000000000B9
:104FF80000000000000000000000000000000000A9
:105008000000000000000000000000000000000098
:105018000000000000000000000000000000000088
:105028000000000000000000000000000000000078
:105038000000000000000000000000000000000068
:105048000000000000000000000000000000000058
:105058000000000000000000000000000000000048
:105068000000000000000000000000000000000038
:105078000000000000000000000000000000000028
:105088000000000000000000000000000000000018
:105098000000000000000000000000000000000008
:1050A80000000000000000000000000000000000F8
:1050B80000000000000000000000000000000000E8
:1050C80000000000000000000000000000000000D8
:1050D80000000000000000000000000000000000C8
:1050E80000000000000000000000000000000000B8
:1050F80000000000000000000000000000000000A8
:105108000000000000000000000000000000000097
:105118000000000000000000000000000000000087
:105128000000000000000000000000000000000077
:105138000000000000000000000000000000000067
:105148000000000000000000000000000000000057
:105158000000000000000000000000000000000047
:105168000000000000000000000000000000000037
:105178000000000000000000000000000000000027
:105188000000000000000000000000000000000017
:105198000000000000000000000000000000000007
:1051A80000000000000000000000000000000000F7
:1051B80000000000000000000000000000000000E7
:1051C80000000000000000000000000000000000D7
:1051D80000000000000000000000000000000000C7
:1051E80000000000000000000000000000000000B7
:1051F80000000000000000000000000000000000A7
:105208000000000000000000000000000000000096
:105218000000000000000000000000000000000086
:105228000000000000000000000000000000000076
:105238000000000000000000000000000000000066
:105248000000000000000000000000000000000056
:105258000000000000000000000000000000000046
:105268000000000000000000000000000000000036
:105278000000000000000000000000000000000026
:105288000000000000000000000000000000000016
:105298000000000000000000000000000000000006
:1052A80000000000000000000000000000000000F6
:1052B80000000000000000000000000000000000E6
:1052C80000000000000000000000000000000000D6
:1052D80000000000000000000000000000000000C6
:1052E80000000000000000000000000000000000B6
:1052F80000000000000000000000000000000000A6
:105308000000000000000000000000000000000095
:105318000000000000000000000000000000000085
:105328000000000000000000000000000000000075
:105338000000000000000000000000000000000065
:105348000000000000000000000000000000000055
:105358000000000000000000000000000000000045
:105368000000000000000000000000000000000035
:105378000000000000000000000000000000000025
:105388000000000000000000000000000000000015
:105398000000000000000000000000000000000005
:1053A80000000000000000000000000000000000F5
:1053B80000000000000000000000000000000000E5
:1053C80000000000000000000000000000000000D5
:1053D80000000000000000000000000000000000C5
:1053E80000000000000000000000000000000000B5
:1053F80000000000000000000000000000000000A5
:105408000000000000000000000000000000000094
:105418000000000000000000000000000000000084
:105428000000000000000000000000000000000074
:105438000000000000000000000000000000000064
:105448000000000000000000000000000000000054
:105458000000000000000000000000000000000044
:105468000000000000000000000000000000000034
:105478000000000000000000000000000000000024
:105488000000000000000000000000000000000014
:105498000000000000000000000000000000000004
:1054A80000000000000000000000000000000000F4
:1054B80000000000000000000000000000000000E4
:1054C80000000000000000000000000000000000D4
:1054D80000000000000000000000000000000000C4
:1054E80000000000000000000000000000000000B4
:1054F80000000000000000000000000000000000A4
:105508000000000000000000000000000000000093
:105518000000000000000000000000000000000083
:105528000000000000000000000000000000000073
:105538000000000000000000000000000000000063
:105548000000000000000000000000000000000053
:105558000000000000000000000000000000000043
:105568000000000000000000000000000000000033
:105578000000000000000000000000000000000023
:105588000000000000000000000000000000000013
:105598000000000000000000000000000000000003
:1055A80000000000000000000000000000000000F3
:1055B80000000000000000000000000000000000E3
:1055C80000000000000000000000000000000000D3
:1055D80000000000000000000000000000000000C3
:1055E80000000000000000000000000000000000B3
:1055F80000000000000000000000000000000000A3
:105608000000000000000000000000000000000092
:105618000000000000000000000000000000000082
:105628000000000000000000000000000000000072
:105638000000000000000000000000000000000062
:105648000000000000000000000000000000000052
:105658000000000000000000000000000000000042
:105668000000000000000000000000000000000032
:105678000000000000000000000000000000000022
:105688000000000000000000000000000000000012
:105698000000000000000000000000000000000002
:1056A80000000000000000000000000000000000F2
:1056B80000000000000000000000000000000000E2
:1056C80000000000000000000000000000000000D2
:1056D80000000000000000000000000000000000C2
:1056E80000000000000000000000000000000000B2
:1056F80000000000000000000000000000000000A2
:105708000000000000000000000000000000000091
:105718000000000000000000000000000000000081
:105728000000000000000000000000000000000071
:105738000000000000000000000000000000000061
:105748000000000000000000000000000000000051
:105758000000000000000000000000000000000041
:105768000000000000000000000000000000000031
:105778000000000000000000000000000000000021
:105788000000000000000000000000000000000011
:105798000000000000000000000000000000000001
:1057A80000000000000000000000000000000000F1
:1057B80000000000000000000000000000000000E1
:1057C80000000000000000000000000000000000D1
:1057D80000000000000000000000000000000000C1
:1057E80000000000000000000000000000000000B1
:1057F80000000000000000000000000000000000A1
:105808000000000000000000000000000000000090
:105818000000000000000000000000000000000080
:105828000000000000000000000000000000000070
:105838000000000000000000000000000000000060
:105848000000000000000000000000000000000050
:105858000000000000000000000000000000000040
:105868000000000000000000000000000000000030
:105878000000000000000000000000000000000020
:105888000000000000000000000000000000000010
:105898000000000000000000000000000000000000
:1058A80000000000000000000000000000000000F0
:1058B80000000000000000000000000000000000E0
:1058C80000000000000000000000000000000000D0
:1058D80000000000000000000000000000000000C0
:1058E80000000000000000000000000000000000B0
:1058F80000000000000000000000000000000000A0
:10590800000000000000000000000000000000008F
:10591800000000000000000000000000000000007F
:10592800000000000000000000000000000000006F
:10593800000000000000000000000000000000005F
:10594800000000000000000000000000000000004F
:10595800000000000000000000000000000000003F
:10596800000000000000000000000000000000002F
:10597800000000000000000000000000000000001F
:10598800000000000000000000000000000000000F
:1059980000000000000000000000000000000000FF
:1059A80000000000000000000000000000000000EF
:1059B80000000000000000000000000000000000DF
:1059C80000000000000000000000000000000000CF
:1059D80000000000000000000000000000000000BF
:1059E80000000000000000000000000000000000AF
:1059F800000000000000000000000000000000009F
:105A0800000000000000000000000000000000008E
:105A1800000000000000000000000000000000007E
:105A2800000000000000000000000000000000006E
:105A3800000000000000000000000000000000005E
:105A4800000000000000000000000000000000004E
:105A5800000000000000000000000000000000003E
:105A6800000000000000000000000000000000002E
:105A7800000000000000000000000000000000001E
:105A8800000000000000000000000000000000000E
:105A980000000000000000000000000000000000FE
:105AA80000000000000000000000000000000000EE
:105AB80000000000000000000000000000000000DE
:105AC80000000000000000000000000000000000CE
:105AD80000000000000000000000000000000000BE
:105AE80000000000000000000000000000000000AE
:105AF800000000000000000000000000000000009E
:105B0800000000000000000000000000000000008D
:105B1800000000000000000000000000000000007D
:105B2800000000000000000000000000000000006D
:105B3800000000000000000000000000000000005D
:105B4800000000000000000000000000000000004D
:105B5800000000000000000000000000000000003D
:105B6800000000000000000000000000000000002D
:105B7800000000000000000000000000000000001D
:105B8800000000000000000000000000000000000D
:105B980000000000000000000000000000000000FD
:105BA80000000000000000000000000000000000ED
:105BB80000000000000000000000000000000000DD
:105BC80000000000000000000000000000000000CD
:105BD80000000000000000000000000000000000BD
:105BE80000000000000000000000000000000000AD
:105BF800000000000000000000000000000000009D
:105C0800000000000000000000000000000000008C
:105C1800000000000000000000000000000000007C
:105C2800000000000000000000000000000000006C
:105C3800000000000000000000000000000000005C
:105C4800000000000000000000000000000000004C
:105C5800000000000000000000000000000000003C
:105C6800000000000000000000000000000000002C
:105C7800000000000000000000000000000000001C
:105C8800000000000000000000000000000000000C
:105C980000000000000000000000000000000000FC
:105CA80000000000000000000000000000000000EC
:105CB80000000000000000000000000000000000DC
:105CC80000000000000000000000000000000000CC
:105CD80000000000000000000000000000000000BC
:105CE80000000000000000000000000000000000AC
:105CF800000000000000000000000000000000009C
:105D0800000000000000000000000000000000008B
:105D1800000000000000000000000000000000007B
:105D2800000000000000000000000000000000006B
:105D3800000000000000000000000000000000005B
:105D4800000000000000000000000000000000004B
:105D5800000000000000000000000000000000003B
:105D6800000000000000000000000000000000002B
:105D7800000000000000000000000000000000001B
:105D8800000000000000000000000000000000000B
:105D980000000000000000000000000000000000FB
:105DA80000000000000000000000000000000000EB
:105DB80000000000000000000000000000000000DB
:105DC80000000000000000000000000000000000CB
:105DD80000000000000000000000000000000000BB
:105DE80000000000000000000000000000000000AB
:105DF800000000000000000000000000000000009B
:105E0800000000000000000000000000000000008A
:105E1800000000000000000000000000000000007A
:105E2800000000000000000000000000000000006A
:105E3800000000000000000000000000000000005A
:105E4800000000000000000000000000000000004A
:105E5800000000000000000000000000000000003A
:105E6800000000000000000000000000000000002A
:105E7800000000000000000000000000000000001A
:105E8800000000000000000000000000000000000A
:105E980000000000000000000000000000000000FA
:105EA80000000000000000000000000000000000EA
:105EB80000000000000000000000000000000000DA
:105EC80000000000000000000000000000000000CA
:105ED80000000000000000000000000000000000BA
:105EE80000000000000000000000000000000000AA
:105EF800000000000000000000000000000000009A
:105F08000000000000000000000000000000000089
:105F18000000000000000000000000000000000079
:105F28000000000000000000000000000000000069
:105F38000000000000000000000000000000000059
:105F48000000000000000000000000000000000049
:105F58000000000000000000000000000000000039
:105F68000000000000000000000000000000000029
:105F78000000000000000000000000000000000019
:105F88000000000000000000000000000000000009
:105F980000000000000000000000000000000000F9
:105FA80000000000000000000000000000000000E9
:105FB80000000000000000000000000000000000D9
:105FC80000000000000000000000000000000000C9
:105FD80000000000000000000000000000000000B9
:105FE80000000000000000000000000000000000A9
:105FF8000000000000000000000000000000000099
:106008000000000000000000000000000000000088
:106018000000000000000000000000000000000078
:106028000000000000000000000000000000000068
:106038000000000000000000000000000000000058
:106048000000000000000000000000000000000048
:106058000000000000000000000000000000000038
:106068000000000000000000000000000000000028
:106078000000000000000000000000000000000018
:106088000000000000000000000000000000000008
:1060980000000000000000000000000000000000F8
:1060A80000000000000000000000000000000000E8
:1060B80000000000000000000000000000000000D8
:1060C80000000000000000000000000000000000C8
:1060D80000000000000000000000000000000000B8
:1060E80000000000000000000000000000000000A8
:1060F8000000000000000000000000000000000098
:106108000000000000000000000000000000000087
:106118000000000000000000000000000000000077
:106128000000000000000000000000000000000067
:106138000000000000000000000000000000000057
:106148000000000000000000000000000000000047
:106158000000000000000000000000000000000037
:106168000000000000000000000000000000000027
:106178000000000000000000000000000000000017
:106188000000000000000000000000000000000007
:1061980000000000000000000000000000000000F7
:1061A80000000000000000000000000000000000E7
:1061B80000000000000000000000000000000000D7
:1061C80000000000000000000000000000000000C7
:1061D80000000000000000000000000000000000B7
:1061E80000000000000000000000000000000000A7
:1061F8000000000000000000000000000000000097
:106208000000000000000000000000000000000086
:106218000000000000000000000000000000000076
:106228000000000000000000000000000000000066
:106238000000000000000000000000000000000056
:106248000000000000000000000000000000000046
:106258000000000000000000000000000000000036
:106268000000000000000000000000000000000026
:106278000000000000000000000000000000000016
:106288000000000000000000000000000000000006
:1062980000000000000000000000000000000000F6
:1062A80000000000000000000000000000000000E6
:1062B80000000000000000000000000000000000D6
:1062C80000000000000000000000000000000000C6
:1062D80000000000000000000000000000000000B6
:1062E80000000000000000000000000000000000A6
:1062F8000000000000000000000000000000000096
:106308000000000000000000000000000000000085
:106318000000000000000000000000000000000075
:106328000000000000000000000000000000000065
:106338000000000000000000000000000000000055
:106348000000000000000000000000000000000045
:106358000000000000000000000000000000000035
:106368000000000000000000000000000000000025
:106378000000000000000000000000000000000015
:106388000000000000000000000000000000000005
:1063980000000000000000000000000000000000F5
:1063A80000000000000000000000000000000000E5
:1063B80000000000000000000000000000000000D5
:1063C80000000000000000000000000000000000C5
:1063D80000000000000000000000000000000000B5
:1063E80000000000000000000000000000000000A5
:1063F8000000000000000000000000000000000095
:106408000000000000000000000000000000000084
:106418000000000000000000000000000000000074
:106428000000000000000000000000000000000064
:106438000000000000000000000000000000000054
:106448000000000000000000000000000000000044
:106458000000000000000000000000000000000034
:106468000000000000000000000000000000000024
:106478000000000000000000000000000000000014
:106488000000000000000000000000000000000004
:1064980000000000000000000000000000000000F4
:1064A80000000000000000000000000000000000E4
:1064B80000000000000000000000000000000000D4
:1064C80000000000000000000000000000000000C4
:1064D80000000000000000000000000000000000B4
:1064E80000000000000000000000000000000000A4
:1064F8000000000000000000000000000000000094
:106508000000000000000000000000000000000083
:106518000000000000000000000000000000000073
:106528000000000000000000000000000000000063
:106538000000000000000000000000000000000053
:106548000000000000000000000000000000000043
:106558000000000000000000000000000000000033
:106568000000000000000000000000000000000023
:106578000000000000000000000000000000000013
:106588000000000000000000000000000000000003
:1065980000000000000000000000000000000000F3
:1065A80000000000000000000000000000000000E3
:1065B80000000000000000000000000000000000D3
:1065C80000000000000000000000000000000000C3
:1065D80000000000000000000000000000000000B3
:1065E80000000000000000000000000000000000A3
:1065F8000000000000000000000000000000000093
:106608000000000000000000000000000000000082
:106618000000000000000000000000000000000072
:106628000000000000000000000000000000000062
:106638000000000000000000000000000000000052
:106648000000000000000000000000000000000042
:106658000000000000000000000000000000000032
:106668000000000000000000000000000000000022
:106678000000000000000000000000000000000012
:106688000000000000000000000000000000000002
:1066980000000000000000000000000000000000F2
:1066A80000000000000000000000000000000000E2
:1066B80000000000000000000000000000000000D2
:1066C80000000000000000000000000000000000C2
:1066D80000000000000000000000000000000000B2
:1066E80000000000000000000000000000000000A2
:1066F8000000000000000000000000000000000092
:106708000000000000000000000000000000000081
:106718000000000000000000000000000000000071
:106728000000000000000000000000000000000061
:106738000000000000000000000000000000000051
:106748000000000000000000000000000000000041
:106758000000000000000000000000000000000031
:106768000000000000000000000000000000000021
:106778000000000000000000000000000000000011
:106788000000000000000000000000000000000001
:1067980000000000000000000000000000000000F1
:1067A80000000000000000000000000000000000E1
:1067B80000000000000000000000000000000000D1
:1067C80000000000000000000000000000000000C1
:1067D80000000000000000000000000000000000B1
:1067E80000000000000000000000000000000000A1
:1067F8000000000000000000000000000000000091
:106808000000000000000000000000000000000080
:106818000000000000000000000000000000000070
:106828000000000000000000000000000000000060
:106838000000000000000000000000000000000050
:106848000000000000000000000000000000000040
:106858000000000000000000000000000000000030
:106868000000000000000000000000000000000020
:106878000000000000000000000000000000000010
:106888000000000000000000000000000000000000
:1068980000000000000000000000000000000000F0
:1068A80000000000000000000000000000000000E0
:1068B80000000000000000000000000000000000D0
:1068C80000000000000000000000000000000000C0
:1068D80000000000000000000000000000000000B0
:1068E80000000000000000000000000000000000A0
:1068F8000000000000000000000000000000000090
:10690800000000000000000000000000000000007F
:10691800000000000000000000000000000000006F
:10692800000000000000000000000000000000005F
:10693800000000000000000000000000000000004F
:10694800000000000000000000000000000000003F
:10695800000000000000000000000000000000002F
:10696800000000000000000000000000000000001F
:10697800000000000000000000000000000000000F
:1069880000000000000000000000000000000000FF
:1069980000000000000000000000000000000000EF
:1069A80000000000000000000000000000000000DF
:1069B80000000000000000000000000000000000CF
:1069C80000000000000000000000000000000000BF
:1069D80000000000000000000000000000000000AF
:1069E800000000000000000000000000000000009F
:1069F800000000000000000000000000000000008F
:106A0800000000000000000000000000000000007E
:106A1800000000000000000000000000000000006E
:106A2800000000000000000000000000000000005E
:106A3800000000000000000000000000000000004E
:106A4800000000000000000000000000000000003E
:106A5800000000000000000000000000000000002E
:106A6800000000000000000000000000000000001E
:106A7800000000000000000000000000000000000E
:106A880000000000000000000000000000000000FE
:106A980000000000000000000000000000000000EE
:106AA80000000000000000000000000000000000DE
:106AB80000000000000000000000000000000000CE
:106AC80000000000000000000000000000000000BE
:106AD80000000000000000000000000000000000AE
:106AE800000000000000000000000000000000009E
:106AF800000000000000000000000000000000008E
:106B0800000000000000000000000000000000007D
:106B1800000000000000000000000000000000006D
:106B2800000000000000000000000000000000005D
:106B3800000000000000000000000000000000004D
:106B4800000000000000000000000000000000003D
:106B5800000000000000000000000000000000002D
:106B6800000000000000000000000000000000001D
:106B7800000000000000000000000000000000000D
:106B880000000000000000000000000000000000FD
:106B980000000000000000000000000000000000ED
:106BA80000000000000000000000000000000000DD
:106BB80000000000000000000000000000000000CD
:106BC80000000000000000000000000000000000BD
:106BD80000000000000000000000000000000000AD
:106BE800000000000000000000000000000000009D
:106BF800000000000000000000000000000000008D
:106C0800000000000000000000000000000000007C
:106C1800000000000000000000000000000000006C
:106C2800000000000000000000000000000000005C
:106C3800000000000000000000000000000000004C
:106C4800000000000000000000000000000000003C
:106C5800000000000000000000000000000000002C
:106C6800000000000000000000000000000000001C
:106C7800000000000000000000000000000000000C
:106C880000000000000000000000000000000000FC
:106C980000000000000000000000000000000000EC
:106CA80000000000000000000000000000000000DC
:106CB80000000000000000000000000000000000CC
:106CC80000000000000000000000000000000000BC
:106CD80000000000000000000000000000000000AC
:106CE800000000000000000000000000000000009C
:106CF800000000000000000000000000000000008C
:106D0800000000000000000000000000000000007B
:106D1800000000000000000000000000000000006B
:106D2800000000000000000000000000000000005B
:106D3800000000000000000000000000000000004B
:106D4800000000000000000000000000000000003B
:106D5800000000000000000000000000000000002B
:106D6800000000000000000000000000000000001B
:106D7800000000000000000000000000000000000B
:106D880000000000000000000000000000000000FB
:106D980000000000000000000000000000000000EB
:106DA80000000000000000000000000000000000DB
:106DB80000000000000000000000000000000000CB
:106DC80000000000000000000000000000000000BB
:106DD80000000000000000000000000000000000AB
:106DE800000000000000000000000000000000009B
:106DF800000000000000000000000000000000008B
:106E0800000000000000000000000000000000007A
:106E1800000000000000000000000000000000006A
:106E2800000000000000000000000000000000005A
:106E3800000000000000000000000000000000004A
:106E4800000000000000000000000000000000003A
:106E5800000000000000000000000000000000002A
:106E6800000000000000000000000000000000001A
:106E7800000000000000000000000000000000000A
:106E880000000000000000000000000000000000FA
:106E980000000000000000000000000000000000EA
:106EA80000000000000000000000000000000000DA
:106EB80000000000000000000000000000000000CA
:106EC80000000000000000000000000000000000BA
:106ED80000000000000000000000000000000000AA
:106EE800000000000000000000000000000000009A
:106EF800000000000000000000000000000000008A
:106F08000000000000000000000000000000000079
:106F18000000000000000000000000000000000069
:106F28000000000000000000000000000000000059
:106F38000000000000000000000000000000000049
:106F48000000000000000000000000000000000039
:106F58000000000000000000000000000000000029
:106F68000000000000000000000000000000000019
:106F78000000000000000000000000000000000009
:106F880000000000000000000000000000000000F9
:106F980000000000000000000000000000000000E9
:106FA80000000000000000000000000000000000D9
:106FB80000000000000000000000000000000000C9
:106FC80000000000000000000000000000000000B9
:106FD80000000000000000000000000000000000A9
:106FE8000000000000000000000000000000000099
:106FF8000000000000000000000000000000000089
:107008000000000000000000000000000000000078
:107018000000000000000000000000000000000068
:107028000000000000000000000000000000000058
:107038000000000000000000000000000000000048
:107048000000000000000000000000000000000038
:107058000000000000000000000000000000000028
:107068000000000000000000000000000000000018
:107078000000000000000000000000000000000008
:1070880000000000000000000000000000000000F8
:1070980000000000000000000000000000000000E8
:1070A80000000000000000000000000000000000D8
:1070B80000000000000000000000000000000000C8
:1070C80000000000000000000000000000000000B8
:1070D80000000000000000000000000000000000A8
:1070E8000000000000000000000000000000000098
:1070F8000000000000000000000000000000000088
:107108000000000000000000000000000000000077
:107118000000000000000000000000000000000067
:107128000000000000000000000000000000000057
:107138000000000000000000000000000000000047
:107148000000000000000000000000000000000037
:107158000000000000000000000000000000000027
:107168000000000000000000000000000000000017
:107178000000000000000000000000000000000007
:1071880000000000000000000000000000000000F7
:1071980000000000000000000000000000000000E7
:1071A80000000000000000000000000000000000D7
:1071B80000000000000000000000000000000000C7
:1071C80000000000000000000000000000000000B7
:1071D80000000000000000000000000000000000A7
:1071E8000000000000000000000000000000000097
:1071F8000000000000000000000000000000000087
:107208000000000000000000000000000000000076
:107218000000000000000000000000000000000066
:107228000000000000000000000000000000000056
:107238000000000000000000000000000000000046
:107248000000000000000000000000000000000036
:107258000000000000000000000000000000000026
:107268000000000000000000000000000000000016
:107278000000000000000000000000000000000006
:1072880000000000000000000000000000000000F6
:1072980000000000000000000000000000000000E6
:1072A80000000000000000000000000000000000D6
:1072B80000000000000000000000000000000000C6
:1072C80000000000000000000000000000000000B6
:1072D80000000000000000000000000000000000A6
:1072E8000000000000000000000000000000000096
:1072F8000000000000000000000000000000000086
:107308000000000000000000000000000000000075
:107318000000000000000000000000000000000065
:107328000000000000000000000000000000000055
:107338000000000000000000000000000000000045
:107348000000000000000000000000000000000035
:107358000000000000000000000000000000000025
:107368000000000000000000000000000000000015
:107378000000000000000000000000000000000005
:1073880000000000000000000000000000000000F5
:1073980000000000000000000000000000000000E5
:1073A80000000000000000000000000000000000D5
:1073B80000000000000000000000000000000000C5
:1073C80000000000000000000000000000000000B5
:1073D80000000000000000000000000000000000A5
:1073E8000000000000000000000000000000000095
:1073F8000000000000000000000000000000000085
:107408000000000000000000000000000000000074
:107418000000000000000000000000000000000064
:107428000000000000000000000000000000000054
:107438000000000000000000000000000000000044
:107448000000000000000000000000000000000034
:107458000000000000000000000000000000000024
:107468000000000000000000000000000000000014
:107478000000000000000000000000000000000004
:1074880000000000000000000000000000000000F4
:1074980000000000000000000000000000000000E4
:1074A80000000000000000000000000000000000D4
:1074B80000000000000000000000000000000000C4
:1074C80000000000000000000000000000000000B4
:1074D80000000000000000000000000000000000A4
:1074E8000000000000000000000000000000000094
:1074F8000000000000000000000000000000000084
:107508000000000000000000000000000000000073
:107518000000000000000000000000000000000063
:107528000000000000000000000000000000000053
:107538000000000000000000000000000000000043
:107548000000000000000000000000000000000033
:107558000000000000000000000000000000000023
:107568000000000000000000000000000000000013
:107578000000000000000000000000000000000003
:1075880000000000000000000000000000000000F3
:1075980000000000000000000000000000000000E3
:1075A80000000000000000000000000000000000D3
:1075B80000000000000000000000000000000000C3
:1075C80000000000000000000000000000000000B3
:1075D80000000000000000000000000000000000A3
:1075E8000000000000000000000000000000000093
:1075F8000000000000000000000000000000000083
:107608000000000000000000000000000000000072
:107618000000000000000000000000000000000062
:107628000000000000000000000000000000000052
:107638000000000000000000000000000000000042
:107648000000000000000000000000000000000032
:107658000000000000000000000000000000000022
:107668000000000000000000000000000000000012
:107678000000000000000000000000000000000002
:1076880000000000000000000000000000000000F2
:1076980000000000000000000000000000000000E2
:1076A80000000000000000000000000000000000D2
:1076B80000000000000000000000000000000000C2
:1076C80000000000000000000000000000000000B2
:1076D80000000000000000000000000000000000A2
:1076E8000000000000000000000000000000000092
:1076F8000000000000000000000000000000000082
:107708000000000000000000000000000000000071
:107718000000000000000000000000000000000061
:107728000000000000000000000000000000000051
:107738000000000000000000000000000000000041
:107748000000000000000000000000000000000031
:107758000000000000000000000000000000000021
:107768000000000000000000000000000000000011
:107778000000000000000000000000000000000001
:1077880000000000000000000000000000000000F1
:1077980000000000000000000000000000000000E1
:1077A80000000000000000000000000000000000D1
:1077B80000000000000000000000000000000000C1
:1077C80000000000000000000000000000000000B1
:1077D80000000000000000000000000000000000A1
:1077E8000000000000000000000000000000000091
:1077F8000000000000000000000000000000000081
:107808000000000000000000000000000000000070
:107818000000000000000000000000000000000060
:107828000000000000000000000000000000000050
:107838000000000000000000000000000000000040
:107848000000000000000000000000000000000030
:107858000000000000000000000000000000000020
:107868000000000000000000000000000000000010
:107878000000000000000000000000000000000000
:1078880000000000000000000000000000000000F0
:1078980000000000000000000000000000000000E0
:1078A80000000000000000000000000000000000D0
:1078B80000000000000000000000000000000000C0
:1078C80000000000000000000000000000000000B0
:1078D80000000000000000000000000000000000A0
:1078E8000000000000000000000000000000000090
:1078F8000000000000000000000000000000000080
:10790800000000000000000000000000000000006F
:10791800000000000000000000000000000000005F
:10792800000000000000000000000000000000004F
:10793800000000000000000000000000000000003F
:10794800000000000000000000000000000000002F
:10795800000000000000000000000000000000001F
:10796800000000000000000000000000000000000F
:1079780000000000000000000000000000000000FF
:1079880000000000000000000000000000000000EF
:1079980000000000000000000000000000000000DF
:1079A80000000000000000000000000000000000CF
:1079B80000000000000000000000000000000000BF
:1079C80000000000000000000000000000000000AF
:1079D800000000000000000000000000000000009F
:1079E800000000000000000000000000000000008F
:1079F800000000000000000000000000000000007F
:107A0800000000000000000000000000000000006E
:107A1800000000000000000000000000000000005E
:107A2800000000000000000000000000000000004E
:107A3800000000000000000000000000000000003E
:107A4800000000000000000000000000000000002E
:107A5800000000000000000000000000000000001E
:107A6800000000000000000000000000000000000E
:107A780000000000000000000000000000000000FE
:107A880000000000000000000000000000000000EE
:107A980000000000000000000000000000000000DE
:107AA80000000000000000000000000000000000CE
:107AB80000000000000000000000000000000000BE
:107AC80000000000000000000000000000000000AE
:107AD800000000000000000000000000000000009E
:107AE800000000000000000000000000000000008E
:107AF800000000000000000000000000000000007E
:107B0800000000000000000000000000000000006D
:107B1800000000000000000000000000000000005D
:107B2800000000000000000000000000000000004D
:107B3800000000000000000000000000000000003D
:107B4800000000000000000000000000000000002D
:107B5800000000000000000000000000000000001D
:107B6800000000000000000000000000000000000D
:107B780000000000000000000000000000000000FD
:107B880000000000000000000000000000000000ED
:107B980000000000000000000000000000000000DD
:107BA80000000000000000000000000000000000CD
:107BB80000000000000000000000000000000000BD
:107BC80000000000000000000000000000000000AD
:107BD800000000000000000000000000000000009D
:107BE800000000000000000000000000000000008D
:107BF800000000000000000000000000000000007D
:107C0800000000000000000000000000000000006C
:107C1800000000000000000000000000000000005C
:107C2800000000000000000000000000000000004C
:107C3800000000000000000000000000000000003C
:107C4800000000000000000000000000000000002C
:107C5800000000000000000000000000000000001C
:107C6800000000000000000000000000000000000C
:107C780000000000000000000000000000000000FC
:107C880000000000000000000000000000000000EC
:107C980000000000000000000000000000000000DC
:107CA80000000000000000000000000000000000CC
:107CB80000000000000000000000000000000000BC
:107CC80000000000000000000000000000000000AC
:107CD800000000000000000000000000000000009C
:107CE800000000000000000000000000000000008C
:107CF800000000000000000000000000000000007C
:107D0800000000000000000000000000000000006B
:107D1800000000000000000000000000000000005B
:107D2800000000000000000000000000000000004B
:107D3800000000000000000000000000000000003B
:107D4800000000000000000000000000000000002B
:107D5800000000000000000000000000000000001B
:107D6800000000000000000000000000000000000B
:107D780000000000000000000000000000000000FB
:107D880000000000000000000000000000000000EB
:107D980000000000000000000000000000000000DB
:107DA80000000000000000000000000000000000CB
:107DB80000000000000000000000000000000000BB
:107DC80000000000000000000000000000000000AB
:107DD800000000000000000000000000000000009B
:107DE800000000000000000000000000000000008B
:107DF800000000000000000000000000000000007B
:107E0800000000000000000000000000000000006A
:107E1800000000000000000000000000000000005A
:107E2800000000000000000000000000000000004A
:107E3800000000000000000000000000000000003A
:107E4800000000000000000000000000000000002A
:107E5800000000000000000000000000000000001A
:107E6800000000000000000000000000000000000A
:107E780000000000000000000000000000000000FA
:107E880000000000000000000000000000000000EA
:107E980000000000000000000000000000000000DA
:107EA80000000000000000000000000000000000CA
:107EB80000000000000000000000000000000000BA
:107EC80000000000000000000000000000000000AA
:107ED800000000000000000000000000000000009A
:107EE800000000000000000000000000000000008A
:107EF800000000000000000000000000000000007A
:107F08000000000000000000000000000000000069
:107F18000000000000000000000000000000000059
:107F28000000000000000000000000000000000049
:107F38000000000000000000000000000000000039
:107F48000000000000000000000000000000000029
:107F58000000000000000000000000000000000019
:107F68000000000000000000000000000000000009
:107F780000000000000000000000000000000000F9
:107F880000000000000000000000000000000000E9
:107F980000000000000000000000000000000000D9
:107FA80000000000000000000000000000000000C9
:107FB80000000000000000000000000000000000B9
:107FC80000000000000000000000000000000000A9
:107FD8000000000000000000000000000000000099
:107FE8000000000000000000000000000000000089
:107FF8000000000000000000000000000000000079
:108008000000000000000000000000000000000068
:108018000000000000000000000000000000000058
:108028000000000000000000000000000000000048
:108038000000000000000000000000000000000038
:108048000000000000000000000000000000000028
:108058000000000000000000000000000000000018
:108068000000000000000000000000000000000008
:1080780000000000000000000000000000000000F8
:1080880000000000000000000000000000000000E8
:1080980000000000000000000000000000000000D8
:1080A80000000000000000000000000000000000C8
:1080B80000000000000000000000000000000000B8
:1080C80000000000000000000000000000000000A8
:1080D8000000000000000000000000000000000098
:1080E8000000000000000000000000000000000088
:1080F8000000000000000000000000000000000078
:108108000000000000000000000000000000000067
:108118000000000000000000000000000000000057
:108128000000000000000000000000000000000047
:108138000000000000000000000000000000000037
:108148000000000000000000000000000000000027
:108158000000000000000000000000000000000017
:108168000000000000000000000000000000000007
:1081780000000000000000000000000000000000F7
:1081880000000000000000000000000000000000E7
:1081980000000000000000000000000000000000D7
:1081A80000000000000000000000000000000000C7
:1081B80000000000000000000000000000000000B7
:1081C80000000000000000000000000000000000A7
:1081D8000000000000000000000000000000000097
:1081E8000000000000000000000000000000000087
:1081F8000000000000000000000000000000000077
:108208000000000000000000000000000000000066
:108218000000000000000000000000000000000056
:108228000000000000000000000000000000000046
:108238000000000000000000000000000000000036
:108248000000000000000000000000000000000026
:108258000000000000000000000000000000000016
:108268000000000000000000000000000000000006
:1082780000000000000000000000000000000000F6
:1082880000000000000000000000000000000000E6
:1082980000000000000000000000000000000000D6
:1082A80000000000000000000000000000000000C6
:1082B80000000000000000000000000000000000B6
:1082C80000000000000000000000000000000000A6
:1082D8000000000000000000000000000000000096
:1082E8000000000000000000000000000000000086
:1082F8000000000000000000000000000000000076
:108308000000000000000000000000000000000065
:108318000000000000000000000000000000000055
:108328000000000000000000000000000000000045
:108338000000000000000000000000000000000035
:108348000000000000000000000000000000000025
:108358000000000000000000000000000000000015
:108368000000000000000000000000000000000005
:1083780000000000000000000000000000000000F5
:1083880000000000000000000000000000000000E5
:1083980000000000000000000000000000000000D5
:1083A80000000000000000000000000000000000C5
:1083B80000000000000000000000000000000000B5
:1083C80000000000000000000000000000000000A5
:1083D8000000000000000000000000000000000095
:1083E8000000000000000000000000000000000085
:1083F8000000000000000000000000000000000075
:108408000000000000000000000000000000000064
:108418000000000000000000000000000000000054
:108428000000000000000000000000000000000044
:108438000000000000000000000000000000000034
:108448000000000000000000000000000000000024
:108458000000000000000000000000000000000014
:108468000000000000000000000000000000000004
:1084780000000000000000000000000000000000F4
:1084880000000000000000000000000000000000E4
:1084980000000000000000000000000000000000D4
:1084A80000000000000000000000000000000000C4
:1084B80000000000000000000000000000000000B4
:1084C80000000000000000000000000000000000A4
:1084D8000000000000000000000000000000000094
:1084E8000000000000000000000000000000000084
:1084F8000000000000000000000000000000000074
:108508000000000000000000000000000000000063
:108518000000000000000000000000000000000053
:108528000000000000000000000000000000000043
:108538000000000000000000000000000000000033
:108548000000000000000000000000000000000023
:108558000000000000000000000000000000000013
:108568000000000000000000000000000000000003
:1085780000000000000000000000000000000000F3
:1085880000000000000000000000000000000000E3
:1085980000000000000000000000000000000000D3
:1085A80000000000000000000000000000000000C3
:1085B80000000000000000000000000000000000B3
:1085C80000000000000000000000000000000000A3
:1085D8000000000000000000000000000000000093
:1085E8000000000000000000000000000000000083
:1085F8000000000000000000000000000000000073
:108608000000000000000000000000000000000062
:108618000000000000000000000000000000000052
:108628000000000000000000000000000000000042
:108638000000000000000000000000000000000032
:108648000000000000000000000000000000000022
:108658000000000000000000000000000000000012
:108668000000000000000000000000000000000002
:1086780000000000000000000000000000000000F2
:1086880000000000000000000000000000000000E2
:1086980000000000000000000000000000000000D2
:1086A80000000000000000000000000000000000C2
:1086B80000000000000000000000000000000000B2
:1086C80000000000000000000000000000000000A2
:1086D8000000000000000000000000000000000092
:1086E8000000000000000000000000000000000082
:1086F8000000000000000000000000000000000072
:108708000000000000000000000000000000000061
:108718000000000000000000000000000000000051
:108728000000000000000000000000000000000041
:108738000000000000000000000000000000000031
:108748000000000000000000000000000000000021
:108758000000000000000000000000000000000011
:108768000000000000000000000000000000000001
:1087780000000000000000000000000000000000F1
:1087880000000000000000000000000000000000E1
:1087980000000000000000000000000000000000D1
:1087A80000000000000000000000000000000000C1
:1087B80000000000000000000000000000000000B1
:1087C80000000000000000000000000000000000A1
:1087D8000000000000000000000000000000000091
:1087E8000000000000000000000000000000000081
:1087F8000000000000000000000000000000000071
:108808000000000000000000000000000000000060
:108818000000000000000000000000000000000050
:108828000000000000000000000000000000000040
:108838000000000000000000000000000000000030
:108848000000000000000000000000000000000020
:108858000000000000000000000000000000000010
:108868000000000000000000000000000000000000
:1088780000000000000000000000000000000000F0
:1088880000000000000000000000000000000000E0
:1088980000000000000000000000000000000000D0
:1088A80000000000000000000000000000000000C0
:1088B80000000000000000000000000000000000B0
:1088C80000000000000000000000000000000000A0
:1088D8000000000000000000000000000000000090
:1088E8000000000000000000000000000000000080
:1088F8000000000000000000000000000000000070
:10890800000000000000000000000000000000005F
:10891800000000000000000000000000000000004F
:10892800000000000000000000000000000000003F
:10893800000000000000000000000000000000002F
:10894800000000000000000000000000000000001F
:10895800000000000000000000000000000000000F
:1089680000000000000000000000000000000000FF
:1089780000000000000000000000000000000000EF
:1089880000000000000000000000000000000000DF
:1089980000000000000000000000000000000000CF
:1089A80000000000000000000000000000000000BF
:1089B80000000000000000000000000000000000AF
:1089C800000000000000000000000000000000009F
:1089D800000000000000000000000000000000008F
:1089E800000000000000000000000000000000007F
:1089F800000000000000000000000000000000006F
:108A0800000000000000000000000000000000005E
:108A1800000000000000000000000000000000004E
:108A2800000000000000000000000000000000003E
:108A3800000000000000000000000000000000002E
:108A4800000000000000000000000000000000001E
:108A5800000000000000000000000000000000000E
:108A680000000000000000000000000000000000FE
:108A780000000000000000000000000000000000EE
:108A880000000000000000000000000000000000DE
:108A980000000000000000000000000000000000CE
:108AA80000000000000000000000000000000000BE
:108AB80000000000000000000000000000000000AE
:108AC800000000000000000000000000000000009E
:108AD800000000000000000000000000000000008E
:108AE800000000000000000000000000000000007E
:108AF800000000000000000000000000000000006E
:108B0800000000000000000000000000000000005D
:108B1800000000000000000000000000000000004D
:108B2800000000000000000000000000000000003D
:108B3800000000000000000000000000000000002D
:108B4800000000000000000000000000000000001D
:108B5800000000000000000000000000000000000D
:108B680000000000000000000000000000000000FD
:108B780000000000000000000000000000000000ED
:108B880000000000000000000000000000000000DD
:108B980000000000000000000000000000000000CD
:108BA80000000000000000000000000000000000BD
:108BB80000000000000000000000000000000000AD
:108BC800000000000000000000000000000000009D
:108BD800000000000000000000000000000000008D
:108BE800000000000000000000000000000000007D
:108BF800000000000000000000000000000000006D
:108C0800000000000000000000000000000000005C
:108C1800000000000000000000000000000000004C
:108C2800000000000000000000000000000000003C
:108C3800000000000000000000000000000000002C
:108C4800000000000000000000000000000000001C
:108C5800000000000000000000000000000000000C
:108C680000000000000000000000000000000000FC
:108C780000000000000000000000000000000000EC
:108C880000000000000000000000000000000000DC
:108C980000000000000000000000000000000000CC
:108CA80000000000000000000000000000000000BC
:108CB80000000000000000000000000000000000AC
:108CC800000000000000000000000000000000009C
:108CD800000000000000000000000000000000008C
:108CE800000000000000000000000000000000007C
:108CF800000000000000000000000000000000006C
:108D0800000000000000000000000000000000005B
:108D1800000000000000000000000000000000004B
:108D2800000000000000000000000000000000003B
:108D3800000000000000000000000000000000002B
:108D4800000000000000000000000000000000001B
:108D5800000000000000000000000000000000000B
:108D680000000000000000000000000000000000FB
:108D780000000000000000000000000000000000EB
:108D880000000000000000000000000000000000DB
:108D980000000000000000000000000000000000CB
:108DA80000000000000000000000000000000000BB
:108DB80000000000000000000000000000000000AB
:108DC800000000000000000000000000000000009B
:108DD800000000000000000000000000000000008B
:108DE800000000000000000000000000000000007B
:108DF800000000000000000000000000000000006B
:108E0800000000000000000000000000000000005A
:108E1800000000000000000000000000000000004A
:108E2800000000000000000000000000000000003A
:108E3800000000000000000000000000000000002A
:108E4800000000000000000000000000000000001A
:108E5800000000000000000000000000000000000A
:108E680000000000000000000000000000000000FA
:108E780000000000000000000000000000000000EA
:108E880000000000000000000000000000000000DA
:108E980000000000000000000000000000000000CA
:108EA80000000000000000000000000000000000BA
:108EB80000000000000000000000000000000000AA
:108EC800000000000000000000000000000000009A
:108ED800000000000000000000000000000000008A
:108EE800000000000000000000000000000000007A
:108EF800000000000000000000000000000000006A
:108F08000000000000000000000000000000000059
:108F18000000000000000000000000000000000049
:108F28000000000000000000000000000000000039
:108F38000000000000000000000000000000000029
:108F48000000000000000000000000000000000019
:108F58000000000000000000000000000000000009
:108F680000000000000000000000000000000000F9
:108F780000000000000000000000000000000000E9
:108F880000000000000000000000000000000000D9
:108F980000000000000000000000000000000000C9
:108FA80000000000000000000000000000000000B9
:108FB80000000000000000000000000000000000A9
:108FC8000000000000000000000000000000000099
:108FD8000000000000000000000000000000000089
:108FE8000000000000000000000000000000000079
:108FF8000000000000000000000000000000000069
:109008000000000000000000000000000000000058
:109018000000000000000000000000000000000048
:109028000000000000000000000000000000000038
:109038000000000000000000000000000000000028
:109048000000000000000000000000000000000018
:109058000000000000000000000000000000000008
:1090680000000000000000000000000000000000F8
:1090780000000000000000000000000000000000E8
:1090880000000000000000000000000000000000D8
:1090980000000000000000000000000000000000C8
:1090A80000000000000000000000000000000000B8
:1090B80000000000000000000000000000000000A8
:1090C8000000000000000000000000000000000098
:1090D8000000000000000000000000000000000088
:1090E8000000000000000000000000000000000078
:1090F8000000000000000000000000000000000068
:109108000000000000000000000000000000000057
:109118000000000000000000000000000000000047
:109128000000000000000000000000000000000037
:109138000000000000000000000000000000000027
:109148000000000000000000000000000000000017
:109158000000000000000000000000000000000007
:1091680000000000000000000000000000000000F7
:1091780000000000000000000000000000000000E7
:1091880000000000000000000000000000000000D7
:1091980000000000000000000000000000000000C7
:1091A80000000000000000000000000000000000B7
:1091B80000000000000000000000000000000000A7
:1091C8000000000000000000000000000000000097
:1091D8000000000000000000000000000000000087
:1091E8000000000000000000000000000000000077
:1091F8000000000000000000000000000000000067
:109208000000000000000000000000000000000056
:109218000000000000000000000000000000000046
:109228000000000000000000000000000000000036
:109238000000000000000000000000000000000026
:109248000000000000000000000000000000000016
:109258000000000000000000000000000000000006
:1092680000000000000000000000000000000000F6
:1092780000000000000000000000000000000000E6
:1092880000000000000000000000000000000000D6
:1092980000000000000000000000000000000000C6
:1092A80000000000000000000000000000000000B6
:1092B80000000000000000000000000000000000A6
:1092C8000000000000000000000000000000000096
:1092D8000000000000000000000000000000000086
:1092E8000000000000000000000000000000000076
:1092F8000000000000000000000000000000000066
:109308000000000000000000000000000000000055
:109318000000000000000000000000000000000045
:109328000000000000000000000000000000000035
:109338000000000000000000000000000000000025
:109348000000000000000000000000000000000015
:109358000000000000000000000000000000000005
:1093680000000000000000000000000000000000F5
:1093780000000000000000000000000000000000E5
:1093880000000000000000000000000000000000D5
:1093980000000000000000000000000000000000C5
:1093A80000000000000000000000000000000000B5
:1093B80000000000000000000000000000000000A5
:1093C8000000000000000000000000000000000095
:1093D8000000000000000000000000000000000085
:1093E8000000000000000000000000000000000075
:1093F8000000000000000000000000000000000065
:109408000000000000000000000000000000000054
:109418000000000000000000000000000000000044
:109428000000000000000000000000000000000034
:109438000000000000000000000000000000000024
:109448000000000000000000000000000000000014
:109458000000000000000000000000000000000004
:1094680000000000000000000000000000000000F4
:1094780000000000000000000000000000000000E4
:1094880000000000000000000000000000000000D4
:1094980000000000000000000000000000000000C4
:1094A80000000000000000000000000000000000B4
:1094B80000000000000000000000000000000000A4
:1094C8000000000000000000000000000000000094
:1094D8000000000000000000000000000000000084
:1094E8000000000000000000000000000000000074
:1094F8000000000000000000000000000000000064
:109508000000000000000000000000000000000053
:109518000000000000000000000000000000000043
:109528000000000000000000000000000000000033
:109538000000000000000000000000000000000023
:109548000000000000000000000000000000000013
:109558000000000000000000000000000000000003
:1095680000000000000000000000000000000000F3
:1095780000000000000000000000000000000000E3
:1095880000000000000000000000000000000000D3
:1095980000000000000000000000000000000000C3
:1095A80000000000000000000000000000000000B3
:1095B80000000000000000000000000000000000A3
:1095C8000000000000000000000000000000000093
:1095D8000000000000000000000000000000000083
:1095E8000000000000000000000000000000000073
:1095F8000000000000000000000000000000000063
:109608000000000000000000000000000000000052
:109618000000000000000000000000000000000042
:109628000000000000000000000000000000000032
:109638000000000000000000000000000000000022
:109648000000000000000000000000000000000012
:109658000000000000000000000000000000000002
:1096680000000000000000000000000000000000F2
:1096780000000000000000000000000000000000E2
:1096880000000000000000000000000000000000D2
:1096980000000000000000000000000000000000C2
:1096A80000000000000000000000000000000000B2
:1096B80000000000000000000000000000000000A2
:1096C8000000000000000000000000000000000092
:1096D8000000000000000000000000000000000082
:1096E8000000000000000000000000000000000072
:1096F8000000000000000000000000000000000062
:109708000000000000000000000000000000000051
:109718000000000000000000000000000000000041
:109728000000000000000000000000000000000031
:109738000000000000000000000000000000000021
:109748000000000000000000000000000000000011
:109758000000000000000000000000000000000001
:1097680000000000000000000000000000000000F1
:1097780000000000000000000000000000000000E1
:1097880000000000000000000000000000000000D1
:1097980000000000000000000000000000000000C1
:1097A80000000000000000000000000000000000B1
:1097B80000000000000000000000000000000000A1
:1097C8000000000000000000000000000000000091
:1097D8000000000000000000000000000000000081
:1097E8000000000000000000000000000000000071
:1097F8000000000000000000000000000000000061
:109808000000000000000000000000000000000050
:109818000000000000000000000000000000000040
:109828000000000000000000000000000000000030
:109838000000000000000000000000000000000020
:109848000000000000000000000000000000000010
:109858000000000000000000000000000000000000
:1098680000000000000000000000000000000000F0
:1098780000000000000000000000000000000000E0
:1098880000000000000000000000000000000000D0
:1098980000000000000000000000000000000000C0
:1098A80000000000000000000000000000000000B0
:1098B80000000000000000000000000000000000A0
:1098C8000000000000000000000000000000000090
:1098D8000000000000000000000000000000000080
:1098E8000000000000000000000000000000000070
:1098F8000000000000000000000000000000000060
:10990800000000000000000000000000000000004F
:10991800000000000000000000000000000000003F
:10992800000000000000000000000000000000002F
:10993800000000000000000000000000000000001F
:10994800000000000000000000000000000000000F
:1099580000000000000000000000000000000000FF
:1099680000000000000000000000000000000000EF
:1099780000000000000000000000000000000000DF
:1099880000000000000000000000000000000000CF
:1099980000000000000000000000000000000000BF
:1099A80000000000000000000000000000000000AF
:1099B800000000000000000000000000000000009F
:1099C800000000000000000000000000000000008F
:1099D800000000000000000000000000000000007F
:1099E800000000000000000000000000000000006F
:1099F800000000000000000000000000000000005F
:109A0800000000000000000000000000000000004E
:109A1800000000000000000000000000000000003E
:109A2800000000000000000000000000000000002E
:109A3800000000000000000000000000000000001E
:109A4800000000000000000000000000000000000E
:109A580000000000000000000000000000000000FE
:109A680000000000000000000000000000000000EE
:109A780000000000000000000000000000000000DE
:109A880000000000000000000000000000000000CE
:109A980000000000000000000000000000000000BE
:109AA80000000000000000000000000000000000AE
:109AB800000000000000000000000000000000009E
:109AC800000000000000000000000000000000008E
:109AD800000000000000000000000000000000007E
:109AE800000000000000000000000000000000006E
:109AF800000000000000000000000000000000005E
:109B0800000000000000000000000000000000004D
:109B1800000000000000000000000000000000003D
:109B2800000000000000000000000000000000002D
:109B3800000000000000000000000000000000001D
:109B4800000000000000000000000000000000000D
:109B580000000000000000000000000000000000FD
:109B680000000000000000000000000000000000ED
:109B780000000000000000000000000000000000DD
:109B880000000000000000000000000000000000CD
:109B980000000000000000000000000000000000BD
:109BA80000000000000000000000000000000000AD
:109BB800000000000000000000000000000000009D
:109BC800000000000000000000000000000000008D
:109BD800000000000000000000000000000000007D
:109BE800000000000000000000000000000000006D
:109BF800000000000000000000000000000000005D
:109C0800000000000000000000000000000000004C
:109C1800000000000000000000000000000000003C
:109C2800000000000000000000000000000000002C
:109C3800000000000000000000000000000000001C
:109C4800000000000000000000000000000000000C
:109C580000000000000000000000000000000000FC
:109C680000000000000000000000000000000000EC
:109C780000000000000000000000000000000000DC
:109C880000000000000000000000000000000000CC
:109C980000000000000000000000000000000000BC
:109CA80000000000000000000000000000000000AC
:109CB800000000000000000000000000000000009C
:109CC800000000000000000000000000000000008C
:109CD800000000000000000000000000000000007C
:109CE800000000000000000000000000000000006C
:109CF800000000000000000000000000000000005C
:109D0800000000000000000000000000000000004B
:109D1800000000000000000000000000000000003B
:109D2800000000000000000000000000000000002B
:109D3800000000000000000000000000000000001B
:109D4800000000000000000000000000000000000B
:109D580000000000000000000000000000000000FB
:109D680000000000000000000000000000000000EB
:109D780000000000000000000000000000000000DB
:109D880000000000000000000000000000000000CB
:109D980000000000000000000000000000000000BB
:109DA80000000000000000000000000000000000AB
:109DB800000000000000000000000000000000009B
:109DC800000000000000000000000000000000008B
:109DD800000000000000000000000000000000007B
:109DE800000000000000000000000000000000006B
:109DF800000000000000000000000000000000005B
:109E0800000000000000000000000000000000004A
:109E1800000000000000000000000000000000003A
:109E2800000000000000000000000000000000002A
:109E3800000000000000000000000000000000001A
:109E4800000000000000000000000000000000000A
:109E580000000000000000000000000000000000FA
:109E680000000000000000000000000000000000EA
:109E780000000000000000000000000000000000DA
:109E880000000000000000000000000000000000CA
:109E980000000000000000000000000000000000BA
:109EA80000000000000000000000000000000000AA
:109EB800000000000000000000000000000000009A
:109EC800000000000000000000000000000000008A
:109ED800000000000000000000000000000000007A
:109EE800000000000000000000000000000000006A
:109EF800000000000000000000000000000000005A
:109F08000000000000000000000000000000000049
:109F18000000000000000000000000000000000039
:109F28000000000000000000000000000000000029
:109F38000000000000000000000000000000000019
:109F48000000000000000000000000000000000009
:109F580000000000000000000000000000000000F9
:109F680000000000000000000000000000000000E9
:109F780000000000000000000000000000000000D9
:109F880000000000000000000000000000000000C9
:109F980000000000000000000000000000000000B9
:109FA80000000000000000000000000000000000A9
:109FB8000000000000000000000000000000000099
:109FC8000000000000000000000000000000000089
:109FD8000000000000000000000000000000000079
:109FE8000000000000000000000000000000000069
:109FF8000000000000000000000000000000000059
:10A008000000000000000000000000000000000048
:10A018000000000000000000000000000000000038
:10A028000000000000000000000000000000000028
:10A038000000000000000000000000000000000018
:10A048000000000000000000000000000000000008
:10A0580000000000000000000000000000000000F8
:10A0680000000000000000000000000000000000E8
:10A0780000000000000000000000000000000000D8
:10A0880000000000000000000000000000000000C8
:10A0980000000000000000000000000000000000B8
:10A0A80000000000000000000000000000000000A8
:10A0B8000000000000000000000000000000000098
:10A0C8000000000000000000000000000000000088
:10A0D8000000000000000000000000000000000078
:10A0E8000000000000000000000000000000000068
:10A0F8000000000000000000000000000000000058
:10A108000000000000000000000000000000000047
:10A118000000000000000000000000000000000037
:10A128000000000000000000000000000000000027
:10A138000000000000000000000000000000000017
:10A148000000000000000000000000000000000007
:10A1580000000000000000000000000000000000F7
:10A1680000000000000000000000000000000000E7
:10A1780000000000000000000000000000000000D7
:10A1880000000000000000000000000000000000C7
:10A1980000000000000000000000000000000000B7
:10A1A80000000000000000000000000000000000A7
:10A1B8000000000000000000000000000000000097
:10A1C8000000000000000000000000000000000087
:10A1D8000000000000000000000000000000000077
:10A1E8000000000000000000000000000000000067
:10A1F8000000000000000000000000000000000057
:10A208000000000000000000000000000000000046
:10A218000000000000000000000000000000000036
:10A228000000000000000000000000000000000026
:10A238000000000000000000000000000000000016
:10A248000000000000000000000000000000000006
:10A2580000000000000000000000000000000000F6
:10A2680000000000000000000000000000000000E6
:10A2780000000000000000000000000000000000D6
:10A2880000000000000000000000000000000000C6
:10A2980000000000000000000000000000000000B6
:10A2A80000000000000000000000000000000000A6
:10A2B8000000000000000000000000000000000096
:10A2C8000000000000000000000000000000000086
:10A2D8000000000000000000000000000000000076
:10A2E8000000000000000000000000000000000066
:10A2F8000000000000000000000000000000000056
:10A308000000000000000000000000000000000045
:10A318000000000000000000000000000000000035
:10A328000000000000000000000000000000000025
:10A338000000000000000000000000000000000015
:10A348000000000000000000000000000000000005
:10A3580000000000000000000000000000000000F5
:10A3680000000000000000000000000000000000E5
:10A3780000000000000000000000000000000000D5
:10A3880000000000000000000000000000000000C5
:10A3980000000000000000000000000000000000B5
:10A3A80000000000000000000000000000000000A5
:10A3B8000000000000000000000000000000000095
:10A3C8000000000000000000000000000000000085
:10A3D8000000000000000000000000000000000075
:10A3E8000000000000000000000000000000000065
:10A3F8000000000000000000000000000000000055
:10A408000000000000000000000000000000000044
:10A418000000000000000000000000000000000034
:10A428000000000000000000000000000000000024
:10A438000000000000000000000000000000000014
:10A448000000000000000000000000000000000004
:10A4580000000000000000000000000000000000F4
:10A4680000000000000000000000000000000000E4
:10A4780000000000000000000000000000000000D4
:10A4880000000000000000000000000000000000C4
:10A4980000000000000000000000000000000000B4
:10A4A80000000000000000000000000000000000A4
:10A4B8000000000000000000000000000000000094
:10A4C8000000000000000000000000000000000084
:10A4D8000000000000000000000000000000000074
:10A4E8000000000000000000000000000000000064
:10A4F8000000000000000000000000000000000054
:10A508000000000000000000000000000000000043
:10A518000000000000000000000000000000000033
:10A528000000000000000000000000000000000023
:10A538000000000000000000000000000000000013
:10A548000000000000000000000000000000000003
:10A5580000000000000000000000000000000000F3
:10A5680000000000000000000000000000000000E3
:10A5780000000000000000000000000000000000D3
:10A5880000000000000000000000000000000000C3
:10A5980000000000000000000000000000000000B3
:10A5A80000000000000000000000000000000000A3
:10A5B8000000000000000000000000000000000093
:10A5C8000000000000000000000000000000000083
:10A5D8000000000000000000000000000000000073
:10A5E8000000000000000000000000000000000063
:10A5F8000000000000000000000000000000000053
:10A608000000000000000000000000000000000042
:10A618000000000000000000000000000000000032
:10A628000000000000000000000000000000000022
:10A638000000000000000000000000000000000012
:10A648000000000000000000000000000000000002
:10A6580000000000000000000000000000000000F2
:10A6680000000000000000000000000000000000E2
:10A6780000000000000000000000000000000000D2
:10A6880000000000000000000000000000000000C2
:10A6980000000000000000000000000000000000B2
:10A6A80000000000000000000000000000000000A2
:10A6B8000000000000000000000000000000000092
:10A6C8000000000000000000000000000000000082
:10A6D8000000000000000000000000000000000072
:10A6E8000000000000000000000000000000000062
:10A6F8000000000000000000000000000000000052
:10A708000000000000000000000000000000000041
:10A718000000000000000000000000000000000031
:10A728000000000000000000000000000000000021
:10A738000000000000000000000000000000000011
:10A748000000000000000000000000000000000001
:10A7580000000000000000000000000000000000F1
:10A7680000000000000000000000000000000000E1
:10A7780000000000000000000000000000000000D1
:10A7880000000000000000000000000000000000C1
:10A7980000000000000000000000000000000000B1
:10A7A80000000000000000000000000000000000A1
:10A7B8000000000000000000000000000000000091
:10A7C8000000000000000000000000000000000081
:10A7D8000000000000000000000000000000000071
:10A7E8000000000000000000000000000000000061
:10A7F8000000000000000000000000000000000051
:10A808000000000000000000000000000000000040
:10A818000000000000000000000000000000000030
:10A828000000000000000000000000000000000020
:10A838000000000000000000000000000000000010
:10A848000000000000000000000000000000000000
:10A8580000000000000000000000000000000000F0
:10A8680000000000000000000000000000000000E0
:10A8780000000000000000000000000000000000D0
:10A8880000000000000000000000000000000000C0
:10A8980000000000000000000000000000000000B0
:10A8A80000000000000000000000000000000000A0
:10A8B8000000000000000000000000000000000090
:10A8C8000000000000000000000000000000000080
:10A8D8000000000000000000000000000000000070
:10A8E8000000000000000000000000000000000060
:10A8F8000000000000000000000000000000000050
:10A90800000000000000000000000000000000003F
:10A91800000000000000000000000000000000002F
:10A92800000000000000000000000000000000001F
:10A93800000000000000000000000000000000000F
:10A9480000000000000000000000000000000000FF
:10A9580000000000000000000000000000000000EF
:10A9680000000000000000000000000000000000DF
:10A9780000000000000000000000000000000000CF
:10A9880000000000000000000000000000000000BF
:10A9980000000000000000000000000000000000AF
:10A9A800000000000000000000000000000000009F
:10A9B800000000000000000000000000000000008F
:10A9C800000000000000000000000000000000007F
:10A9D800000000000000000000000000000000006F
:10A9E800000000000000000000000000000000005F
:10A9F800000000000000000000000000000000004F
:10AA0800000000000000000000000000000000003E
:10AA1800000000000000000000000000000000002E
:10AA2800000000000000000000000000000000001E
:10AA3800000000000000000000000000000000000E
:10AA480000000000000000000000000000000000FE
:10AA580000000000000000000000000000000000EE
:10AA680000000000000000000000000000000000DE
:10AA780000000000000000000000000000000000CE
:10AA880000000000000000000000000000000000BE
:10AA980000000000000000000000000000000000AE
:10AAA800000000000000000000000000000000009E
:10AAB800000000000000000000000000000000008E
:10AAC800000000000000000000000000000000007E
:10AAD800000000000000000000000000000000006E
:10AAE800000000000000000000000000000000005E
:10AAF800000000000000000000000000000000004E
:10AB0800000000000000000000000000000000003D
:10AB1800000000000000000000000000000000002D
:10AB2800000000000000000000000000000000001D
:10AB3800000000000000000000000000000000000D
:10AB480000000000000000000000000000000000FD
:10AB580000000000000000000000000000000000ED
:10AB680000000000000000000000000000000000DD
:10AB780000000000000000000000000000000000CD
:10AB880000000000000000000000000000000000BD
:10AB980000000000000000000000000000000000AD
:10ABA800000000000000000000000000000000009D
:10ABB800000000000000000000000000000000008D
:10ABC800000000000000000000000000000000007D
:10ABD800000000000000000000000000000000006D
:10ABE800000000000000000000000000000000005D
:10ABF800000000000000000000000000000000004D
:10AC0800000000000000000000000000000000003C
:10AC1800000000000000000000000000000000002C
:10AC2800000000000000000000000000000000001C
:10AC3800000000000000000000000000000000000C
:10AC480000000000000000000000000000000000FC
:10AC580000000000000000000000000000000000EC
:10AC680000000000000000000000000000000000DC
:10AC780000000000000000000000000000000000CC
:10AC880000000000000000000000000000000000BC
:10AC980000000000000000000000000000000000AC
:10ACA800000000000000000000000000000000009C
:10ACB800000000000000000000000000000000008C
:10ACC800000000000000000000000000000000007C
:10ACD800000000000000000000000000000000006C
:10ACE800000000000000000000000000000000005C
:10ACF800000000000000000000000000000000004C
:10AD0800000000000000000000000000000000003B
:10AD1800000000000000000000000000000000002B
:10AD2800000000000000000000000000000000001B
:10AD3800000000000000000000000000000000000B
:10AD480000000000000000000000000000000000FB
:10AD580000000000000000000000000000000000EB
:10AD680000000000000000000000000000000000DB
:10AD780000000000000000000000000000000000CB
:10AD880000000000000000000000000000000000BB
:10AD980000000000000000000000000000000000AB
:10ADA800000000000000000000000000000000009B
:10ADB800000000000000000000000000000000008B
:10ADC800000000000000000000000000000000007B
:10ADD800000000000000000000000000000000006B
:10ADE800000000000000000000000000000000005B
:10ADF800000000000000000000000000000000004B
:10AE0800000000000000000000000000000000003A
:10AE1800000000000000000000000000000000002A
:10AE2800000000000000000000000000000000001A
:10AE3800000000000000000000000000000000000A
:10AE480000000000000000000000000000000000FA
:10AE580000000000000000000000000000000000EA
:10AE680000000000000000000000000000000000DA
:10AE780000000000000000000000000000000000CA
:10AE880000000000000000000000000000000000BA
:10AE980000000000000000000000000000000000AA
:10AEA800000000000000000000000000000000009A
:10AEB800000000000000000000000000000000008A
:10AEC800000000000000000000000000000000007A
:10AED800000000000000000000000000000000006A
:10AEE800000000000000000000000000000000005A
:10AEF800000000000000000000000000000000004A
:10AF08000000000000000000000000000000000039
:10AF18000000000000000000000000000000000029
:10AF28000000000000000000000000000000000019
:10AF38000000000000000000000000000000000009
:10AF480000000000000000000000000000000000F9
:10AF580000000000000000000000000000000000E9
:10AF680000000000000000000000000000000000D9
:10AF780000000000000000000000000000000000C9
:10AF880000000000000000000000000000000000B9
:10AF980000000000000000000000000000000000A9
:10AFA8000000000000000000000000000000000099
:10AFB8000000000000000000000000000000000089
:10AFC8000000000000000000000000000000000079
:10AFD8000000000000000000000000000000000069
:10AFE8000000000000000000000000000000000059
:10AFF8000000000000000000000000000000000049
:10B008000000000000000000000000000000000038
:10B018000000000000000000000000000000000028
:10B028000000000000000000000000000000000018
:10B038000000000000000000000000000000000008
:10B0480000000000000000000000000000000000F8
:10B0580000000000000000000000000000000000E8
:10B0680000000000000000000000000000000000D8
:10B0780000000000000000000000000000000000C8
:10B0880000000000000000000000000000000000B8
:10B0980000000000000000000000000000000000A8
:10B0A8000000000000000000000000000000000098
:10B0B8000000000000000000000000000000000088
:10B0C8000000000000000000000000000000000078
:10B0D8000000000000000000000000000000000068
:10B0E8000000000000000000000000000000000058
:10B0F8000000000000000000000000000000000048
:10B108000000000000000000000000000000000037
:10B118000000000000000000000000000000000027
:10B128000000000000000000000000000000000017
:10B138000000000000000000000000000000000007
:10B1480000000000000000000000000000000000F7
:10B1580000000000000000000000000000000000E7
:10B1680000000000000000000000000000000000D7
:10B1780000000000000000000000000000000000C7
:10B1880000000000000000000000000000000000B7
:10B1980000000000000000000000000000000000A7
:10B1A8000000000000000000000000000000000097
:10B1B8000000000000000000000000000000000087
:10B1C8000000000000000000000000000000000077
:10B1D8000000000000000000000000000000000067
:10B1E8000000000000000000000000000000000057
:10B1F8000000000000000000000000000000000047
:10B208000000000000000000000000000000000036
:10B218000000000000000000000000000000000026
:10B228000000000000000000000000000000000016
:10B238000000000000000000000000000000000006
:10B2480000000000000000000000000000000000F6
:10B2580000000000000000000000000000000000E6
:10B2680000000000000000000000000000000000D6
:10B2780000000000000000000000000000000000C6
:10B2880000000000000000000000000000000000B6
:10B2980000000000000000000000000000000000A6
:10B2A8000000000000000000000000000000000096
:10B2B8000000000000000000000000000000000086
:10B2C8000000000000000000000000000000000076
:10B2D8000000000000000000000000000000000066
:10B2E8000000000000000000000000000000000056
:10B2F8000000000000000000000000000000000046
:10B308000000000000000000000000000000000035
:10B318000000000000000000000000000000000025
:10B328000000000000000000000000000000000015
:10B338000000000000000000000000000000000005
:10B3480000000000000000000000000000000000F5
:10B3580000000000000000000000000000000000E5
:10B3680000000000000000000000000000000000D5
:10B3780000000000000000000000000000000000C5
:10B3880000000000000000000000000000000000B5
:10B3980000000000000000000000000000000000A5
:10B3A8000000000000000000000000000000000095
:10B3B8000000000000000000000000000000000085
:10B3C8000000000000000000000000000000000075
:10B3D8000000000000000000000000000000000065
:10B3E8000000000000000000000000000000000055
:10B3F8000000000000000000000000000000000045
:10B408000000000000000000000000000000000034
:10B418000000000000000000000000000000000024
:10B428000000000000000000000000000000000014
:10B438000000000000000000000000000000000004
:10B4480000000000000000000000000000000000F4
:10B4580000000000000000000000000000000000E4
:10B4680000000000000000000000000000000000D4
:10B4780000000000000000000000000000000000C4
:10B4880000000000000000000000000000000000B4
:10B4980000000000000000000000000000000000A4
:10B4A8000000000000000000000000000000000094
:10B4B8000000000000000000000000000000000084
:10B4C8000000000000000000000000000000000074
:10B4D8000000000000000000000000000000000064
:10B4E8000000000000000000000000000000000054
:10B4F8000000000000000000000000000000000044
:10B508000000000000000000000000000000000033
:10B518000000000000000000000000000000000023
:10B528000000000000000000000000000000000013
:10B538000000000000000000000000000000000003
:10B5480000000000000000000000000000000000F3
:10B5580000000000000000000000000000000000E3
:10B5680000000000000000000000000000000000D3
:10B5780000000000000000000000000000000000C3
:10B5880000000000000000000000000000000000B3
:10B5980000000000000000000000000000000000A3
:10B5A8000000000000000000000000000000000093
:10B5B8000000000000000000000000000000000083
:10B5C8000000000000000000000000000000000073
:10B5D8000000000000000000000000000000000063
:10B5E8000000000000000000000000000000000053
:10B5F8000000000000000000000000000000000043
:10B608000000000000000000000000000000000032
:10B618000000000000000000000000000000000022
:10B628000000000000000000000000000000000012
:10B638000000000000000000000000000000000002
:10B6480000000000000000000000000000000000F2
:10B6580000000000000000000000000000000000E2
:10B6680000000000000000000000000000000000D2
:10B6780000000000000000000000000000000000C2
:10B6880000000000000000000000000000000000B2
:10B6980000000000000000000000000000000000A2
:10B6A8000000000000000000000000000000000092
:10B6B8000000000000000000000000000000000082
:10B6C8000000000000000000000000000000000072
:10B6D8000000000000000000000000000000000062
:10B6E8000000000000000000000000000000000052
:10B6F8000000000000000000000000000000000042
:10B708000000000000000000000000000000000031
:10B718000000000000000000000000000000000021
:10B728000000000000000000000000000000000011
:10B738000000000000000000000000000000000001
:10B7480000000000000000000000000000000000F1
:10B7580000000000000000000000000000000000E1
:10B7680000000000000000000000000000000000D1
:10B7780000000000000000000000000000000000C1
:10B7880000000000000000000000000000000000B1
:10B7980000000000000000000000000000000000A1
:10B7A8000000000000000000000000000000000091
:10B7B8000000000000000000000000000000000081
:10B7C8000000000000000000000000000000000071
:10B7D8000000000000000000000000000000000061
:10B7E8000000000000000000000000000000000051
:10B7F8000000000000000000000000000000000041
:10B808000000000000000000000000000000000030
:10B818000000000000000000000000000000000020
:10B828000000000000000000000000000000000010
:10B838000000000000000000000000000000000000
:10B8480000000000000000000000000000000000F0
:10B8580000000000000000000000000000000000E0
:10B8680000000000000000000000000000000000D0
:10B8780000000000000000000000000000000000C0
:10B8880000000000000000000000000000000000B0
:10B8980000000000000000000000000000000000A0
:10B8A8000000000000000000000000000000000090
:10B8B8000000000000000000000000000000000080
:10B8C8000000000000000000000000000000000070
:10B8D8000000000000000000000000000000000060
:10B8E8000000000000000000000000000000000050
:10B8F8000000000000000000000000000000000040
:10B90800000000000000000000000000000000002F
:10B91800000000000000000000000000000000001F
:10B92800000000000000000000000000000000000F
:10B9380000000000000000000000000000000000FF
:10B9480000000000000000000000000000000000EF
:10B9580000000000000000000000000000000000DF
:10B9680000000000000000000000000000000000CF
:10B9780000000000000000000000000000000000BF
:10B9880000000000000000000000000000000000AF
:10B99800000000000000000000000000000000009F
:10B9A800000000000000000000000000000000008F
:10B9B800000000000000000000000000000000007F
:10B9C800000000000000000000000000000000006F
:10B9D800000000000000000000000000000000005F
:10B9E800000000000000000000000000000000004F
:10B9F800000000000000000000000000000000003F
:10BA0800000000000000000000000000000000002E
:10BA1800000000000000000000000000000000001E
:10BA2800000000000000000000000000000000000E
:10BA380000000000000000000000000000000000FE
:10BA480000000000000000000000000000000000EE
:10BA580000000000000000000000000000000000DE
:10BA680000000000000000000000000000000000CE
:10BA780000000000000000000000000000000000BE
:10BA880000000000000000000000000000000000AE
:10BA9800000000000000000000000000000000009E
:10BAA800000000000000000000000000000000008E
:10BAB800000000000000000000000000000000007E
:10BAC800000000000000000000000000000000006E
:10BAD800000000000000000000000000000000005E
:10BAE800000000000000000000000000000000004E
:10BAF800000000000000000000000000000000003E
:10BB0800000000000000000000000000000000002D
:10BB1800000000000000000000000000000000001D
:10BB2800000000000000000000000000000000000D
:10BB380000000000000000000000000000000000FD
:10BB480000000000000000000000000000000000ED
:10BB580000000000000000000000000000000000DD
:10BB680000000000000000000000000000000000CD
:10BB780000000000000000000000000000000000BD
:10BB880000000000000000000000000000000000AD
:10BB9800000000000000000000000000000000009D
:10BBA800000000000000000000000000000000008D
:10BBB800000000000000000000000000000000007D
:10BBC800000000000000000000000000000000006D
:10BBD800000000000000000000000000000000005D
:10BBE800000000000000000000000000000000004D
:10BBF800000000000000000000000000000000003D
:10BC0800000000000000000000000000000000002C
:10BC1800000000000000000000000000000000001C
:10BC2800000000000000000000000000000000000C
:10BC380000000000000000000000000000000000FC
:10BC480000000000000000000000000000000000EC
:10BC580000000000000000000000000000000000DC
:10BC680000000000000000000000000000000000CC
:10BC780000000000000000000000000000000000BC
:10BC880000000000000000000000000000000000AC
:10BC9800000000000000000000000000000000009C
:10BCA800000000000000000000000000000000008C
:10BCB800000000000000000000000000000000007C
:10BCC800000000000000000000000000000000006C
:10BCD800000000000000000000000000000000005C
:10BCE800000000000000000000000000000000004C
:10BCF800000000000000000000000000000000003C
:10BD0800000000000000000000000000000000002B
:10BD1800000000000000000000000000000000001B
:10BD2800000000000000000000000000000000000B
:10BD380000000000000000000000000000000000FB
:10BD480000000000000000000000000000000000EB
:10BD580000000000000000000000000000000000DB
:10BD680000000000000000000000000000000000CB
:10BD780000000000000000000000000000000000BB
:10BD880000000000000000000000000000000000AB
:10BD9800000000000000000000000000000000009B
:10BDA800000000000000000000000000000000008B
:10BDB800000000000000000000000000000000007B
:10BDC800000000000000000000000000000000006B
:10BDD800000000000000000000000000000000005B
:10BDE800000000000000000000000000000000004B
:10BDF800000000000000000000000000000000003B
:10BE0800000000000000000000000000000000002A
:10BE1800000000000000000000000000000000001A
:10BE2800000000000000000000000000000000000A
:10BE380000000000000000000000000000000000FA
:10BE480000000000000000000000000000000000EA
:10BE580000000000000000000000000000000000DA
:10BE680000000000000000000000000000000000CA
:10BE780000000000000000000000000000000000BA
:10BE880000000000000000000000000000000000AA
:10BE9800000000000000000000000000000000009A
:10BEA800000000000000000000000000000000008A
:10BEB800000000000000000000000000000000007A
:10BEC800000000000000000000000000000000006A
:10BED800000000000000000000000000000000005A
:10BEE800000000000000000000000000000000004A
:10BEF800000000000000000000000000000000003A
:10BF08000000000000000000000000000000000029
:10BF18000000000000000000000000000000000019
:10BF28000000000000000000000000000000000009
:10BF380000000000000000000000000000000000F9
:10BF480000000000000000000000000000000000E9
:10BF580000000000000000000000000000000000D9
:10BF680000000000000000000000000000000000C9
:10BF780000000000000000000000000000000000B9
:10BF880000000000000000000000000000000000A9
:10BF98000000000000000000000000000000000099
:10BFA8000000000000000000000000000000000089
:10BFB8000000000000000000000000000000000079
:10BFC8000000000000000000000000000000000069
:10BFD8000000000000000000000000000000000059
:10BFE8000000000000000000000000000000000049
:10BFF8000000000000000000000000000000000039
:10C008000000000000000000000000000000000028
:10C018000000000000000000000000000000000018
:10C028000000000000000000000000000000000008
:10C0380000000000000000000000000000000000F8
:10C0480000000000000000000000000000000000E8
:10C0580000000000000000000000000000000000D8
:10C0680000000000000000000000000000000000C8
:10C0780000000000000000000000000000000000B8
:10C0880000000000000000000000000000000000A8
:10C098000000000000000000000000000000000098
:10C0A8000000000000000000000000000000000088
:10C0B8000000000000000000000000000000000078
:10C0C8000000000000000000000000000000000068
:10C0D8000000000000000000000000000000000058
:10C0E8000000000000000000000000000000000048
:10C0F8000000000000000000000000000000000038
:10C108000000000000000000000000000000000027
:10C118000000000000000000000000000000000017
:10C128000000000000000000000000000000000007
:10C1380000000000000000000000000000000000F7
:10C1480000000000000000000000000000000000E7
:10C1580000000000000000000000000000000000D7
:10C1680000000000000000000000000000000000C7
:10C1780000000000000000000000000000000000B7
:10C1880000000000000000000000000000000000A7
:10C198000000000000000000000000000000000097
:10C1A8000000000000000000000000000000000087
:10C1B8000000000000000000000000000000000077
:10C1C8000000000000000000000000000000000067
:10C1D8000000000000000000000000000000000057
:10C1E8000000000000000000000000000000000047
:10C1F8000000000000000000000000000000000037
:10C208000000000000000000000000000000000026
:10C218000000000000000000000000000000000016
:10C228000000000000000000000000000000000006
:10C2380000000000000000000000000000000000F6
:10C2480000000000000000000000000000000000E6
:10C2580000000000000000000000000000000000D6
:10C2680000000000000000000000000000000000C6
:10C2780000000000000000000000000000000000B6
:10C2880000000000000000000000000000000000A6
:10C298000000000000000000000000000000000096
:10C2A8000000000000000000000000000000000086
:10C2B8000000000000000000000000000000000076
:10C2C8000000000000000000000000000000000066
:10C2D8000000000000000000000000000000000056
:10C2E8000000000000000000000000000000000046
:10C2F8000000000000000000000000000000000036
:10C308000000000000000000000000000000000025
:10C318000000000000000000000000000000000015
:10C328000000000000000000000000000000000005
:10C3380000000000000000000000000000000000F5
:10C3480000000000000000000000000000000000E5
:10C3580000000000000000000000000000000000D5
:10C3680000000000000000000000000000000000C5
:10C3780000000000000000000000000000000000B5
:10C3880000000000000000000000000000000000A5
:10C398000000000000000000000000000000000095
:10C3A8000000000000000000000000000000000085
:10C3B8000000000000000000000000000000000075
:10C3C8000000000000000000000000000000000065
:10C3D8000000000000000000000000000000000055
:10C3E8000000000000000000000000000000000045
:10C3F8000000000000000000000000000000000035
:10C408000000000000000000000000000000000024
:10C418000000000000000000000000000000000014
:10C428000000000000000000000000000000000004
:10C4380000000000000000000000000000000000F4
:10C4480000000000000000000000000000000000E4
:10C4580000000000000000000000000000000000D4
:10C4680000000000000000000000000000000000C4
:10C4780000000000000000000000000000000000B4
:10C4880000000000000000000000000000000000A4
:10C498000000000000000000000000000000000094
:10C4A8000000000000000000000000000000000084
:10C4B8000000000000000000000000000000000074
:10C4C8000000000000000000000000000000000064
:10C4D8000000000000000000000000000000000054
:10C4E8000000000000000000000000000000000044
:10C4F8000000000000000000000000000000000034
:10C508000000000000000000000000000000000023
:10C518000000000000000000000000000000000013
:10C528000000000000000000000000000000000003
:10C5380000000000000000000000000000000000F3
:10C5480000000000000000000000000000000000E3
:10C5580000000000000000000000000000000000D3
:10C5680000000000000000000000000000000000C3
:10C5780000000000000000000000000000000000B3
:10C5880000000000000000000000000000000000A3
:10C598000000000000000000000000000000000093
:10C5A8000000000000000000000000000000000083
:10C5B8000000000000000000000000000000000073
:10C5C8000000000000000000000000000000000063
:10C5D8000000000000000000000000000000000053
:10C5E8000000000000000000000000000000000043
:10C5F8000000000000000000000000000000000033
:10C608000000000000000000000000000000000022
:10C618000000000000000000000000000000000012
:10C628000000000000000000000000000000000002
:10C6380000000000000000000000000000000000F2
:10C6480000000000000000000000000000000000E2
:10C6580000000000000000000000000000000000D2
:10C6680000000000000000000000000000000000C2
:10C6780000000000000000000000000000000000B2
:10C6880000000000000000000000000000000000A2
:10C698000000000000000000000000000000000092
:10C6A8000000000000000000000000000000000082
:10C6B8000000000000000000000000000000000072
:10C6C8000000000000000000000000000000000062
:10C6D8000000000000000000000000000000000052
:10C6E8000000000000000000000000000000000042
:10C6F8000000000000000000000000000000000032
:10C708000000000000000000000000000000000021
:10C718000000000000000000000000000000000011
:10C728000000000000000000000000000000000001
:10C7380000000000000000000000000000000000F1
:10C7480000000000000000000000000000000000E1
:10C7580000000000000000000000000000000000D1
:10C7680000000000000000000000000000000000C1
:10C7780000000000000000000000000000000000B1
:10C7880000000000000000000000000000000000A1
:10C798000000000000000000000000000000000091
:10C7A8000000000000000000000000000000000081
:10C7B8000000000000000000000000000000000071
:10C7C8000000000000000000000000000000000061
:10C7D8000000000000000000000000000000000051
:10C7E8000000000000000000000000000000000041
:10C7F8000000000000000000000000000000000031
:10C808000000000000000000000000000000000020
:10C818000000000000000000000000000000000010
:10C828000000000000000000000000000000000000
:10C8380000000000000000000000000000000000F0
:10C8480000000000000000000000000000000000E0
:10C8580000000000000000000000000000000000D0
:10C8680000000000000000000000000000000000C0
:10C8780000000000000000000000000000000000B0
:10C8880000000000000000000000000000000000A0
:10C898000000000000000000000000000000000090
:10C8A8000000000000000000000000000000000080
:10C8B8000000000000000000000000000000000070
:10C8C8000000000000000000000000000000000060
:10C8D8000000000000000000000000000000000050
:10C8E8000000000000000000000000000000000040
:10C8F8000000000000000000000000000000000030
:10C90800000000000000000000000000000000001F
:10C91800000000000000000000000000000000000F
:10C9280000000000000000000000000000000000FF
:10C9380000000000000000000000000000000000EF
:10C9480000000000000000000000000000000000DF
:10C9580000000000000000000000000000000000CF
:10C9680000000000000000000000000000000000BF
:10C9780000000000000000000000000000000000AF
:10C98800000000000000000000000000000000009F
:10C99800000000000000000000000000000000008F
:10C9A800000000000000000000000000000000007F
:10C9B800000000000000000000000000000000006F
:10C9C800000000000000000000000000000000005F
:10C9D800000000000000000000000000000000004F
:10C9E800000000000000000000000000000000003F
:10C9F800000000000000000000000000000000002F
:10CA0800000000000000000000000000000000001E
:10CA1800000000000000000000000000000000000E
:10CA280000000000000000000000000000000000FE
:10CA380000000000000000000000000000000000EE
:10CA480000000000000000000000000000000000DE
:10CA580000000000000000000000000000000000CE
:10CA680000000000000000000000000000000000BE
:10CA780000000000000000000000000000000000AE
:10CA8800000000000000000000000000000000009E
:10CA9800000000000000000000000000000000008E
:10CAA800000000000000000000000000000000007E
:10CAB800000000000000000000000000000000006E
:10CAC800000000000000000000000000000000005E
:10CAD800000000000000000000000000000000004E
:10CAE800000000000000000000000000000000003E
:10CAF800000000000000000000000000000000002E
:10CB0800000000000000000000000000000000001D
:10CB1800000000000000000000000000000000000D
:10CB280000000000000000000000000000000000FD
:10CB380000000000000000000000000000000000ED
:10CB480000000000000000000000000000000000DD
:10CB580000000000000000000000000000000000CD
:10CB680000000000000000000000000000000000BD
:10CB780000000000000000000000000000000000AD
:10CB8800000000000000000000000000000000009D
:10CB9800000000000000000000000000000000008D
:10CBA800000000000000000000000000000000007D
:10CBB800000000000000000000000000000000006D
:10CBC800000000000000000000000000000000005D
:10CBD800000000000000000000000000000000004D
:10CBE800000000000000000000000000000000003D
:10CBF800000000000000000000000000000000002D
:10CC0800000000000000000000000000000000001C
:10CC1800000000000000000000000000000000000C
:10CC280000000000000000000000000000000000FC
:10CC380000000000000000000000000000000000EC
:10CC480000000000000000000000000000000000DC
:10CC580000000000000000000000000000000000CC
:10CC680000000000000000000000000000000000BC
:10CC780000000000000000000000000000000000AC
:10CC8800000000000000000000000000000000009C
:10CC9800000000000000000000000000000000008C
:10CCA800000000000000000000000000000000007C
:10CCB800000000000000000000000000000000006C
:10CCC800000000000000000000000000000000005C
:10CCD800000000000000000000000000000000004C
:10CCE800000000000000000000000000000000003C
:10CCF800000000000000000000000000000000002C
:10CD0800000000000000000000000000000000001B
:10CD1800000000000000000000000000000000000B
:10CD280000000000000000000000000000000000FB
:10CD380000000000000000000000000000000000EB
:10CD480000000000000000000000000000000000DB
:10CD580000000000000000000000000000000000CB
:10CD680000000000000000000000000000000000BB
:10CD780000000000000000000000000000000000AB
:10CD8800000000000000000000000000000000009B
:10CD9800000000000000000000000000000000008B
:10CDA800000000000000000000000000000000007B
:10CDB800000000000000000000000000000000006B
:10CDC800000000000000000000000000000000005B
:10CDD800000000000000000000000000000000004B
:10CDE800000000000000000000000000000000003B
:10CDF800000000000000000000000000000000002B
:10CE0800000000000000000000000000000000001A
:10CE1800000000000000000000000000000000000A
:10CE280000000000000000000000000000000000FA
:10CE380000000000000000000000000000000000EA
:10CE480000000000000000000000000000000000DA
:10CE580000000000000000000000000000000000CA
:10CE680000000000000000000000000000000000BA
:10CE780000000000000000000000000000000000AA
:10CE8800000000000000000000000000000000009A
:10CE9800000000000000000000000000000000008A
:10CEA800000000000000000000000000000000007A
:10CEB800000000000000000000000000000000006A
:10CEC800000000000000000000000000000000005A
:10CED800000000000000000000000000000000004A
:10CEE800000000000000000000000000000000003A
:10CEF800000000000000000000000000000000002A
:10CF08000000000000000000000000000000000019
:10CF18000000000000000000000000000000000009
:10CF280000000000000000000000000000000000F9
:10CF380000000000000000000000000000000000E9
:10CF480000000000000000000000000000000000D9
:10CF580000000000000000000000000000000000C9
:10CF680000000000000000000000000000000000B9
:10CF780000000000000000000000000000000000A9
:10CF88000000000000000000000000000000000099
:10CF98000000000000000000000000000000000089
:10CFA8000000000000000000000000000000000079
:10CFB8000000000000000000000000000000000069
:10CFC8000000000000000000000000000000000059
:10CFD8000000000000000000000000000000000049
:10CFE8000000000000000000000000000000000039
:10CFF8000000000000000000000000000000000029
:10D008000000000000000000000000000000000018
:10D018000000000000000000000000000000000008
:10D0280000000000000000000000000000000000F8
:10D0380000000000000000000000000000000000E8
:10D0480000000000000000000000000000000000D8
:10D0580000000000000000000000000000000000C8
:10D0680000000000000000000000000000000000B8
:10D0780000000000000000000000000000000000A8
:10D088000000000000000000000000000000000098
:10D098000000000000000000000000000000000088
:10D0A8000000000000000000000000000000000078
:10D0B8000000000000000000000000000000000068
:10D0C8000000000000000000000000000000000058
:10D0D8000000000000000000000000000000000048
:10D0E8000000000000000000000000000000000038
:10D0F8000000000000000000000000000000000028
:10D108000000000000000000000000000000000017
:10D118000000000000000000000000000000000007
:10D1280000000000000000000000000000000000F7
:10D1380000000000000000000000000000000000E7
:10D1480000000000000000000000000000000000D7
:10D1580000000000000000000000000000000000C7
:10D1680000000000000000000000000000000000B7
:10D1780000000000000000000000000000000000A7
:10D188000000000000000000000000000000000097
:10D198000000000000000000000000000000000087
:10D1A8000000000000000000000000000000000077
:10D1B8000000000000000000000000000000000067
:10D1C8000000000000000000000000000000000057
:10D1D8000000000000000000000000000000000047
:10D1E8000000000000000000000000000000000037
:10D1F8000000000000000000000000000000000027
:10D208000000000000000000000000000000000016
:10D218000000000000000000000000000000000006
:10D2280000000000000000000000000000000000F6
:10D2380000000000000000000000000000000000E6
:10D2480000000000000000000000000000000000D6
:10D2580000000000000000000000000000000000C6
:10D2680000000000000000000000000000000000B6
:10D2780000000000000000000000000000000000A6
:10D288000000000000000000000000000000000096
:10D298000000000000000000000000000000000086
:10D2A8000000000000000000000000000000000076
:10D2B8000000000000000000000000000000000066
:10D2C8000000000000000000000000000000000056
:10D2D8000000000000000000000000000000000046
:10D2E8000000000000000000000000000000000036
:10D2F8000000000000000000000000000000000026
:10D308000000000000000000000000000000000015
:10D318000000000000000000000000000000000005
:10D3280000000000000000000000000000000000F5
:10D3380000000000000000000000000000000000E5
:10D3480000000000000000000000000000000000D5
:10D3580000000000000000000000000000000000C5
:10D3680000000000000000000000000000000000B5
:10D3780000000000000000000000000000000000A5
:10D388000000000000000000000000000000000095
:10D398000000000000000000000000000000000085
:10D3A8000000000000000000000000000000000075
:10D3B8000000000000000000000000000000000065
:10D3C8000000000000000000000000000000000055
:10D3D8000000000000000000000000000000000045
:10D3E8000000000000000000000000000000000035
:10D3F8000000000000000000000000000000000025
:10D408000000000000000000000000000000000014
:10D418000000000000000000000000000000000004
:10D4280000000000000000000000000000000000F4
:10D4380000000000000000000000000000000000E4
:10D4480000000000000000000000000000000000D4
:10D4580000000000000000000000000000000000C4
:10D4680000000000000000000000000000000000B4
:10D4780000000000000000000000000000000000A4
:10D488000000000000000000000000000000000094
:10D498000000000000000000000000000000000084
:10D4A8000000000000000000000000000000000074
:10D4B8000000000000000000000000000000000064
:10D4C8000000000000000000000000000000000054
:10D4D8000000000000000000000000000000000044
:10D4E8000000000000000000000000000000000034
:10D4F8000000000000000000000000000000000024
:10D508000000000000000000000000000000000013
:10D518000000000000000000000000000000000003
:10D5280000000000000000000000000000000000F3
:10D5380000000000000000000000000000000000E3
:10D5480000000000000000000000000000000000D3
:10D5580000000000000000000000000000000000C3
:10D5680000000000000000000000000000000000B3
:10D5780000000000000000000000000000000000A3
:10D588000000000000000000000000000000000093
:10D598000000000000000000000000000000000083
:10D5A8000000000000000000000000000000000073
:10D5B8000000000000000000000000000000000063
:10D5C8000000000000000000000000000000000053
:10D5D8000000000000000000000000000000000043
:10D5E8000000000000000000000000000000000033
:10D5F8000000000000000000000000000000000023
:10D608000000000000000000000000000000000012
:10D618000000000000000000000000000000000002
:10D6280000000000000000000000000000000000F2
:10D6380000000000000000000000000000000000E2
:10D6480000000000000000000000000000000000D2
:10D6580000000000000000000000000000000000C2
:10D6680000000000000000000000000000000000B2
:10D6780000000000000000000000000000000000A2
:10D688000000000000000000000000000000000092
:10D698000000000000000000000000000000000082
:10D6A8000000000000000000000000000000000072
:10D6B8000000000000000000000000000000000062
:10D6C8000000000000000000000000000000000052
:10D6D8000000000000000000000000000000000042
:10D6E8000000000000000000000000000000000032
:10D6F8000000000000000000000000000000000022
:10D708000000000000000000000000000000000011
:10D718000000000000000000000000000000000001
:10D7280000000000000000000000000000000000F1
:10D7380000000000000000000000000000000000E1
:10D7480000000000000000000000000000000000D1
:10D7580000000000000000000000000000000000C1
:10D7680000000000000000000000000000000000B1
:10D7780000000000000000000000000000000000A1
:10D788000000000000000000000000000000000091
:10D798000000000000000000000000000000000081
:10D7A8000000000000000000000000000000000071
:10D7B8000000000000000000000000000000000061
:10D7C8000000000000000000000000000000000051
:10D7D8000000000000000000000000000000000041
:10D7E8000000000000000000000000000000000031
:10D7F8000000000000000000000000000000000021
:10D808000000000000000000000000000000000010
:10D818000000000000000000000000000000000000
:10D8280000000000000000000000000000000000F0
:10D8380000000000000000000000000000000000E0
:10D8480000000000000000000000000000000000D0
:10D8580000000000000000000000000000000000C0
:10D8680000000000000000000000000000000000B0
:10D8780000000000000000000000000000000000A0
:10D888000000000000000000000000000000000090
:10D898000000000000000000000000000000000080
:10D8A8000000000000000000000000000000000070
:10D8B8000000000000000000000000000000000060
:10D8C8000000000000000000000000000000000050
:10D8D8000000000000000000000000000000000040
:10D8E8000000000000000000000000000000000030
:10D8F8000000000000000000000000000000000020
:10D90800000000000000000000000000000000000F
:10D9180000000000000000000000000000000000FF
:10D9280000000000000000000000000000000000EF
:10D9380000000000000000000000000000000000DF
:10D9480000000000000000000000000000000000CF
:10D9580000000000000000000000000000000000BF
:10D9680000000000000000000000000000000000AF
:10D97800000000000000000000000000000000009F
:10D98800000000000000000000000000000000008F
:10D99800000000000000000000000000000000007F
:10D9A800000000000000000000000000000000006F
:10D9B800000000000000000000000000000000005F
:10D9C800000000000000000000000000000000004F
:10D9D800000000000000000000000000000000003F
:10D9E800000000000000000000000000000000002F
:10D9F800000000000000000000000000000000001F
:10DA0800000000000000000000000000000000000E
:10DA180000000000000000000000000000000000FE
:10DA280000000000000000000000000000000000EE
:10DA380000000000000000000000000000000000DE
:10DA480000000000000000000000000000000000CE
:10DA580000000000000000000000000000000000BE
:10DA680000000000000000000000000000000000AE
:10DA7800000000000000000000000000000000009E
:10DA8800000000000000000000000000000000008E
:10DA9800000000000000000000000000000000007E
:10DAA800000000000000000000000000000000006E
:10DAB800000000000000000000000000000000005E
:10DAC800000000000000000000000000000000004E
:10DAD800000000000000000000000000000000003E
:10DAE800000000000000000000000000000000002E
:10DAF800000000000000000000000000000000001E
:10DB0800000000000000000000000000000000000D
:10DB180000000000000000000000000000000000FD
:10DB280000000000000000000000000000000000ED
:10DB380000000000000000000000000000000000DD
:10DB480000000000000000000000000000000000CD
:10DB580000000000000000000000000000000000BD
:10DB680000000000000000000000000000000000AD
:10DB7800000000000000000000000000000000009D
:10DB8800000000000000000000000000000000008D
:10DB9800000000000000000000000000000000007D
:10DBA800000000000000000000000000000000006D
:10DBB800000000000000000000000000000000005D
:10DBC800000000000000000000000000000000004D
:10DBD800000000000000000000000000000000003D
:10DBE800000000000000000000000000000000002D
:10DBF800000000000000000000000000000000001D
:10DC0800000000000000000000000000000000000C
:10DC180000000000000000000000000000000000FC
:10DC280000000000000000000000000000000000EC
:10DC380000000000000000000000000000000000DC
:10DC480000000000000000000000000000000000CC
:10DC580000000000000000000000000000000000BC
:10DC680000000000000000000000000000000000AC
:10DC7800000000000000000000000000000000009C
:10DC8800000000000000000000000000000000008C
:10DC9800000000000000000000000000000000007C
:10DCA800000000000000000000000000000000006C
:10DCB800000000000000000000000000000000005C
:10DCC800000000000000000000000000000000004C
:10DCD800000000000000000000000000000000003C
:10DCE800000000000000000000000000000000002C
:10DCF800000000000000000000000000000000001C
:10DD0800000000000000000000000000000000000B
:10DD180000000000000000000000000000000000FB
:10DD280000000000000000000000000000000000EB
:10DD380000000000000000000000000000000000DB
:10DD480000000000000000000000000000000000CB
:10DD580000000000000000000000000000000000BB
:10DD680000000000000000000000000000000000AB
:10DD7800000000000000000000000000000000009B
:10DD8800000000000000000000000000000000008B
:10DD9800000000000000000000000000000000007B
:10DDA800000000000000000000000000000000006B
:10DDB800000000000000000000000000000000005B
:10DDC800000000000000000000000000000000004B
:10DDD800000000000000000000000000000000003B
:10DDE800000000000000000000000000000000002B
:10DDF800000000000000000000000000000000001B
:10DE0800000000000000000000000000000000000A
:10DE180000000000000000000000000000000000FA
:10DE280000000000000000000000000000000000EA
:10DE380000000000000000000000000000000000DA
:10DE480000000000000000000000000000000000CA
:10DE580000000000000000000000000000000000BA
:10DE680000000000000000000000000000000000AA
:10DE7800000000000000000000000000000000009A
:10DE8800000000000000000000000000000000008A
:10DE9800000000000000000000000000000000007A
:10DEA800000000000000000000000000000000006A
:10DEB800000000000000000000000000000000005A
:10DEC800000000000000000000000000000000004A
:10DED800000000000000000000000000000000003A
:10DEE800000000000000000000000000000000002A
:10DEF800000000000000000000000000000000001A
:10DF08000000000000000000000000000000000009
:10DF180000000000000000000000000000000000F9
:10DF280000000000000000000000000000000000E9
:10DF380000000000000000000000000000000000D9
:10DF480000000000000000000000000000000000C9
:10DF580000000000000000000000000000000000B9
:10DF680000000000000000000000000000000000A9
:10DF78000000000000000000000000000000000099
:10DF88000000000000000000000000000000000089
:10DF98000000000000000000000000000000000079
:10DFA8000000000000000000000000000000000069
:10DFB8000000000000000000000000000000000059
:10DFC8000000000000000000000000000000000049
:10DFD8000000000000000000000000000000000039
:10DFE8000000000000000000000000000000000029
:10DFF8000000000000000000000000000000000019
:10E008000000000000000000000000000000000008
:10E0180000000000000000000000000000000000F8
:10E0280000000000000000000000000000000000E8
:10E0380000000000000000000000000000000000D8
:10E0480000000000000000000000000000000000C8
:10E0580000000000000000000000000000000000B8
:10E0680000000000000000000000000000000000A8
:10E078000000000000000000000000000000000098
:10E088000000000000000000000000000000000088
:10E098000000000000000000000000000000000078
:10E0A8000000000000000000000000000000000068
:10E0B8000000000000000000000000000000000058
:10E0C8000000000000000000000000000000000048
:10E0D8000000000000000000000000000000000038
:10E0E8000000000000000000000000000000000028
:10E0F8000000000000000000000000000000000018
:10E108000000000000000000000000000000000007
:10E1180000000000000000000000000000000000F7
:10E1280000000000000000000000000000000000E7
:10E1380000000000000000000000000000000000D7
:10E1480000000000000000000000000000000000C7
:10E1580000000000000000000000000000000000B7
:10E1680000000000000000000000000000000000A7
:10E178000000000000000000000000000000000097
:10E188000000000000000000000000000000000087
:10E198000000000000000000000000000000000077
:10E1A8000000000000000000000000000000000067
:10E1B8000000000000000000000000000000000057
:10E1C8000000000000000000000000000000000047
:10E1D8000000000000000000000000000000000037
:10E1E8000000000000000000000000000000000027
:10E1F8000000000000000000000000000000000017
:10E208000000000000000000000000000000000006
:10E2180000000000000000000000000000000000F6
:10E2280000000000000000000000000000000000E6
:10E2380000000000000000000000000000000000D6
:10E2480000000000000000000000000000000000C6
:10E2580000000000000000000000000000000000B6
:10E2680000000000000000000000000000000000A6
:10E278000000000000000000000000000000000096
:10E288000000000000000000000000000000000086
:10E298000000000000000000000000000000000076
:10E2A8000000000000000000000000000000000066
:10E2B8000000000000000000000000000000000056
:10E2C8000000000000000000000000000000000046
:10E2D8000000000000000000000000000000000036
:10E2E8000000000000000000000000000000000026
:10E2F8000000000000000000000000000000000016
:10E308000000000000000000000000000000000005
:10E3180000000000000000000000000000000000F5
:10E3280000000000000000000000000000000000E5
:10E3380000000000000000000000000000000000D5
:10E3480000000000000000000000000000000000C5
:10E3580000000000000000000000000000000000B5
:10E3680000000000000000000000000000000000A5
:10E378000000000000000000000000000000000095
:10E388000000000000000000000000000000000085
:10E398000000000000000000000000000000000075
:10E3A8000000000000000000000000000000000065
:10E3B8000000000000000000000000000000000055
:10E3C8000000000000000000000000000000000045
:10E3D8000000000000000000000000000000000035
:10E3E8000000000000000000000000000000000025
:10E3F8000000000000000000000000000000000015
:10E408000000000000000000000000000000000004
:10E4180000000000000000000000000000000000F4
:10E4280000000000000000000000000000000000E4
:040000050801A9E560
:00000001FF
